  WARNING: Previously-downloaded file /data/data/com.termux/files/home/python_wheels_for_termux/wheels/gevent_websocket-0.10.1-py3-none-any.whl has bad hash. Re-downloading.
  WARNING: Previously-downloaded file /data/data/com.termux/files/home/python_wheels_for_termux/wheels/zope_event-6.2-py3-none-any.whl has bad hash. Re-downloading.
  error: subprocess-exited-with-error
  
  × Building wheel for gevent (pyproject.toml) did not run successfully.
  │ exit code: 1
  ╰─> [1084 lines of output]
      running bdist_wheel
      running build
      running build_py
      creating build/lib.android-24-arm64_v8a-cpython-313/gevent
      copying src/gevent/__init__.py -> build/lib.android-24-arm64_v8a-cpython-313/gevent
      copying src/gevent/_abstract_linkable.py -> build/lib.android-24-arm64_v8a-cpython-313/gevent
      copying src/gevent/_compat.py -> build/lib.android-24-arm64_v8a-cpython-313/gevent
      copying src/gevent/_config.py -> build/lib.android-24-arm64_v8a-cpython-313/gevent
      copying src/gevent/_fileobjectcommon.py -> build/lib.android-24-arm64_v8a-cpython-313/gevent
      copying src/gevent/_fileobjectposix.py -> build/lib.android-24-arm64_v8a-cpython-313/gevent
      copying src/gevent/_greenlet_primitives.py -> build/lib.android-24-arm64_v8a-cpython-313/gevent
      copying src/gevent/_hub_local.py -> build/lib.android-24-arm64_v8a-cpython-313/gevent
      copying src/gevent/_hub_primitives.py -> build/lib.android-24-arm64_v8a-cpython-313/gevent
      copying src/gevent/_ident.py -> build/lib.android-24-arm64_v8a-cpython-313/gevent
      copying src/gevent/_imap.py -> build/lib.android-24-arm64_v8a-cpython-313/gevent
      copying src/gevent/_interfaces.py -> build/lib.android-24-arm64_v8a-cpython-313/gevent
      copying src/gevent/_monitor.py -> build/lib.android-24-arm64_v8a-cpython-313/gevent
      copying src/gevent/_patcher.py -> build/lib.android-24-arm64_v8a-cpython-313/gevent
      copying src/gevent/_semaphore.py -> build/lib.android-24-arm64_v8a-cpython-313/gevent
      copying src/gevent/_socket3.py -> build/lib.android-24-arm64_v8a-cpython-313/gevent
      copying src/gevent/_socketcommon.py -> build/lib.android-24-arm64_v8a-cpython-313/gevent
      copying src/gevent/_tblib.py -> build/lib.android-24-arm64_v8a-cpython-313/gevent
      copying src/gevent/_threading.py -> build/lib.android-24-arm64_v8a-cpython-313/gevent
      copying src/gevent/_tracer.py -> build/lib.android-24-arm64_v8a-cpython-313/gevent
      copying src/gevent/_util.py -> build/lib.android-24-arm64_v8a-cpython-313/gevent
      copying src/gevent/_waiter.py -> build/lib.android-24-arm64_v8a-cpython-313/gevent
      copying src/gevent/ares.py -> build/lib.android-24-arm64_v8a-cpython-313/gevent
      copying src/gevent/backdoor.py -> build/lib.android-24-arm64_v8a-cpython-313/gevent
      copying src/gevent/baseserver.py -> build/lib.android-24-arm64_v8a-cpython-313/gevent
      copying src/gevent/builtins.py -> build/lib.android-24-arm64_v8a-cpython-313/gevent
      copying src/gevent/contextvars.py -> build/lib.android-24-arm64_v8a-cpython-313/gevent
      copying src/gevent/core.py -> build/lib.android-24-arm64_v8a-cpython-313/gevent
      copying src/gevent/event.py -> build/lib.android-24-arm64_v8a-cpython-313/gevent
      copying src/gevent/events.py -> build/lib.android-24-arm64_v8a-cpython-313/gevent
      copying src/gevent/exceptions.py -> build/lib.android-24-arm64_v8a-cpython-313/gevent
      copying src/gevent/fileobject.py -> build/lib.android-24-arm64_v8a-cpython-313/gevent
      copying src/gevent/greenlet.py -> build/lib.android-24-arm64_v8a-cpython-313/gevent
      copying src/gevent/hub.py -> build/lib.android-24-arm64_v8a-cpython-313/gevent
      copying src/gevent/local.py -> build/lib.android-24-arm64_v8a-cpython-313/gevent
      copying src/gevent/lock.py -> build/lib.android-24-arm64_v8a-cpython-313/gevent
      copying src/gevent/os.py -> build/lib.android-24-arm64_v8a-cpython-313/gevent
      copying src/gevent/pool.py -> build/lib.android-24-arm64_v8a-cpython-313/gevent
      copying src/gevent/pywsgi.py -> build/lib.android-24-arm64_v8a-cpython-313/gevent
      copying src/gevent/queue.py -> build/lib.android-24-arm64_v8a-cpython-313/gevent
      copying src/gevent/resolver_ares.py -> build/lib.android-24-arm64_v8a-cpython-313/gevent
      copying src/gevent/resolver_thread.py -> build/lib.android-24-arm64_v8a-cpython-313/gevent
      copying src/gevent/select.py -> build/lib.android-24-arm64_v8a-cpython-313/gevent
      copying src/gevent/selectors.py -> build/lib.android-24-arm64_v8a-cpython-313/gevent
      copying src/gevent/server.py -> build/lib.android-24-arm64_v8a-cpython-313/gevent
      copying src/gevent/signal.py -> build/lib.android-24-arm64_v8a-cpython-313/gevent
      copying src/gevent/socket.py -> build/lib.android-24-arm64_v8a-cpython-313/gevent
      copying src/gevent/ssl.py -> build/lib.android-24-arm64_v8a-cpython-313/gevent
      copying src/gevent/subprocess.py -> build/lib.android-24-arm64_v8a-cpython-313/gevent
      copying src/gevent/thread.py -> build/lib.android-24-arm64_v8a-cpython-313/gevent
      copying src/gevent/threading.py -> build/lib.android-24-arm64_v8a-cpython-313/gevent
      copying src/gevent/threadpool.py -> build/lib.android-24-arm64_v8a-cpython-313/gevent
      copying src/gevent/time.py -> build/lib.android-24-arm64_v8a-cpython-313/gevent
      copying src/gevent/timeout.py -> build/lib.android-24-arm64_v8a-cpython-313/gevent
      copying src/gevent/util.py -> build/lib.android-24-arm64_v8a-cpython-313/gevent
      copying src/gevent/win32util.py -> build/lib.android-24-arm64_v8a-cpython-313/gevent
      creating build/lib.android-24-arm64_v8a-cpython-313/gevent/_ffi
      copying src/gevent/_ffi/__init__.py -> build/lib.android-24-arm64_v8a-cpython-313/gevent/_ffi
      copying src/gevent/_ffi/callback.py -> build/lib.android-24-arm64_v8a-cpython-313/gevent/_ffi
      copying src/gevent/_ffi/loop.py -> build/lib.android-24-arm64_v8a-cpython-313/gevent/_ffi
      copying src/gevent/_ffi/watcher.py -> build/lib.android-24-arm64_v8a-cpython-313/gevent/_ffi
      creating build/lib.android-24-arm64_v8a-cpython-313/gevent/libev
      copying src/gevent/libev/__init__.py -> build/lib.android-24-arm64_v8a-cpython-313/gevent/libev
      copying src/gevent/libev/_corecffi_build.py -> build/lib.android-24-arm64_v8a-cpython-313/gevent/libev
      copying src/gevent/libev/corecffi.py -> build/lib.android-24-arm64_v8a-cpython-313/gevent/libev
      copying src/gevent/libev/watcher.py -> build/lib.android-24-arm64_v8a-cpython-313/gevent/libev
      creating build/lib.android-24-arm64_v8a-cpython-313/gevent/libuv
      copying src/gevent/libuv/__init__.py -> build/lib.android-24-arm64_v8a-cpython-313/gevent/libuv
      copying src/gevent/libuv/_corecffi_build.py -> build/lib.android-24-arm64_v8a-cpython-313/gevent/libuv
      copying src/gevent/libuv/loop.py -> build/lib.android-24-arm64_v8a-cpython-313/gevent/libuv
      copying src/gevent/libuv/watcher.py -> build/lib.android-24-arm64_v8a-cpython-313/gevent/libuv
      creating build/lib.android-24-arm64_v8a-cpython-313/gevent/monkey
      copying src/gevent/monkey/__init__.py -> build/lib.android-24-arm64_v8a-cpython-313/gevent/monkey
      copying src/gevent/monkey/__main__.py -> build/lib.android-24-arm64_v8a-cpython-313/gevent/monkey
      copying src/gevent/monkey/_errors.py -> build/lib.android-24-arm64_v8a-cpython-313/gevent/monkey
      copying src/gevent/monkey/_main.py -> build/lib.android-24-arm64_v8a-cpython-313/gevent/monkey
      copying src/gevent/monkey/_patch_thread_common.py -> build/lib.android-24-arm64_v8a-cpython-313/gevent/monkey
      copying src/gevent/monkey/_patch_thread_gte313.py -> build/lib.android-24-arm64_v8a-cpython-313/gevent/monkey
      copying src/gevent/monkey/_patch_thread_lt313.py -> build/lib.android-24-arm64_v8a-cpython-313/gevent/monkey
      copying src/gevent/monkey/_state.py -> build/lib.android-24-arm64_v8a-cpython-313/gevent/monkey
      copying src/gevent/monkey/_util.py -> build/lib.android-24-arm64_v8a-cpython-313/gevent/monkey
      copying src/gevent/monkey/api.py -> build/lib.android-24-arm64_v8a-cpython-313/gevent/monkey
      creating build/lib.android-24-arm64_v8a-cpython-313/gevent/resolver
      copying src/gevent/resolver/__init__.py -> build/lib.android-24-arm64_v8a-cpython-313/gevent/resolver
      copying src/gevent/resolver/_addresses.py -> build/lib.android-24-arm64_v8a-cpython-313/gevent/resolver
      copying src/gevent/resolver/_hostsfile.py -> build/lib.android-24-arm64_v8a-cpython-313/gevent/resolver
      copying src/gevent/resolver/ares.py -> build/lib.android-24-arm64_v8a-cpython-313/gevent/resolver
      copying src/gevent/resolver/blocking.py -> build/lib.android-24-arm64_v8a-cpython-313/gevent/resolver
      copying src/gevent/resolver/dnspython.py -> build/lib.android-24-arm64_v8a-cpython-313/gevent/resolver
      copying src/gevent/resolver/thread.py -> build/lib.android-24-arm64_v8a-cpython-313/gevent/resolver
      creating build/lib.android-24-arm64_v8a-cpython-313/gevent/testing
      copying src/gevent/testing/__init__.py -> build/lib.android-24-arm64_v8a-cpython-313/gevent/testing
      copying src/gevent/testing/errorhandler.py -> build/lib.android-24-arm64_v8a-cpython-313/gevent/testing
      copying src/gevent/testing/exception.py -> build/lib.android-24-arm64_v8a-cpython-313/gevent/testing
      copying src/gevent/testing/flaky.py -> build/lib.android-24-arm64_v8a-cpython-313/gevent/testing
      copying src/gevent/testing/hub.py -> build/lib.android-24-arm64_v8a-cpython-313/gevent/testing
      copying src/gevent/testing/leakcheck.py -> build/lib.android-24-arm64_v8a-cpython-313/gevent/testing
      copying src/gevent/testing/modules.py -> build/lib.android-24-arm64_v8a-cpython-313/gevent/testing
      copying src/gevent/testing/monkey_test.py -> build/lib.android-24-arm64_v8a-cpython-313/gevent/testing
      copying src/gevent/testing/openfiles.py -> build/lib.android-24-arm64_v8a-cpython-313/gevent/testing
      copying src/gevent/testing/params.py -> build/lib.android-24-arm64_v8a-cpython-313/gevent/testing
      copying src/gevent/testing/patched_tests_setup.py -> build/lib.android-24-arm64_v8a-cpython-313/gevent/testing
      copying src/gevent/testing/resources.py -> build/lib.android-24-arm64_v8a-cpython-313/gevent/testing
      copying src/gevent/testing/six.py -> build/lib.android-24-arm64_v8a-cpython-313/gevent/testing
      copying src/gevent/testing/skipping.py -> build/lib.android-24-arm64_v8a-cpython-313/gevent/testing
      copying src/gevent/testing/sockets.py -> build/lib.android-24-arm64_v8a-cpython-313/gevent/testing
      copying src/gevent/testing/support.py -> build/lib.android-24-arm64_v8a-cpython-313/gevent/testing
      copying src/gevent/testing/switching.py -> build/lib.android-24-arm64_v8a-cpython-313/gevent/testing
      copying src/gevent/testing/sysinfo.py -> build/lib.android-24-arm64_v8a-cpython-313/gevent/testing
      copying src/gevent/testing/testcase.py -> build/lib.android-24-arm64_v8a-cpython-313/gevent/testing
      copying src/gevent/testing/testrunner.py -> build/lib.android-24-arm64_v8a-cpython-313/gevent/testing
      copying src/gevent/testing/timing.py -> build/lib.android-24-arm64_v8a-cpython-313/gevent/testing
      copying src/gevent/testing/travis.py -> build/lib.android-24-arm64_v8a-cpython-313/gevent/testing
      copying src/gevent/testing/util.py -> build/lib.android-24-arm64_v8a-cpython-313/gevent/testing
      creating build/lib.android-24-arm64_v8a-cpython-313/gevent/tests
      copying src/gevent/tests/__init__.py -> build/lib.android-24-arm64_v8a-cpython-313/gevent/tests
      copying src/gevent/tests/__main__.py -> build/lib.android-24-arm64_v8a-cpython-313/gevent/tests
      copying src/gevent/tests/_blocks_at_top_level.py -> build/lib.android-24-arm64_v8a-cpython-313/gevent/tests
      copying src/gevent/tests/_import_import_patch.py -> build/lib.android-24-arm64_v8a-cpython-313/gevent/tests
      copying src/gevent/tests/_import_patch.py -> build/lib.android-24-arm64_v8a-cpython-313/gevent/tests
      copying src/gevent/tests/_import_wait.py -> build/lib.android-24-arm64_v8a-cpython-313/gevent/tests
      copying src/gevent/tests/_imports_at_top_level.py -> build/lib.android-24-arm64_v8a-cpython-313/gevent/tests
      copying src/gevent/tests/_imports_imports_at_top_level.py -> build/lib.android-24-arm64_v8a-cpython-313/gevent/tests
      copying src/gevent/tests/getaddrinfo_module.py -> build/lib.android-24-arm64_v8a-cpython-313/gevent/tests
      copying src/gevent/tests/known_failures.py -> build/lib.android-24-arm64_v8a-cpython-313/gevent/tests
      copying src/gevent/tests/lock_tests.py -> build/lib.android-24-arm64_v8a-cpython-313/gevent/tests
      copying src/gevent/tests/test__GreenletExit.py -> build/lib.android-24-arm64_v8a-cpython-313/gevent/tests
      copying src/gevent/tests/test___config.py -> build/lib.android-24-arm64_v8a-cpython-313/gevent/tests
      copying src/gevent/tests/test___ident.py -> build/lib.android-24-arm64_v8a-cpython-313/gevent/tests
      copying src/gevent/tests/test___monitor.py -> build/lib.android-24-arm64_v8a-cpython-313/gevent/tests
      copying src/gevent/tests/test___monkey_patching.py -> build/lib.android-24-arm64_v8a-cpython-313/gevent/tests
      copying src/gevent/tests/test__all__.py -> build/lib.android-24-arm64_v8a-cpython-313/gevent/tests
      copying src/gevent/tests/test__api.py -> build/lib.android-24-arm64_v8a-cpython-313/gevent/tests
      copying src/gevent/tests/test__api_timeout.py -> build/lib.android-24-arm64_v8a-cpython-313/gevent/tests
      copying src/gevent/tests/test__ares_host_result.py -> build/lib.android-24-arm64_v8a-cpython-313/gevent/tests
      copying src/gevent/tests/test__ares_timeout.py -> build/lib.android-24-arm64_v8a-cpython-313/gevent/tests
      copying src/gevent/tests/test__backdoor.py -> build/lib.android-24-arm64_v8a-cpython-313/gevent/tests
      copying src/gevent/tests/test__close_backend_fd.py -> build/lib.android-24-arm64_v8a-cpython-313/gevent/tests
      copying src/gevent/tests/test__compat.py -> build/lib.android-24-arm64_v8a-cpython-313/gevent/tests
      copying src/gevent/tests/test__contextvars.py -> build/lib.android-24-arm64_v8a-cpython-313/gevent/tests
      copying src/gevent/tests/test__core.py -> build/lib.android-24-arm64_v8a-cpython-313/gevent/tests
      copying src/gevent/tests/test__core_async.py -> build/lib.android-24-arm64_v8a-cpython-313/gevent/tests
      copying src/gevent/tests/test__core_callback.py -> build/lib.android-24-arm64_v8a-cpython-313/gevent/tests
      copying src/gevent/tests/test__core_fork.py -> build/lib.android-24-arm64_v8a-cpython-313/gevent/tests
      copying src/gevent/tests/test__core_loop_run.py -> build/lib.android-24-arm64_v8a-cpython-313/gevent/tests
      copying src/gevent/tests/test__core_stat.py -> build/lib.android-24-arm64_v8a-cpython-313/gevent/tests
      copying src/gevent/tests/test__core_timer.py -> build/lib.android-24-arm64_v8a-cpython-313/gevent/tests
      copying src/gevent/tests/test__core_watcher.py -> build/lib.android-24-arm64_v8a-cpython-313/gevent/tests
      copying src/gevent/tests/test__destroy.py -> build/lib.android-24-arm64_v8a-cpython-313/gevent/tests
      copying src/gevent/tests/test__destroy_default_loop.py -> build/lib.android-24-arm64_v8a-cpython-313/gevent/tests
      copying src/gevent/tests/test__doctests.py -> build/lib.android-24-arm64_v8a-cpython-313/gevent/tests
      copying src/gevent/tests/test__environ.py -> build/lib.android-24-arm64_v8a-cpython-313/gevent/tests
      copying src/gevent/tests/test__event.py -> build/lib.android-24-arm64_v8a-cpython-313/gevent/tests
      copying src/gevent/tests/test__events.py -> build/lib.android-24-arm64_v8a-cpython-313/gevent/tests
      copying src/gevent/tests/test__example_echoserver.py -> build/lib.android-24-arm64_v8a-cpython-313/gevent/tests
      copying src/gevent/tests/test__example_portforwarder.py -> build/lib.android-24-arm64_v8a-cpython-313/gevent/tests
      copying src/gevent/tests/test__example_udp_client.py -> build/lib.android-24-arm64_v8a-cpython-313/gevent/tests
      copying src/gevent/tests/test__example_udp_server.py -> build/lib.android-24-arm64_v8a-cpython-313/gevent/tests
      copying src/gevent/tests/test__example_webproxy.py -> build/lib.android-24-arm64_v8a-cpython-313/gevent/tests
      copying src/gevent/tests/test__example_wsgiserver.py -> build/lib.android-24-arm64_v8a-cpython-313/gevent/tests
      copying src/gevent/tests/test__example_wsgiserver_ssl.py -> build/lib.android-24-arm64_v8a-cpython-313/gevent/tests
      copying src/gevent/tests/test__examples.py -> build/lib.android-24-arm64_v8a-cpython-313/gevent/tests
      copying src/gevent/tests/test__exc_info.py -> build/lib.android-24-arm64_v8a-cpython-313/gevent/tests
      copying src/gevent/tests/test__execmodules.py -> build/lib.android-24-arm64_v8a-cpython-313/gevent/tests
      copying src/gevent/tests/test__fileobject.py -> build/lib.android-24-arm64_v8a-cpython-313/gevent/tests
      copying src/gevent/tests/test__getaddrinfo_import.py -> build/lib.android-24-arm64_v8a-cpython-313/gevent/tests
      copying src/gevent/tests/test__greenio.py -> build/lib.android-24-arm64_v8a-cpython-313/gevent/tests
      copying src/gevent/tests/test__greenlet.py -> build/lib.android-24-arm64_v8a-cpython-313/gevent/tests
      copying src/gevent/tests/test__greenletset.py -> build/lib.android-24-arm64_v8a-cpython-313/gevent/tests
      copying src/gevent/tests/test__greenness.py -> build/lib.android-24-arm64_v8a-cpython-313/gevent/tests
      copying src/gevent/tests/test__hub.py -> build/lib.android-24-arm64_v8a-cpython-313/gevent/tests
      copying src/gevent/tests/test__hub_join.py -> build/lib.android-24-arm64_v8a-cpython-313/gevent/tests
      copying src/gevent/tests/test__hub_join_timeout.py -> build/lib.android-24-arm64_v8a-cpython-313/gevent/tests
      copying src/gevent/tests/test__import_blocking_in_greenlet.py -> build/lib.android-24-arm64_v8a-cpython-313/gevent/tests
      copying src/gevent/tests/test__import_wait.py -> build/lib.android-24-arm64_v8a-cpython-313/gevent/tests
      copying src/gevent/tests/test__issue112.py -> build/lib.android-24-arm64_v8a-cpython-313/gevent/tests
      copying src/gevent/tests/test__issue1686.py -> build/lib.android-24-arm64_v8a-cpython-313/gevent/tests
      copying src/gevent/tests/test__issue1864.py -> build/lib.android-24-arm64_v8a-cpython-313/gevent/tests
      copying src/gevent/tests/test__issue230.py -> build/lib.android-24-arm64_v8a-cpython-313/gevent/tests
      copying src/gevent/tests/test__issue330.py -> build/lib.android-24-arm64_v8a-cpython-313/gevent/tests
      copying src/gevent/tests/test__issue467.py -> build/lib.android-24-arm64_v8a-cpython-313/gevent/tests
      copying src/gevent/tests/test__issue6.py -> build/lib.android-24-arm64_v8a-cpython-313/gevent/tests
      copying src/gevent/tests/test__issue600.py -> build/lib.android-24-arm64_v8a-cpython-313/gevent/tests
      copying src/gevent/tests/test__issue607.py -> build/lib.android-24-arm64_v8a-cpython-313/gevent/tests
      copying src/gevent/tests/test__issue639.py -> build/lib.android-24-arm64_v8a-cpython-313/gevent/tests
      copying src/gevent/tests/test__issue_728.py -> build/lib.android-24-arm64_v8a-cpython-313/gevent/tests
      copying src/gevent/tests/test__issues461_471.py -> build/lib.android-24-arm64_v8a-cpython-313/gevent/tests
      copying src/gevent/tests/test__iwait.py -> build/lib.android-24-arm64_v8a-cpython-313/gevent/tests
      copying src/gevent/tests/test__joinall.py -> build/lib.android-24-arm64_v8a-cpython-313/gevent/tests
      copying src/gevent/tests/test__local.py -> build/lib.android-24-arm64_v8a-cpython-313/gevent/tests
      copying src/gevent/tests/test__lock.py -> build/lib.android-24-arm64_v8a-cpython-313/gevent/tests
      copying src/gevent/tests/test__loop_callback.py -> build/lib.android-24-arm64_v8a-cpython-313/gevent/tests
      copying src/gevent/tests/test__makefile_ref.py -> build/lib.android-24-arm64_v8a-cpython-313/gevent/tests
      copying src/gevent/tests/test__memleak.py -> build/lib.android-24-arm64_v8a-cpython-313/gevent/tests
      copying src/gevent/tests/test__monkey.py -> build/lib.android-24-arm64_v8a-cpython-313/gevent/tests
      copying src/gevent/tests/test__monkey_builtins_future.py -> build/lib.android-24-arm64_v8a-cpython-313/gevent/tests
      copying src/gevent/tests/test__monkey_hub_in_thread.py -> build/lib.android-24-arm64_v8a-cpython-313/gevent/tests
      copying src/gevent/tests/test__monkey_logging.py -> build/lib.android-24-arm64_v8a-cpython-313/gevent/tests
      copying src/gevent/tests/test__monkey_module_run.py -> build/lib.android-24-arm64_v8a-cpython-313/gevent/tests
      copying src/gevent/tests/test__monkey_multiple_imports.py -> build/lib.android-24-arm64_v8a-cpython-313/gevent/tests
      copying src/gevent/tests/test__monkey_queue.py -> build/lib.android-24-arm64_v8a-cpython-313/gevent/tests
      copying src/gevent/tests/test__monkey_select.py -> build/lib.android-24-arm64_v8a-cpython-313/gevent/tests
      copying src/gevent/tests/test__monkey_selectors.py -> build/lib.android-24-arm64_v8a-cpython-313/gevent/tests
      copying src/gevent/tests/test__monkey_sigchld.py -> build/lib.android-24-arm64_v8a-cpython-313/gevent/tests
      copying src/gevent/tests/test__monkey_sigchld_2.py -> build/lib.android-24-arm64_v8a-cpython-313/gevent/tests
      copying src/gevent/tests/test__monkey_sigchld_3.py -> build/lib.android-24-arm64_v8a-cpython-313/gevent/tests
      copying src/gevent/tests/test__monkey_sigchld_wakeup_fd.py -> build/lib.android-24-arm64_v8a-cpython-313/gevent/tests
      copying src/gevent/tests/test__monkey_ssl_warning.py -> build/lib.android-24-arm64_v8a-cpython-313/gevent/tests
      copying src/gevent/tests/test__monkey_ssl_warning2.py -> build/lib.android-24-arm64_v8a-cpython-313/gevent/tests
      copying src/gevent/tests/test__monkey_ssl_warning3.py -> build/lib.android-24-arm64_v8a-cpython-313/gevent/tests
      copying src/gevent/tests/test__nondefaultloop.py -> build/lib.android-24-arm64_v8a-cpython-313/gevent/tests
      copying src/gevent/tests/test__order.py -> build/lib.android-24-arm64_v8a-cpython-313/gevent/tests
      copying src/gevent/tests/test__os.py -> build/lib.android-24-arm64_v8a-cpython-313/gevent/tests
      copying src/gevent/tests/test__pool.py -> build/lib.android-24-arm64_v8a-cpython-313/gevent/tests
      copying src/gevent/tests/test__pywsgi.py -> build/lib.android-24-arm64_v8a-cpython-313/gevent/tests
      copying src/gevent/tests/test__queue.py -> build/lib.android-24-arm64_v8a-cpython-313/gevent/tests
      copying src/gevent/tests/test__real_greenlet.py -> build/lib.android-24-arm64_v8a-cpython-313/gevent/tests
      copying src/gevent/tests/test__refcount.py -> build/lib.android-24-arm64_v8a-cpython-313/gevent/tests
      copying src/gevent/tests/test__refcount_core.py -> build/lib.android-24-arm64_v8a-cpython-313/gevent/tests
      copying src/gevent/tests/test__resolver_dnspython.py -> build/lib.android-24-arm64_v8a-cpython-313/gevent/tests
      copying src/gevent/tests/test__select.py -> build/lib.android-24-arm64_v8a-cpython-313/gevent/tests
      copying src/gevent/tests/test__selectors.py -> build/lib.android-24-arm64_v8a-cpython-313/gevent/tests
      copying src/gevent/tests/test__semaphore.py -> build/lib.android-24-arm64_v8a-cpython-313/gevent/tests
      copying src/gevent/tests/test__server.py -> build/lib.android-24-arm64_v8a-cpython-313/gevent/tests
      copying src/gevent/tests/test__server_pywsgi.py -> build/lib.android-24-arm64_v8a-cpython-313/gevent/tests
      copying src/gevent/tests/test__signal.py -> build/lib.android-24-arm64_v8a-cpython-313/gevent/tests
      copying src/gevent/tests/test__sleep0.py -> build/lib.android-24-arm64_v8a-cpython-313/gevent/tests
      copying src/gevent/tests/test__socket.py -> build/lib.android-24-arm64_v8a-cpython-313/gevent/tests
      copying src/gevent/tests/test__socket_close.py -> build/lib.android-24-arm64_v8a-cpython-313/gevent/tests
      copying src/gevent/tests/test__socket_dns.py -> build/lib.android-24-arm64_v8a-cpython-313/gevent/tests
      copying src/gevent/tests/test__socket_dns6.py -> build/lib.android-24-arm64_v8a-cpython-313/gevent/tests
      copying src/gevent/tests/test__socket_errors.py -> build/lib.android-24-arm64_v8a-cpython-313/gevent/tests
      copying src/gevent/tests/test__socket_ex.py -> build/lib.android-24-arm64_v8a-cpython-313/gevent/tests
      copying src/gevent/tests/test__socket_send_memoryview.py -> build/lib.android-24-arm64_v8a-cpython-313/gevent/tests
      copying src/gevent/tests/test__socket_ssl.py -> build/lib.android-24-arm64_v8a-cpython-313/gevent/tests
      copying src/gevent/tests/test__socket_timeout.py -> build/lib.android-24-arm64_v8a-cpython-313/gevent/tests
      copying src/gevent/tests/test__socketpair.py -> build/lib.android-24-arm64_v8a-cpython-313/gevent/tests
      copying src/gevent/tests/test__ssl.py -> build/lib.android-24-arm64_v8a-cpython-313/gevent/tests
      copying src/gevent/tests/test__subprocess.py -> build/lib.android-24-arm64_v8a-cpython-313/gevent/tests
      copying src/gevent/tests/test__subprocess_interrupted.py -> build/lib.android-24-arm64_v8a-cpython-313/gevent/tests
      copying src/gevent/tests/test__subprocess_poll.py -> build/lib.android-24-arm64_v8a-cpython-313/gevent/tests
      copying src/gevent/tests/test__systemerror.py -> build/lib.android-24-arm64_v8a-cpython-313/gevent/tests
      copying src/gevent/tests/test__thread.py -> build/lib.android-24-arm64_v8a-cpython-313/gevent/tests
      copying src/gevent/tests/test__threading.py -> build/lib.android-24-arm64_v8a-cpython-313/gevent/tests
      copying src/gevent/tests/test__threading_2.py -> build/lib.android-24-arm64_v8a-cpython-313/gevent/tests
      copying src/gevent/tests/test__threading_before_monkey.py -> build/lib.android-24-arm64_v8a-cpython-313/gevent/tests
      copying src/gevent/tests/test__threading_fork_from_dummy.py -> build/lib.android-24-arm64_v8a-cpython-313/gevent/tests
      copying src/gevent/tests/test__threading_holding_lock_while_monkey.py -> build/lib.android-24-arm64_v8a-cpython-313/gevent/tests
      copying src/gevent/tests/test__timeout.py -> build/lib.android-24-arm64_v8a-cpython-313/gevent/tests
      copying src/gevent/tests/test__threading_monkey_in_thread.py -> build/lib.android-24-arm64_v8a-cpython-313/gevent/tests
      copying src/gevent/tests/test__threading_native_before_monkey.py -> build/lib.android-24-arm64_v8a-cpython-313/gevent/tests
      copying src/gevent/tests/test__threading_patched_local.py -> build/lib.android-24-arm64_v8a-cpython-313/gevent/tests
      copying src/gevent/tests/test__threadpool.py -> build/lib.android-24-arm64_v8a-cpython-313/gevent/tests
      copying src/gevent/tests/test__threadpool_executor_patched.py -> build/lib.android-24-arm64_v8a-cpython-313/gevent/tests
      copying src/gevent/tests/test__util.py -> build/lib.android-24-arm64_v8a-cpython-313/gevent/tests
      copying src/gevent/tests/test__threading_no_monkey.py -> build/lib.android-24-arm64_v8a-cpython-313/gevent/tests
      copying src/gevent/tests/test__threading_vs_settrace.py -> build/lib.android-24-arm64_v8a-cpython-313/gevent/tests
      creating build/lib.android-24-arm64_v8a-cpython-313/gevent/tests/monkey_package
      copying src/gevent/tests/monkey_package/__init__.py -> build/lib.android-24-arm64_v8a-cpython-313/gevent/tests/monkey_package
      copying src/gevent/tests/monkey_package/__main__.py -> build/lib.android-24-arm64_v8a-cpython-313/gevent/tests/monkey_package
      copying src/gevent/tests/monkey_package/issue1526_no_monkey.py -> build/lib.android-24-arm64_v8a-cpython-313/gevent/tests/monkey_package
      copying src/gevent/tests/monkey_package/issue1526_with_monkey.py -> build/lib.android-24-arm64_v8a-cpython-313/gevent/tests/monkey_package
      copying src/gevent/tests/monkey_package/issue302monkey.py -> build/lib.android-24-arm64_v8a-cpython-313/gevent/tests/monkey_package
      copying src/gevent/tests/monkey_package/script.py -> build/lib.android-24-arm64_v8a-cpython-313/gevent/tests/monkey_package
      copying src/gevent/tests/monkey_package/threadpool_monkey_patches.py -> build/lib.android-24-arm64_v8a-cpython-313/gevent/tests/monkey_package
      copying src/gevent/tests/monkey_package/threadpool_no_monkey.py -> build/lib.android-24-arm64_v8a-cpython-313/gevent/tests/monkey_package
      creating build/lib.android-24-arm64_v8a-cpython-313/gevent/testing/coveragesite
      copying src/gevent/testing/coveragesite/sitecustomize.py -> build/lib.android-24-arm64_v8a-cpython-313/gevent/testing/coveragesite
      copying src/gevent/tests/2_7_keycert.pem -> build/lib.android-24-arm64_v8a-cpython-313/gevent/tests
      copying src/gevent/tests/badcert.pem -> build/lib.android-24-arm64_v8a-cpython-313/gevent/tests
      copying src/gevent/tests/badkey.pem -> build/lib.android-24-arm64_v8a-cpython-313/gevent/tests
      copying src/gevent/tests/https_svn_python_org_root.pem -> build/lib.android-24-arm64_v8a-cpython-313/gevent/tests
      copying src/gevent/tests/keycert.pem -> build/lib.android-24-arm64_v8a-cpython-313/gevent/tests
      copying src/gevent/tests/nullcert.pem -> build/lib.android-24-arm64_v8a-cpython-313/gevent/tests
      copying src/gevent/tests/sha256.pem -> build/lib.android-24-arm64_v8a-cpython-313/gevent/tests
      copying src/gevent/tests/wrongcert.pem -> build/lib.android-24-arm64_v8a-cpython-313/gevent/tests
      copying src/gevent/tests/server.crt -> build/lib.android-24-arm64_v8a-cpython-313/gevent/tests
      copying src/gevent/tests/test_server.crt -> build/lib.android-24-arm64_v8a-cpython-313/gevent/tests
      copying src/gevent/tests/hosts_file.txt -> build/lib.android-24-arm64_v8a-cpython-313/gevent/tests
      copying src/gevent/tests/tests_that_dont_do_leakchecks.txt -> build/lib.android-24-arm64_v8a-cpython-313/gevent/tests
      copying src/gevent/tests/tests_that_dont_monkeypatch.txt -> build/lib.android-24-arm64_v8a-cpython-313/gevent/tests
      copying src/gevent/tests/tests_that_dont_use_resolver.txt -> build/lib.android-24-arm64_v8a-cpython-313/gevent/tests
      copying src/gevent/tests/server.key -> build/lib.android-24-arm64_v8a-cpython-313/gevent/tests
      copying src/gevent/tests/test_server.key -> build/lib.android-24-arm64_v8a-cpython-313/gevent/tests
      running build_ext
      generating cffi module 'build/temp.android-24-arm64_v8a-cpython-313/gevent.libuv._corecffi.c'
      creating build/temp.android-24-arm64_v8a-cpython-313
      Running '(cd  "/data/data/com.termux/files/usr/tmp/pip-wheel-69w3ph6g/gevent_af108bd97bb548c3871d0b3a36b67bb8/deps/libev"  && sh ./configure -C > configure-output.txt )' in /data/data/com.termux/files/usr/tmp/pip-wheel-69w3ph6g/gevent_af108bd97bb548c3871d0b3a36b67bb8
      generating cffi module 'build/temp.android-24-arm64_v8a-cpython-313/gevent.libev._corecffi.c'
      Not configuring libev, 'config.h' already exists
      Not configuring libev, 'config.h' already exists
      building 'gevent.libev.corecext' extension
      creating build/temp.android-24-arm64_v8a-cpython-313/src/gevent/libev
      clang -fPIC -fPIC -DLIBEV_EMBED=1 -DEV_COMMON= -DEV_CLEANUP_ENABLE=0 -DEV_EMBED_ENABLE=0 -DEV_PERIODIC_ENABLE=0 -DEV_USE_REALTIME=1 -DEV_USE_MONOTONIC=1 -DEV_USE_FLOOR=1 -DCYTHON_FAST_THREAD_STATE=0 -Isrc/gevent/libev -I/data/data/com.termux/files/usr/include/python3.13 -I/data/data/com.termux/files/usr/tmp/pip-wheel-69w3ph6g/gevent_af108bd97bb548c3871d0b3a36b67bb8/deps -I/data/data/com.termux/files/usr/tmp/pip-wheel-69w3ph6g/gevent_af108bd97bb548c3871d0b3a36b67bb8/src/gevent/libev -I/data/data/com.termux/files/usr/tmp/pip-wheel-69w3ph6g/gevent_af108bd97bb548c3871d0b3a36b67bb8/deps/libev -Isrc/gevent -Isrc/gevent/libev -Isrc/gevent/resolver -I. -I/data/data/com.termux/files/usr/include/python3.13 -c src/gevent/libev/callbacks.c -o build/temp.android-24-arm64_v8a-cpython-313/src/gevent/libev/callbacks.o
      clang -fPIC -fPIC -DLIBEV_EMBED=1 -DEV_COMMON= -DEV_CLEANUP_ENABLE=0 -DEV_EMBED_ENABLE=0 -DEV_PERIODIC_ENABLE=0 -DEV_USE_REALTIME=1 -DEV_USE_MONOTONIC=1 -DEV_USE_FLOOR=1 -DCYTHON_FAST_THREAD_STATE=0 -Isrc/gevent/libev -I/data/data/com.termux/files/usr/include/python3.13 -I/data/data/com.termux/files/usr/tmp/pip-wheel-69w3ph6g/gevent_af108bd97bb548c3871d0b3a36b67bb8/deps -I/data/data/com.termux/files/usr/tmp/pip-wheel-69w3ph6g/gevent_af108bd97bb548c3871d0b3a36b67bb8/src/gevent/libev -I/data/data/com.termux/files/usr/tmp/pip-wheel-69w3ph6g/gevent_af108bd97bb548c3871d0b3a36b67bb8/deps/libev -Isrc/gevent -Isrc/gevent/libev -Isrc/gevent/resolver -I. -I/data/data/com.termux/files/usr/include/python3.13 -c src/gevent/libev/corecext.c -o build/temp.android-24-arm64_v8a-cpython-313/src/gevent/libev/corecext.o
      In file included from src/gevent/libev/corecext.c:178:
      In file included from src/gevent/libev/libev.h:9:
      In file included from /data/data/com.termux/files/usr/tmp/pip-wheel-69w3ph6g/gevent_af108bd97bb548c3871d0b3a36b67bb8/deps/libev/ev.c:3090:
      /data/data/com.termux/files/usr/tmp/pip-wheel-69w3ph6g/gevent_af108bd97bb548c3871d0b3a36b67bb8/deps/libev/ev_epoll.c:134:14: warning: left operand of comma operator has no effect [-Wunused-value]
        134 |     assert (("libev: I/O watcher with invalid fd found in epoll_ctl", errno != EBADF && errno != ELOOP && errno != EINVAL));
            |              ^~~~~~~~~~~~~~~~~~~~~~~~~~~~~~~~~~~~~~~~~~~~~~~~~~~~~~~
      /data/data/com.termux/files/usr/bin/../../usr/include/assert.h:55:23: note: expanded from macro 'assert'
         55 | #  define assert(e) ((e) ? __assert_no_op : __assert2(__FILE__, __LINE__, __PRETTY_FUNCTION__, #e))
            |                       ^
      In file included from src/gevent/libev/corecext.c:178:
      In file included from src/gevent/libev/libev.h:9:
      In file included from /data/data/com.termux/files/usr/tmp/pip-wheel-69w3ph6g/gevent_af108bd97bb548c3871d0b3a36b67bb8/deps/libev/ev.c:3096:
      /data/data/com.termux/files/usr/tmp/pip-wheel-69w3ph6g/gevent_af108bd97bb548c3871d0b3a36b67bb8/deps/libev/ev_iouring.c:240:12: warning: left operand of comma operator has no effect [-Wunused-value]
        240 |   assert (("libev: io_uring_enter did not consume all sqes", (res < 0 || res == iouring_to_submit)));
            |            ^~~~~~~~~~~~~~~~~~~~~~~~~~~~~~~~~~~~~~~~~~~~~~~~
      /data/data/com.termux/files/usr/bin/../../usr/include/assert.h:55:23: note: expanded from macro 'assert'
         55 | #  define assert(e) ((e) ? __assert_no_op : __assert2(__FILE__, __LINE__, __PRETTY_FUNCTION__, #e))
            |                       ^
      In file included from src/gevent/libev/corecext.c:178:
      In file included from src/gevent/libev/libev.h:9:
      In file included from /data/data/com.termux/files/usr/tmp/pip-wheel-69w3ph6g/gevent_af108bd97bb548c3871d0b3a36b67bb8/deps/libev/ev.c:3096:
      /data/data/com.termux/files/usr/tmp/pip-wheel-69w3ph6g/gevent_af108bd97bb548c3871d0b3a36b67bb8/deps/libev/ev_iouring.c:300:1: warning: non-void function does not return a value [-Wreturn-type]
        300 | }
            | ^
      /data/data/com.termux/files/usr/tmp/pip-wheel-69w3ph6g/gevent_af108bd97bb548c3871d0b3a36b67bb8/deps/libev/ev_iouring.c:331:1: warning: non-void function does not return a value [-Wreturn-type]
        331 | }
            | ^
      /data/data/com.termux/files/usr/tmp/pip-wheel-69w3ph6g/gevent_af108bd97bb548c3871d0b3a36b67bb8/deps/libev/ev_iouring.c:428:16: warning: left operand of comma operator has no effect [-Wunused-value]
        428 |   ev_io_set   (EV_A_ &iouring_tfd_w, iouring_tfd, EV_READ);
            |                ^~~~~
      /data/data/com.termux/files/usr/tmp/pip-wheel-69w3ph6g/gevent_af108bd97bb548c3871d0b3a36b67bb8/deps/libev/ev.h:180:16: note: expanded from macro 'EV_A_'
        180 | # define EV_A_ EV_A,                              /* a loop as first of multiple arguments */
            |                ^~~~
      /data/data/com.termux/files/usr/tmp/pip-wheel-69w3ph6g/gevent_af108bd97bb548c3871d0b3a36b67bb8/deps/libev/ev.h:179:16: note: expanded from macro 'EV_A'
        179 | # define EV_A  loop                               /* a loop as sole argument to a function call */
            |                ^~~~
      /data/data/com.termux/files/usr/tmp/pip-wheel-69w3ph6g/gevent_af108bd97bb548c3871d0b3a36b67bb8/deps/libev/ev.h:698:52: note: expanded from macro 'ev_io_set'
        698 | #define ev_io_set(ev,fd_,events_)            do { (ev)->fd = (fd_); (ev)->events = (events_) | EV__IOFDSET; } while (0)
            |                                                    ^~
      In file included from src/gevent/libev/corecext.c:178:
      In file included from src/gevent/libev/libev.h:9:
      In file included from /data/data/com.termux/files/usr/tmp/pip-wheel-69w3ph6g/gevent_af108bd97bb548c3871d0b3a36b67bb8/deps/libev/ev.c:3096:
      /data/data/com.termux/files/usr/tmp/pip-wheel-69w3ph6g/gevent_af108bd97bb548c3871d0b3a36b67bb8/deps/libev/ev_iouring.c:428:16: warning: left operand of comma operator has no effect [-Wunused-value]
        428 |   ev_io_set   (EV_A_ &iouring_tfd_w, iouring_tfd, EV_READ);
            |                ^~~~~
      /data/data/com.termux/files/usr/tmp/pip-wheel-69w3ph6g/gevent_af108bd97bb548c3871d0b3a36b67bb8/deps/libev/ev.h:180:16: note: expanded from macro 'EV_A_'
        180 | # define EV_A_ EV_A,                              /* a loop as first of multiple arguments */
            |                ^~~~
      /data/data/com.termux/files/usr/tmp/pip-wheel-69w3ph6g/gevent_af108bd97bb548c3871d0b3a36b67bb8/deps/libev/ev.h:179:16: note: expanded from macro 'EV_A'
        179 | # define EV_A  loop                               /* a loop as sole argument to a function call */
            |                ^~~~
      /data/data/com.termux/files/usr/tmp/pip-wheel-69w3ph6g/gevent_af108bd97bb548c3871d0b3a36b67bb8/deps/libev/ev.h:698:70: note: expanded from macro 'ev_io_set'
        698 | #define ev_io_set(ev,fd_,events_)            do { (ev)->fd = (fd_); (ev)->events = (events_) | EV__IOFDSET; } while (0)
            |                                                                      ^~
      In file included from src/gevent/libev/corecext.c:178:
      In file included from src/gevent/libev/libev.h:9:
      In file included from /data/data/com.termux/files/usr/tmp/pip-wheel-69w3ph6g/gevent_af108bd97bb548c3871d0b3a36b67bb8/deps/libev/ev.c:3096:
      /data/data/com.termux/files/usr/tmp/pip-wheel-69w3ph6g/gevent_af108bd97bb548c3871d0b3a36b67bb8/deps/libev/ev_iouring.c:489:19: warning: left operand of comma operator has no effect [-Wunused-value]
        489 |          assert (("libev: iouring timerfd_settime failed", 0));
            |                   ^~~~~~~~~~~~~~~~~~~~~~~~~~~~~~~~~~~~~~~
      /data/data/com.termux/files/usr/bin/../../usr/include/assert.h:55:23: note: expanded from macro 'assert'
         55 | #  define assert(e) ((e) ? __assert_no_op : __assert2(__FILE__, __LINE__, __PRETTY_FUNCTION__, #e))
            |                       ^
      In file included from src/gevent/libev/corecext.c:178:
      In file included from src/gevent/libev/libev.h:9:
      In file included from /data/data/com.termux/files/usr/tmp/pip-wheel-69w3ph6g/gevent_af108bd97bb548c3871d0b3a36b67bb8/deps/libev/ev.c:3096:
      /data/data/com.termux/files/usr/tmp/pip-wheel-69w3ph6g/gevent_af108bd97bb548c3871d0b3a36b67bb8/deps/libev/ev_iouring.c:505:12: warning: left operand of comma operator has no effect [-Wunused-value]
        505 |   assert (("libev: io_uring fd must be in-bounds", fd >= 0 && fd < anfdmax));
            |            ^~~~~~~~~~~~~~~~~~~~~~~~~~~~~~~~~~~~~~
      /data/data/com.termux/files/usr/bin/../../usr/include/assert.h:55:23: note: expanded from macro 'assert'
         55 | #  define assert(e) ((e) ? __assert_no_op : __assert2(__FILE__, __LINE__, __PRETTY_FUNCTION__, #e))
            |                       ^
      In file included from src/gevent/libev/corecext.c:178:
      In file included from src/gevent/libev/libev.h:9:
      In file included from /data/data/com.termux/files/usr/tmp/pip-wheel-69w3ph6g/gevent_af108bd97bb548c3871d0b3a36b67bb8/deps/libev/ev.c:3096:
      /data/data/com.termux/files/usr/tmp/pip-wheel-69w3ph6g/gevent_af108bd97bb548c3871d0b3a36b67bb8/deps/libev/ev_iouring.c:525:20: warning: left operand of comma operator has no effect [-Wunused-value]
        525 |           assert (("libev: event loop rejected bad fd", res != -EBADF));
            |                    ^~~~~~~~~~~~~~~~~~~~~~~~~~~~~~~~~~~
      /data/data/com.termux/files/usr/bin/../../usr/include/assert.h:55:23: note: expanded from macro 'assert'
         55 | #  define assert(e) ((e) ? __assert_no_op : __assert2(__FILE__, __LINE__, __PRETTY_FUNCTION__, #e))
            |                       ^
      In file included from src/gevent/libev/corecext.c:178:
      In file included from src/gevent/libev/libev.h:9:
      In file included from /data/data/com.termux/files/usr/tmp/pip-wheel-69w3ph6g/gevent_af108bd97bb548c3871d0b3a36b67bb8/deps/libev/ev.c:3099:
      /data/data/com.termux/files/usr/tmp/pip-wheel-69w3ph6g/gevent_af108bd97bb548c3871d0b3a36b67bb8/deps/libev/ev_poll.c:113:18: warning: left operand of comma operator has no effect [-Wunused-value]
        113 |         assert (("libev: poll returned illegal result, broken BSD kernel?", p < polls + pollcnt));
            |                  ^~~~~~~~~~~~~~~~~~~~~~~~~~~~~~~~~~~~~~~~~~~~~~~~~~~~~~~~~
      /data/data/com.termux/files/usr/bin/../../usr/include/assert.h:55:23: note: expanded from macro 'assert'
         55 | #  define assert(e) ((e) ? __assert_no_op : __assert2(__FILE__, __LINE__, __PRETTY_FUNCTION__, #e))
            |                       ^
      In file included from src/gevent/libev/corecext.c:178:
      In file included from src/gevent/libev/libev.h:9:
      In file included from /data/data/com.termux/files/usr/tmp/pip-wheel-69w3ph6g/gevent_af108bd97bb548c3871d0b3a36b67bb8/deps/libev/ev.c:3099:
      /data/data/com.termux/files/usr/tmp/pip-wheel-69w3ph6g/gevent_af108bd97bb548c3871d0b3a36b67bb8/deps/libev/ev_poll.c:121:26: warning: left operand of comma operator has no effect [-Wunused-value]
        121 |                 assert (("libev: poll found invalid fd in poll set", 0));
            |                          ^~~~~~~~~~~~~~~~~~~~~~~~~~~~~~~~~~~~~~~~~~
      /data/data/com.termux/files/usr/bin/../../usr/include/assert.h:55:23: note: expanded from macro 'assert'
         55 | #  define assert(e) ((e) ? __assert_no_op : __assert2(__FILE__, __LINE__, __PRETTY_FUNCTION__, #e))
            |                       ^
      In file included from src/gevent/libev/corecext.c:178:
      In file included from src/gevent/libev/libev.h:9:
      /data/data/com.termux/files/usr/tmp/pip-wheel-69w3ph6g/gevent_af108bd97bb548c3871d0b3a36b67bb8/deps/libev/ev.c:3573:12: warning: left operand of comma operator has no effect [-Wunused-value]
       3573 |   assert (("libev: watcher has invalid priority", ABSPRI (w) >= 0 && ABSPRI (w) < NUMPRI));
            |            ^~~~~~~~~~~~~~~~~~~~~~~~~~~~~~~~~~~~~
      /data/data/com.termux/files/usr/bin/../../usr/include/assert.h:55:23: note: expanded from macro 'assert'
         55 | #  define assert(e) ((e) ? __assert_no_op : __assert2(__FILE__, __LINE__, __PRETTY_FUNCTION__, #e))
            |                       ^
      In file included from src/gevent/libev/corecext.c:178:
      In file included from src/gevent/libev/libev.h:9:
      /data/data/com.termux/files/usr/tmp/pip-wheel-69w3ph6g/gevent_af108bd97bb548c3871d0b3a36b67bb8/deps/libev/ev.c:3576:14: warning: left operand of comma operator has no effect [-Wunused-value]
       3576 |     assert (("libev: pending watcher not on pending queue", pendings [ABSPRI (w)][w->pending - 1].w == w));
            |              ^~~~~~~~~~~~~~~~~~~~~~~~~~~~~~~~~~~~~~~~~~~~~
      /data/data/com.termux/files/usr/bin/../../usr/include/assert.h:55:23: note: expanded from macro 'assert'
         55 | #  define assert(e) ((e) ? __assert_no_op : __assert2(__FILE__, __LINE__, __PRETTY_FUNCTION__, #e))
            |                       ^
      In file included from src/gevent/libev/corecext.c:178:
      In file included from src/gevent/libev/libev.h:9:
      /data/data/com.termux/files/usr/tmp/pip-wheel-69w3ph6g/gevent_af108bd97bb548c3871d0b3a36b67bb8/deps/libev/ev.c:3587:16: warning: left operand of comma operator has no effect [-Wunused-value]
       3587 |       assert (("libev: active index mismatch in heap", ev_active (ANHE_w (heap [i])) == i));
            |                ^~~~~~~~~~~~~~~~~~~~~~~~~~~~~~~~~~~~~~
      /data/data/com.termux/files/usr/bin/../../usr/include/assert.h:55:23: note: expanded from macro 'assert'
         55 | #  define assert(e) ((e) ? __assert_no_op : __assert2(__FILE__, __LINE__, __PRETTY_FUNCTION__, #e))
            |                       ^
      In file included from src/gevent/libev/corecext.c:178:
      In file included from src/gevent/libev/libev.h:9:
      /data/data/com.termux/files/usr/tmp/pip-wheel-69w3ph6g/gevent_af108bd97bb548c3871d0b3a36b67bb8/deps/libev/ev.c:3588:16: warning: left operand of comma operator has no effect [-Wunused-value]
       3588 |       assert (("libev: heap condition violated", i == HEAP0 || ANHE_at (heap [HPARENT (i)]) <= ANHE_at (heap [i])));
            |                ^~~~~~~~~~~~~~~~~~~~~~~~~~~~~~~~
      /data/data/com.termux/files/usr/bin/../../usr/include/assert.h:55:23: note: expanded from macro 'assert'
         55 | #  define assert(e) ((e) ? __assert_no_op : __assert2(__FILE__, __LINE__, __PRETTY_FUNCTION__, #e))
            |                       ^
      In file included from src/gevent/libev/corecext.c:178:
      In file included from src/gevent/libev/libev.h:9:
      /data/data/com.termux/files/usr/tmp/pip-wheel-69w3ph6g/gevent_af108bd97bb548c3871d0b3a36b67bb8/deps/libev/ev.c:3589:16: warning: left operand of comma operator has no effect [-Wunused-value]
       3589 |       assert (("libev: heap at cache mismatch", ANHE_at (heap [i]) == ev_at (ANHE_w (heap [i]))));
            |                ^~~~~~~~~~~~~~~~~~~~~~~~~~~~~~~
      /data/data/com.termux/files/usr/bin/../../usr/include/assert.h:55:23: note: expanded from macro 'assert'
         55 | #  define assert(e) ((e) ? __assert_no_op : __assert2(__FILE__, __LINE__, __PRETTY_FUNCTION__, #e))
            |                       ^
      In file included from src/gevent/libev/corecext.c:178:
      In file included from src/gevent/libev/libev.h:9:
      /data/data/com.termux/files/usr/tmp/pip-wheel-69w3ph6g/gevent_af108bd97bb548c3871d0b3a36b67bb8/deps/libev/ev.c:3601:16: warning: left operand of comma operator has no effect [-Wunused-value]
       3601 |       assert (("libev: active index mismatch", ev_active (ws [cnt]) == cnt + 1));
            |                ^~~~~~~~~~~~~~~~~~~~~~~~~~~~~~
      /data/data/com.termux/files/usr/bin/../../usr/include/assert.h:55:23: note: expanded from macro 'assert'
         55 | #  define assert(e) ((e) ? __assert_no_op : __assert2(__FILE__, __LINE__, __PRETTY_FUNCTION__, #e))
            |                       ^
      In file included from src/gevent/libev/corecext.c:178:
      In file included from src/gevent/libev/libev.h:9:
      /data/data/com.termux/files/usr/tmp/pip-wheel-69w3ph6g/gevent_af108bd97bb548c3871d0b3a36b67bb8/deps/libev/ev.c:3619:14: warning: left operand of comma operator has no effect [-Wunused-value]
       3619 |     assert (("libev: negative fd in fdchanges", fdchanges [i] >= 0));
            |              ^~~~~~~~~~~~~~~~~~~~~~~~~~~~~~~~~
      /data/data/com.termux/files/usr/bin/../../usr/include/assert.h:55:23: note: expanded from macro 'assert'
         55 | #  define assert(e) ((e) ? __assert_no_op : __assert2(__FILE__, __LINE__, __PRETTY_FUNCTION__, #e))
            |                       ^
      In file included from src/gevent/libev/corecext.c:178:
      In file included from src/gevent/libev/libev.h:9:
      /data/data/com.termux/files/usr/tmp/pip-wheel-69w3ph6g/gevent_af108bd97bb548c3871d0b3a36b67bb8/deps/libev/ev.c:3632:24: warning: left operand of comma operator has no effect [-Wunused-value]
       3632 |               assert (("libev: io watcher list contains a loop", w != w2));
            |                        ^~~~~~~~~~~~~~~~~~~~~~~~~~~~~~~~~~~~~~~~
      /data/data/com.termux/files/usr/bin/../../usr/include/assert.h:55:23: note: expanded from macro 'assert'
         55 | #  define assert(e) ((e) ? __assert_no_op : __assert2(__FILE__, __LINE__, __PRETTY_FUNCTION__, #e))
            |                       ^
      In file included from src/gevent/libev/corecext.c:178:
      In file included from src/gevent/libev/libev.h:9:
      /data/data/com.termux/files/usr/tmp/pip-wheel-69w3ph6g/gevent_af108bd97bb548c3871d0b3a36b67bb8/deps/libev/ev.c:3636:20: warning: left operand of comma operator has no effect [-Wunused-value]
       3636 |           assert (("libev: inactive fd watcher on anfd list", ev_active (w) == 1));
            |                    ^~~~~~~~~~~~~~~~~~~~~~~~~~~~~~~~~~~~~~~~~
      /data/data/com.termux/files/usr/bin/../../usr/include/assert.h:55:23: note: expanded from macro 'assert'
         55 | #  define assert(e) ((e) ? __assert_no_op : __assert2(__FILE__, __LINE__, __PRETTY_FUNCTION__, #e))
            |                       ^
      In file included from src/gevent/libev/corecext.c:178:
      In file included from src/gevent/libev/libev.h:9:
      /data/data/com.termux/files/usr/tmp/pip-wheel-69w3ph6g/gevent_af108bd97bb548c3871d0b3a36b67bb8/deps/libev/ev.c:3637:20: warning: left operand of comma operator has no effect [-Wunused-value]
       3637 |           assert (("libev: fd mismatch between watcher and anfd", ((ev_io *)w)->fd == i));
            |                    ^~~~~~~~~~~~~~~~~~~~~~~~~~~~~~~~~~~~~~~~~~~~~
      /data/data/com.termux/files/usr/bin/../../usr/include/assert.h:55:23: note: expanded from macro 'assert'
         55 | #  define assert(e) ((e) ? __assert_no_op : __assert2(__FILE__, __LINE__, __PRETTY_FUNCTION__, #e))
            |                       ^
      In file included from src/gevent/libev/corecext.c:178:
      In file included from src/gevent/libev/libev.h:9:
      /data/data/com.termux/files/usr/tmp/pip-wheel-69w3ph6g/gevent_af108bd97bb548c3871d0b3a36b67bb8/deps/libev/ev.c:3823:24: warning: left operand of comma operator has no effect [-Wunused-value]
       3823 |               assert (("libev: negative ev_timer repeat value found while processing timers", w->repeat > EV_TS_CONST (0.)));
            |                        ^~~~~~~~~~~~~~~~~~~~~~~~~~~~~~~~~~~~~~~~~~~~~~~~~~~~~~~~~~~~~~~~~~~~~
      /data/data/com.termux/files/usr/bin/../../usr/include/assert.h:55:23: note: expanded from macro 'assert'
         55 | #  define assert(e) ((e) ? __assert_no_op : __assert2(__FILE__, __LINE__, __PRETTY_FUNCTION__, #e))
            |                       ^
      In file included from src/gevent/libev/corecext.c:178:
      In file included from src/gevent/libev/libev.h:9:
      /data/data/com.termux/files/usr/tmp/pip-wheel-69w3ph6g/gevent_af108bd97bb548c3871d0b3a36b67bb8/deps/libev/ev.c:4027:12: warning: left operand of comma operator has no effect [-Wunused-value]
       4027 |   assert (("libev: ev_loop recursion during release detected", loop_done != EVBREAK_RECURSE));
            |            ^~~~~~~~~~~~~~~~~~~~~~~~~~~~~~~~~~~~~~~~~~~~~~~~~~
      /data/data/com.termux/files/usr/bin/../../usr/include/assert.h:55:23: note: expanded from macro 'assert'
         55 | #  define assert(e) ((e) ? __assert_no_op : __assert2(__FILE__, __LINE__, __PRETTY_FUNCTION__, #e))
            |                       ^
      In file included from src/gevent/libev/corecext.c:178:
      In file included from src/gevent/libev/libev.h:9:
      /data/data/com.termux/files/usr/tmp/pip-wheel-69w3ph6g/gevent_af108bd97bb548c3871d0b3a36b67bb8/deps/libev/ev.c:4165:22: warning: left operand of comma operator has no effect [-Wunused-value]
       4165 |             assert (("libev: pipe_w not active, but pipe not written", ev_is_active (&pipe_w)));
            |                      ^~~~~~~~~~~~~~~~~~~~~~~~~~~~~~~~~~~~~~~~~~~~~~~~
      /data/data/com.termux/files/usr/bin/../../usr/include/assert.h:55:23: note: expanded from macro 'assert'
         55 | #  define assert(e) ((e) ? __assert_no_op : __assert2(__FILE__, __LINE__, __PRETTY_FUNCTION__, #e))
            |                       ^
      In file included from src/gevent/libev/corecext.c:178:
      In file included from src/gevent/libev/libev.h:9:
      /data/data/com.termux/files/usr/tmp/pip-wheel-69w3ph6g/gevent_af108bd97bb548c3871d0b3a36b67bb8/deps/libev/ev.c:4339:12: warning: left operand of comma operator has no effect [-Wunused-value]
       4339 |   assert (("libev: ev_io_start called with negative fd", fd >= 0));
            |            ^~~~~~~~~~~~~~~~~~~~~~~~~~~~~~~~~~~~~~~~~~~~
      /data/data/com.termux/files/usr/bin/../../usr/include/assert.h:55:23: note: expanded from macro 'assert'
         55 | #  define assert(e) ((e) ? __assert_no_op : __assert2(__FILE__, __LINE__, __PRETTY_FUNCTION__, #e))
            |                       ^
      In file included from src/gevent/libev/corecext.c:178:
      In file included from src/gevent/libev/libev.h:9:
      /data/data/com.termux/files/usr/tmp/pip-wheel-69w3ph6g/gevent_af108bd97bb548c3871d0b3a36b67bb8/deps/libev/ev.c:4340:12: warning: left operand of comma operator has no effect [-Wunused-value]
       4340 |   assert (("libev: ev_io_start called with illegal event mask", !(w->events & ~(EV__IOFDSET | EV_READ | EV_WRITE))));
            |            ^~~~~~~~~~~~~~~~~~~~~~~~~~~~~~~~~~~~~~~~~~~~~~~~~~~
      /data/data/com.termux/files/usr/bin/../../usr/include/assert.h:55:23: note: expanded from macro 'assert'
         55 | #  define assert(e) ((e) ? __assert_no_op : __assert2(__FILE__, __LINE__, __PRETTY_FUNCTION__, #e))
            |                       ^
      In file included from src/gevent/libev/corecext.c:178:
      In file included from src/gevent/libev/libev.h:9:
      /data/data/com.termux/files/usr/tmp/pip-wheel-69w3ph6g/gevent_af108bd97bb548c3871d0b3a36b67bb8/deps/libev/ev.c:4352:12: warning: left operand of comma operator has no effect [-Wunused-value]
       4352 |   assert (("libev: ev_io_start called with corrupted watcher", ((WL)w)->next != (WL)w));
            |            ^~~~~~~~~~~~~~~~~~~~~~~~~~~~~~~~~~~~~~~~~~~~~~~~~~
      /data/data/com.termux/files/usr/bin/../../usr/include/assert.h:55:23: note: expanded from macro 'assert'
         55 | #  define assert(e) ((e) ? __assert_no_op : __assert2(__FILE__, __LINE__, __PRETTY_FUNCTION__, #e))
            |                       ^
      In file included from src/gevent/libev/corecext.c:178:
      In file included from src/gevent/libev/libev.h:9:
      /data/data/com.termux/files/usr/tmp/pip-wheel-69w3ph6g/gevent_af108bd97bb548c3871d0b3a36b67bb8/deps/libev/ev.c:4368:12: warning: left operand of comma operator has no effect [-Wunused-value]
       4368 |   assert (("libev: ev_io_stop called with illegal fd (must stay constant after start!)", w->fd >= 0 && w->fd < anfdmax));
            |            ^~~~~~~~~~~~~~~~~~~~~~~~~~~~~~~~~~~~~~~~~~~~~~~~~~~~~~~~~~~~~~~~~~~~~~~~~~~~
      /data/data/com.termux/files/usr/bin/../../usr/include/assert.h:55:23: note: expanded from macro 'assert'
         55 | #  define assert(e) ((e) ? __assert_no_op : __assert2(__FILE__, __LINE__, __PRETTY_FUNCTION__, #e))
            |                       ^
      In file included from src/gevent/libev/corecext.c:178:
      In file included from src/gevent/libev/libev.h:9:
      /data/data/com.termux/files/usr/tmp/pip-wheel-69w3ph6g/gevent_af108bd97bb548c3871d0b3a36b67bb8/deps/libev/ev.c:4392:12: warning: left operand of comma operator has no effect [-Wunused-value]
       4392 |   assert (("libev: ev_timer_start called with negative timer repeat value", w->repeat >= 0.));
            |            ^~~~~~~~~~~~~~~~~~~~~~~~~~~~~~~~~~~~~~~~~~~~~~~~~~~~~~~~~~~~~~~
      /data/data/com.termux/files/usr/bin/../../usr/include/assert.h:55:23: note: expanded from macro 'assert'
         55 | #  define assert(e) ((e) ? __assert_no_op : __assert2(__FILE__, __LINE__, __PRETTY_FUNCTION__, #e))
            |                       ^
      In file included from src/gevent/libev/corecext.c:178:
      In file included from src/gevent/libev/libev.h:9:
      /data/data/com.termux/files/usr/tmp/pip-wheel-69w3ph6g/gevent_af108bd97bb548c3871d0b3a36b67bb8/deps/libev/ev.c:4421:14: warning: left operand of comma operator has no effect [-Wunused-value]
       4421 |     assert (("libev: internal timer heap corruption", ANHE_w (timers [active]) == (WT)w));
            |              ^~~~~~~~~~~~~~~~~~~~~~~~~~~~~~~~~~~~~~~
      /data/data/com.termux/files/usr/bin/../../usr/include/assert.h:55:23: note: expanded from macro 'assert'
         55 | #  define assert(e) ((e) ? __assert_no_op : __assert2(__FILE__, __LINE__, __PRETTY_FUNCTION__, #e))
            |                       ^
      In file included from src/gevent/libev/corecext.c:178:
      In file included from src/gevent/libev/libev.h:9:
      /data/data/com.termux/files/usr/tmp/pip-wheel-69w3ph6g/gevent_af108bd97bb548c3871d0b3a36b67bb8/deps/libev/ev.c:4562:12: warning: left operand of comma operator has no effect [-Wunused-value]
       4562 |   assert (("libev: ev_signal_start called with illegal signal number", w->signum > 0 && w->signum < EV_NSIG));
            |            ^~~~~~~~~~~~~~~~~~~~~~~~~~~~~~~~~~~~~~~~~~~~~~~~~~~~~~~~~~
      /data/data/com.termux/files/usr/bin/../../usr/include/assert.h:55:23: note: expanded from macro 'assert'
         55 | #  define assert(e) ((e) ? __assert_no_op : __assert2(__FILE__, __LINE__, __PRETTY_FUNCTION__, #e))
            |                       ^
      In file included from src/gevent/libev/corecext.c:178:
      In file included from src/gevent/libev/libev.h:9:
      /data/data/com.termux/files/usr/tmp/pip-wheel-69w3ph6g/gevent_af108bd97bb548c3871d0b3a36b67bb8/deps/libev/ev.c:4565:12: warning: left operand of comma operator has no effect [-Wunused-value]
       4565 |   assert (("libev: a signal must not be attached to two different loops",
            |            ^~~~~~~~~~~~~~~~~~~~~~~~~~~~~~~~~~~~~~~~~~~~~~~~~~~~~~~~~~~~~
      /data/data/com.termux/files/usr/bin/../../usr/include/assert.h:55:23: note: expanded from macro 'assert'
         55 | #  define assert(e) ((e) ? __assert_no_op : __assert2(__FILE__, __LINE__, __PRETTY_FUNCTION__, #e))
            |                       ^
      In file included from src/gevent/libev/corecext.c:178:
      In file included from src/gevent/libev/libev.h:9:
      /data/data/com.termux/files/usr/tmp/pip-wheel-69w3ph6g/gevent_af108bd97bb548c3871d0b3a36b67bb8/deps/libev/ev.c:4684:12: warning: left operand of comma operator has no effect [-Wunused-value]
       4684 |   assert (("libev: child watchers are only supported in the default loop", loop == ev_default_loop_ptr));
            |            ^~~~~~~~~~~~~~~~~~~~~~~~~~~~~~~~~~~~~~~~~~~~~~~~~~~~~~~~~~~~~~
      /data/data/com.termux/files/usr/bin/../../usr/include/assert.h:55:23: note: expanded from macro 'assert'
         55 | #  define assert(e) ((e) ? __assert_no_op : __assert2(__FILE__, __LINE__, __PRETTY_FUNCTION__, #e))
            |                       ^
      33 warnings generated.
      clang -shared -L/data/data/com.termux/files/usr/lib -Wl,-rpath=/data/data/com.termux/files/usr/lib -Wl,--enable-new-dtags -Wl,-z,relro,-z,now -Wl,--no-as-needed,-landroid-support,--as-needed -L/home/builder/.termux-build/_cache/android-r29-api-24-v4/sysroot/usr/lib -landroid-posix-semaphore -L/data/data/com.termux/files/usr/lib -Wl,-rpath=/data/data/com.termux/files/usr/lib -Wl,--enable-new-dtags -Wl,-z,relro,-z,now -Wl,--no-as-needed,-landroid-support,--as-needed -L/home/builder/.termux-build/_cache/android-r29-api-24-v4/sysroot/usr/lib -landroid-posix-semaphore -fPIC build/temp.android-24-arm64_v8a-cpython-313/src/gevent/libev/callbacks.o build/temp.android-24-arm64_v8a-cpython-313/src/gevent/libev/corecext.o -L/data/data/com.termux/files/usr/lib -lpython3.13 -o build/lib.android-24-arm64_v8a-cpython-313/gevent/libev/corecext.cpython-313-aarch64-linux-android.so
      Embedding c-ares <cffi.setuptools_ext._add_c_module.<locals>.build_ext_make_mod object at 0x708a1b92b0> <_setuputils.Extension('gevent.resolver.cares') at 0x708a428190>
      Inserted  build/temp.android-24-arm64_v8a-cpython-313/c-ares/lib/include in include dirs ['build/temp.android-24-arm64_v8a-cpython-313/c-ares/lib/include', '/data/data/com.termux/files/usr/include/python3.13', '/data/data/com.termux/files/usr/include/python3.13', '/data/data/com.termux/files/usr/tmp/pip-wheel-69w3ph6g/gevent_af108bd97bb548c3871d0b3a36b67bb8/deps', '/data/data/com.termux/files/usr/tmp/pip-wheel-69w3ph6g/gevent_af108bd97bb548c3871d0b3a36b67bb8/deps/c-ares/include', '/data/data/com.termux/files/usr/tmp/pip-wheel-69w3ph6g/gevent_af108bd97bb548c3871d0b3a36b67bb8/deps/c-ares/src/lib', '/data/data/com.termux/files/usr/tmp/pip-wheel-69w3ph6g/gevent_af108bd97bb548c3871d0b3a36b67bb8/deps/c-ares/src/lib/include', 'src/gevent', 'src/gevent/libev', 'src/gevent/resolver', '.']
      Inserted  build/temp.android-24-arm64_v8a-cpython-313/c-ares/include in include dirs ['build/temp.android-24-arm64_v8a-cpython-313/c-ares/include', 'build/temp.android-24-arm64_v8a-cpython-313/c-ares/lib/include', '/data/data/com.termux/files/usr/include/python3.13', '/data/data/com.termux/files/usr/include/python3.13', '/data/data/com.termux/files/usr/tmp/pip-wheel-69w3ph6g/gevent_af108bd97bb548c3871d0b3a36b67bb8/deps', '/data/data/com.termux/files/usr/tmp/pip-wheel-69w3ph6g/gevent_af108bd97bb548c3871d0b3a36b67bb8/deps/c-ares/include', '/data/data/com.termux/files/usr/tmp/pip-wheel-69w3ph6g/gevent_af108bd97bb548c3871d0b3a36b67bb8/deps/c-ares/src/lib', '/data/data/com.termux/files/usr/tmp/pip-wheel-69w3ph6g/gevent_af108bd97bb548c3871d0b3a36b67bb8/deps/c-ares/src/lib/include', 'src/gevent', 'src/gevent/libev', 'src/gevent/resolver', '.']
      Running '(cd  "/data/data/com.termux/files/usr/tmp/pip-wheel-69w3ph6g/gevent_af108bd97bb548c3871d0b3a36b67bb8/deps/c-ares"  && if [ -r include/ares_build.h ]; then cp include/ares_build.h include/ares_build.h.orig; fi   && sh ./configure --disable-dependency-tracking --disable-tests -C CFLAGS="-fno-strict-overflow -Wsign-compare -Wunreachable-code -DNDEBUG -g -O3 -Wall -fstack-protector-strong -O3  -fstack-protector-strong -O3 -fPIC"  && cp src/lib/ares_config.h include/ares_build.h "$OLDPWD"   && cat include/ares_build.h   && if [ -r include/ares_build.h.orig ]; then mv include/ares_build.h.orig include/ares_build.h; fi) > configure-output.txt' in /data/data/com.termux/files/usr/tmp/pip-wheel-69w3ph6g/gevent_af108bd97bb548c3871d0b3a36b67bb8/build/temp.android-24-arm64_v8a-cpython-313/c-ares/include
      /data/data/com.termux/files/usr/bin/grep: warning: stray \ before -
      building 'gevent.resolver.cares' extension
      creating build/temp.android-24-arm64_v8a-cpython-313/deps/c-ares/src/lib
      creating build/temp.android-24-arm64_v8a-cpython-313/deps/c-ares/src/lib/dsa
      creating build/temp.android-24-arm64_v8a-cpython-313/deps/c-ares/src/lib/event
      creating build/temp.android-24-arm64_v8a-cpython-313/deps/c-ares/src/lib/legacy
      creating build/temp.android-24-arm64_v8a-cpython-313/deps/c-ares/src/lib/record
      creating build/temp.android-24-arm64_v8a-cpython-313/deps/c-ares/src/lib/str
      creating build/temp.android-24-arm64_v8a-cpython-313/deps/c-ares/src/lib/util
      creating build/temp.android-24-arm64_v8a-cpython-313/src/gevent/resolver
      clang -fPIC -fPIC -DHAVE_CONFIG_H= -DCARES_EMBED=1 -DCYTHON_FAST_THREAD_STATE=0 -Ibuild/temp.android-24-arm64_v8a-cpython-313/c-ares/include -Ibuild/temp.android-24-arm64_v8a-cpython-313/c-ares/lib/include -I/data/data/com.termux/files/usr/include/python3.13 -I/data/data/com.termux/files/usr/include/python3.13 -I/data/data/com.termux/files/usr/tmp/pip-wheel-69w3ph6g/gevent_af108bd97bb548c3871d0b3a36b67bb8/deps -I/data/data/com.termux/files/usr/tmp/pip-wheel-69w3ph6g/gevent_af108bd97bb548c3871d0b3a36b67bb8/deps/c-ares/include -I/data/data/com.termux/files/usr/tmp/pip-wheel-69w3ph6g/gevent_af108bd97bb548c3871d0b3a36b67bb8/deps/c-ares/src/lib -I/data/data/com.termux/files/usr/tmp/pip-wheel-69w3ph6g/gevent_af108bd97bb548c3871d0b3a36b67bb8/deps/c-ares/src/lib/include -Isrc/gevent -Isrc/gevent/libev -Isrc/gevent/resolver -I. -I/data/data/com.termux/files/usr/include/python3.13 -c deps/c-ares/src/lib/ares_addrinfo2hostent.c -o build/temp.android-24-arm64_v8a-cpython-313/deps/c-ares/src/lib/ares_addrinfo2hostent.o
      clang -fPIC -fPIC -DHAVE_CONFIG_H= -DCARES_EMBED=1 -DCYTHON_FAST_THREAD_STATE=0 -Ibuild/temp.android-24-arm64_v8a-cpython-313/c-ares/include -Ibuild/temp.android-24-arm64_v8a-cpython-313/c-ares/lib/include -I/data/data/com.termux/files/usr/include/python3.13 -I/data/data/com.termux/files/usr/include/python3.13 -I/data/data/com.termux/files/usr/tmp/pip-wheel-69w3ph6g/gevent_af108bd97bb548c3871d0b3a36b67bb8/deps -I/data/data/com.termux/files/usr/tmp/pip-wheel-69w3ph6g/gevent_af108bd97bb548c3871d0b3a36b67bb8/deps/c-ares/include -I/data/data/com.termux/files/usr/tmp/pip-wheel-69w3ph6g/gevent_af108bd97bb548c3871d0b3a36b67bb8/deps/c-ares/src/lib -I/data/data/com.termux/files/usr/tmp/pip-wheel-69w3ph6g/gevent_af108bd97bb548c3871d0b3a36b67bb8/deps/c-ares/src/lib/include -Isrc/gevent -Isrc/gevent/libev -Isrc/gevent/resolver -I. -I/data/data/com.termux/files/usr/include/python3.13 -c deps/c-ares/src/lib/ares_addrinfo_localhost.c -o build/temp.android-24-arm64_v8a-cpython-313/deps/c-ares/src/lib/ares_addrinfo_localhost.o
      clang -fPIC -fPIC -DHAVE_CONFIG_H= -DCARES_EMBED=1 -DCYTHON_FAST_THREAD_STATE=0 -Ibuild/temp.android-24-arm64_v8a-cpython-313/c-ares/include -Ibuild/temp.android-24-arm64_v8a-cpython-313/c-ares/lib/include -I/data/data/com.termux/files/usr/include/python3.13 -I/data/data/com.termux/files/usr/include/python3.13 -I/data/data/com.termux/files/usr/tmp/pip-wheel-69w3ph6g/gevent_af108bd97bb548c3871d0b3a36b67bb8/deps -I/data/data/com.termux/files/usr/tmp/pip-wheel-69w3ph6g/gevent_af108bd97bb548c3871d0b3a36b67bb8/deps/c-ares/include -I/data/data/com.termux/files/usr/tmp/pip-wheel-69w3ph6g/gevent_af108bd97bb548c3871d0b3a36b67bb8/deps/c-ares/src/lib -I/data/data/com.termux/files/usr/tmp/pip-wheel-69w3ph6g/gevent_af108bd97bb548c3871d0b3a36b67bb8/deps/c-ares/src/lib/include -Isrc/gevent -Isrc/gevent/libev -Isrc/gevent/resolver -I. -I/data/data/com.termux/files/usr/include/python3.13 -c deps/c-ares/src/lib/ares_android.c -o build/temp.android-24-arm64_v8a-cpython-313/deps/c-ares/src/lib/ares_android.o
      clang -fPIC -fPIC -DHAVE_CONFIG_H= -DCARES_EMBED=1 -DCYTHON_FAST_THREAD_STATE=0 -Ibuild/temp.android-24-arm64_v8a-cpython-313/c-ares/include -Ibuild/temp.android-24-arm64_v8a-cpython-313/c-ares/lib/include -I/data/data/com.termux/files/usr/include/python3.13 -I/data/data/com.termux/files/usr/include/python3.13 -I/data/data/com.termux/files/usr/tmp/pip-wheel-69w3ph6g/gevent_af108bd97bb548c3871d0b3a36b67bb8/deps -I/data/data/com.termux/files/usr/tmp/pip-wheel-69w3ph6g/gevent_af108bd97bb548c3871d0b3a36b67bb8/deps/c-ares/include -I/data/data/com.termux/files/usr/tmp/pip-wheel-69w3ph6g/gevent_af108bd97bb548c3871d0b3a36b67bb8/deps/c-ares/src/lib -I/data/data/com.termux/files/usr/tmp/pip-wheel-69w3ph6g/gevent_af108bd97bb548c3871d0b3a36b67bb8/deps/c-ares/src/lib/include -Isrc/gevent -Isrc/gevent/libev -Isrc/gevent/resolver -I. -I/data/data/com.termux/files/usr/include/python3.13 -c deps/c-ares/src/lib/ares_cancel.c -o build/temp.android-24-arm64_v8a-cpython-313/deps/c-ares/src/lib/ares_cancel.o
      clang -fPIC -fPIC -DHAVE_CONFIG_H= -DCARES_EMBED=1 -DCYTHON_FAST_THREAD_STATE=0 -Ibuild/temp.android-24-arm64_v8a-cpython-313/c-ares/include -Ibuild/temp.android-24-arm64_v8a-cpython-313/c-ares/lib/include -I/data/data/com.termux/files/usr/include/python3.13 -I/data/data/com.termux/files/usr/include/python3.13 -I/data/data/com.termux/files/usr/tmp/pip-wheel-69w3ph6g/gevent_af108bd97bb548c3871d0b3a36b67bb8/deps -I/data/data/com.termux/files/usr/tmp/pip-wheel-69w3ph6g/gevent_af108bd97bb548c3871d0b3a36b67bb8/deps/c-ares/include -I/data/data/com.termux/files/usr/tmp/pip-wheel-69w3ph6g/gevent_af108bd97bb548c3871d0b3a36b67bb8/deps/c-ares/src/lib -I/data/data/com.termux/files/usr/tmp/pip-wheel-69w3ph6g/gevent_af108bd97bb548c3871d0b3a36b67bb8/deps/c-ares/src/lib/include -Isrc/gevent -Isrc/gevent/libev -Isrc/gevent/resolver -I. -I/data/data/com.termux/files/usr/include/python3.13 -c deps/c-ares/src/lib/ares_close_sockets.c -o build/temp.android-24-arm64_v8a-cpython-313/deps/c-ares/src/lib/ares_close_sockets.o
      clang -fPIC -fPIC -DHAVE_CONFIG_H= -DCARES_EMBED=1 -DCYTHON_FAST_THREAD_STATE=0 -Ibuild/temp.android-24-arm64_v8a-cpython-313/c-ares/include -Ibuild/temp.android-24-arm64_v8a-cpython-313/c-ares/lib/include -I/data/data/com.termux/files/usr/include/python3.13 -I/data/data/com.termux/files/usr/include/python3.13 -I/data/data/com.termux/files/usr/tmp/pip-wheel-69w3ph6g/gevent_af108bd97bb548c3871d0b3a36b67bb8/deps -I/data/data/com.termux/files/usr/tmp/pip-wheel-69w3ph6g/gevent_af108bd97bb548c3871d0b3a36b67bb8/deps/c-ares/include -I/data/data/com.termux/files/usr/tmp/pip-wheel-69w3ph6g/gevent_af108bd97bb548c3871d0b3a36b67bb8/deps/c-ares/src/lib -I/data/data/com.termux/files/usr/tmp/pip-wheel-69w3ph6g/gevent_af108bd97bb548c3871d0b3a36b67bb8/deps/c-ares/src/lib/include -Isrc/gevent -Isrc/gevent/libev -Isrc/gevent/resolver -I. -I/data/data/com.termux/files/usr/include/python3.13 -c deps/c-ares/src/lib/ares_conn.c -o build/temp.android-24-arm64_v8a-cpython-313/deps/c-ares/src/lib/ares_conn.o
      clang -fPIC -fPIC -DHAVE_CONFIG_H= -DCARES_EMBED=1 -DCYTHON_FAST_THREAD_STATE=0 -Ibuild/temp.android-24-arm64_v8a-cpython-313/c-ares/include -Ibuild/temp.android-24-arm64_v8a-cpython-313/c-ares/lib/include -I/data/data/com.termux/files/usr/include/python3.13 -I/data/data/com.termux/files/usr/include/python3.13 -I/data/data/com.termux/files/usr/tmp/pip-wheel-69w3ph6g/gevent_af108bd97bb548c3871d0b3a36b67bb8/deps -I/data/data/com.termux/files/usr/tmp/pip-wheel-69w3ph6g/gevent_af108bd97bb548c3871d0b3a36b67bb8/deps/c-ares/include -I/data/data/com.termux/files/usr/tmp/pip-wheel-69w3ph6g/gevent_af108bd97bb548c3871d0b3a36b67bb8/deps/c-ares/src/lib -I/data/data/com.termux/files/usr/tmp/pip-wheel-69w3ph6g/gevent_af108bd97bb548c3871d0b3a36b67bb8/deps/c-ares/src/lib/include -Isrc/gevent -Isrc/gevent/libev -Isrc/gevent/resolver -I. -I/data/data/com.termux/files/usr/include/python3.13 -c deps/c-ares/src/lib/ares_cookie.c -o build/temp.android-24-arm64_v8a-cpython-313/deps/c-ares/src/lib/ares_cookie.o
      clang -fPIC -fPIC -DHAVE_CONFIG_H= -DCARES_EMBED=1 -DCYTHON_FAST_THREAD_STATE=0 -Ibuild/temp.android-24-arm64_v8a-cpython-313/c-ares/include -Ibuild/temp.android-24-arm64_v8a-cpython-313/c-ares/lib/include -I/data/data/com.termux/files/usr/include/python3.13 -I/data/data/com.termux/files/usr/include/python3.13 -I/data/data/com.termux/files/usr/tmp/pip-wheel-69w3ph6g/gevent_af108bd97bb548c3871d0b3a36b67bb8/deps -I/data/data/com.termux/files/usr/tmp/pip-wheel-69w3ph6g/gevent_af108bd97bb548c3871d0b3a36b67bb8/deps/c-ares/include -I/data/data/com.termux/files/usr/tmp/pip-wheel-69w3ph6g/gevent_af108bd97bb548c3871d0b3a36b67bb8/deps/c-ares/src/lib -I/data/data/com.termux/files/usr/tmp/pip-wheel-69w3ph6g/gevent_af108bd97bb548c3871d0b3a36b67bb8/deps/c-ares/src/lib/include -Isrc/gevent -Isrc/gevent/libev -Isrc/gevent/resolver -I. -I/data/data/com.termux/files/usr/include/python3.13 -c deps/c-ares/src/lib/ares_data.c -o build/temp.android-24-arm64_v8a-cpython-313/deps/c-ares/src/lib/ares_data.o
      clang -fPIC -fPIC -DHAVE_CONFIG_H= -DCARES_EMBED=1 -DCYTHON_FAST_THREAD_STATE=0 -Ibuild/temp.android-24-arm64_v8a-cpython-313/c-ares/include -Ibuild/temp.android-24-arm64_v8a-cpython-313/c-ares/lib/include -I/data/data/com.termux/files/usr/include/python3.13 -I/data/data/com.termux/files/usr/include/python3.13 -I/data/data/com.termux/files/usr/tmp/pip-wheel-69w3ph6g/gevent_af108bd97bb548c3871d0b3a36b67bb8/deps -I/data/data/com.termux/files/usr/tmp/pip-wheel-69w3ph6g/gevent_af108bd97bb548c3871d0b3a36b67bb8/deps/c-ares/include -I/data/data/com.termux/files/usr/tmp/pip-wheel-69w3ph6g/gevent_af108bd97bb548c3871d0b3a36b67bb8/deps/c-ares/src/lib -I/data/data/com.termux/files/usr/tmp/pip-wheel-69w3ph6g/gevent_af108bd97bb548c3871d0b3a36b67bb8/deps/c-ares/src/lib/include -Isrc/gevent -Isrc/gevent/libev -Isrc/gevent/resolver -I. -I/data/data/com.termux/files/usr/include/python3.13 -c deps/c-ares/src/lib/ares_destroy.c -o build/temp.android-24-arm64_v8a-cpython-313/deps/c-ares/src/lib/ares_destroy.o
      clang -fPIC -fPIC -DHAVE_CONFIG_H= -DCARES_EMBED=1 -DCYTHON_FAST_THREAD_STATE=0 -Ibuild/temp.android-24-arm64_v8a-cpython-313/c-ares/include -Ibuild/temp.android-24-arm64_v8a-cpython-313/c-ares/lib/include -I/data/data/com.termux/files/usr/include/python3.13 -I/data/data/com.termux/files/usr/include/python3.13 -I/data/data/com.termux/files/usr/tmp/pip-wheel-69w3ph6g/gevent_af108bd97bb548c3871d0b3a36b67bb8/deps -I/data/data/com.termux/files/usr/tmp/pip-wheel-69w3ph6g/gevent_af108bd97bb548c3871d0b3a36b67bb8/deps/c-ares/include -I/data/data/com.termux/files/usr/tmp/pip-wheel-69w3ph6g/gevent_af108bd97bb548c3871d0b3a36b67bb8/deps/c-ares/src/lib -I/data/data/com.termux/files/usr/tmp/pip-wheel-69w3ph6g/gevent_af108bd97bb548c3871d0b3a36b67bb8/deps/c-ares/src/lib/include -Isrc/gevent -Isrc/gevent/libev -Isrc/gevent/resolver -I. -I/data/data/com.termux/files/usr/include/python3.13 -c deps/c-ares/src/lib/ares_free_hostent.c -o build/temp.android-24-arm64_v8a-cpython-313/deps/c-ares/src/lib/ares_free_hostent.o
      clang -fPIC -fPIC -DHAVE_CONFIG_H= -DCARES_EMBED=1 -DCYTHON_FAST_THREAD_STATE=0 -Ibuild/temp.android-24-arm64_v8a-cpython-313/c-ares/include -Ibuild/temp.android-24-arm64_v8a-cpython-313/c-ares/lib/include -I/data/data/com.termux/files/usr/include/python3.13 -I/data/data/com.termux/files/usr/include/python3.13 -I/data/data/com.termux/files/usr/tmp/pip-wheel-69w3ph6g/gevent_af108bd97bb548c3871d0b3a36b67bb8/deps -I/data/data/com.termux/files/usr/tmp/pip-wheel-69w3ph6g/gevent_af108bd97bb548c3871d0b3a36b67bb8/deps/c-ares/include -I/data/data/com.termux/files/usr/tmp/pip-wheel-69w3ph6g/gevent_af108bd97bb548c3871d0b3a36b67bb8/deps/c-ares/src/lib -I/data/data/com.termux/files/usr/tmp/pip-wheel-69w3ph6g/gevent_af108bd97bb548c3871d0b3a36b67bb8/deps/c-ares/src/lib/include -Isrc/gevent -Isrc/gevent/libev -Isrc/gevent/resolver -I. -I/data/data/com.termux/files/usr/include/python3.13 -c deps/c-ares/src/lib/ares_free_string.c -o build/temp.android-24-arm64_v8a-cpython-313/deps/c-ares/src/lib/ares_free_string.o
      clang -fPIC -fPIC -DHAVE_CONFIG_H= -DCARES_EMBED=1 -DCYTHON_FAST_THREAD_STATE=0 -Ibuild/temp.android-24-arm64_v8a-cpython-313/c-ares/include -Ibuild/temp.android-24-arm64_v8a-cpython-313/c-ares/lib/include -I/data/data/com.termux/files/usr/include/python3.13 -I/data/data/com.termux/files/usr/include/python3.13 -I/data/data/com.termux/files/usr/tmp/pip-wheel-69w3ph6g/gevent_af108bd97bb548c3871d0b3a36b67bb8/deps -I/data/data/com.termux/files/usr/tmp/pip-wheel-69w3ph6g/gevent_af108bd97bb548c3871d0b3a36b67bb8/deps/c-ares/include -I/data/data/com.termux/files/usr/tmp/pip-wheel-69w3ph6g/gevent_af108bd97bb548c3871d0b3a36b67bb8/deps/c-ares/src/lib -I/data/data/com.termux/files/usr/tmp/pip-wheel-69w3ph6g/gevent_af108bd97bb548c3871d0b3a36b67bb8/deps/c-ares/src/lib/include -Isrc/gevent -Isrc/gevent/libev -Isrc/gevent/resolver -I. -I/data/data/com.termux/files/usr/include/python3.13 -c deps/c-ares/src/lib/ares_freeaddrinfo.c -o build/temp.android-24-arm64_v8a-cpython-313/deps/c-ares/src/lib/ares_freeaddrinfo.o
      clang -fPIC -fPIC -DHAVE_CONFIG_H= -DCARES_EMBED=1 -DCYTHON_FAST_THREAD_STATE=0 -Ibuild/temp.android-24-arm64_v8a-cpython-313/c-ares/include -Ibuild/temp.android-24-arm64_v8a-cpython-313/c-ares/lib/include -I/data/data/com.termux/files/usr/include/python3.13 -I/data/data/com.termux/files/usr/include/python3.13 -I/data/data/com.termux/files/usr/tmp/pip-wheel-69w3ph6g/gevent_af108bd97bb548c3871d0b3a36b67bb8/deps -I/data/data/com.termux/files/usr/tmp/pip-wheel-69w3ph6g/gevent_af108bd97bb548c3871d0b3a36b67bb8/deps/c-ares/include -I/data/data/com.termux/files/usr/tmp/pip-wheel-69w3ph6g/gevent_af108bd97bb548c3871d0b3a36b67bb8/deps/c-ares/src/lib -I/data/data/com.termux/files/usr/tmp/pip-wheel-69w3ph6g/gevent_af108bd97bb548c3871d0b3a36b67bb8/deps/c-ares/src/lib/include -Isrc/gevent -Isrc/gevent/libev -Isrc/gevent/resolver -I. -I/data/data/com.termux/files/usr/include/python3.13 -c deps/c-ares/src/lib/ares_getaddrinfo.c -o build/temp.android-24-arm64_v8a-cpython-313/deps/c-ares/src/lib/ares_getaddrinfo.o
      clang -fPIC -fPIC -DHAVE_CONFIG_H= -DCARES_EMBED=1 -DCYTHON_FAST_THREAD_STATE=0 -Ibuild/temp.android-24-arm64_v8a-cpython-313/c-ares/include -Ibuild/temp.android-24-arm64_v8a-cpython-313/c-ares/lib/include -I/data/data/com.termux/files/usr/include/python3.13 -I/data/data/com.termux/files/usr/include/python3.13 -I/data/data/com.termux/files/usr/tmp/pip-wheel-69w3ph6g/gevent_af108bd97bb548c3871d0b3a36b67bb8/deps -I/data/data/com.termux/files/usr/tmp/pip-wheel-69w3ph6g/gevent_af108bd97bb548c3871d0b3a36b67bb8/deps/c-ares/include -I/data/data/com.termux/files/usr/tmp/pip-wheel-69w3ph6g/gevent_af108bd97bb548c3871d0b3a36b67bb8/deps/c-ares/src/lib -I/data/data/com.termux/files/usr/tmp/pip-wheel-69w3ph6g/gevent_af108bd97bb548c3871d0b3a36b67bb8/deps/c-ares/src/lib/include -Isrc/gevent -Isrc/gevent/libev -Isrc/gevent/resolver -I. -I/data/data/com.termux/files/usr/include/python3.13 -c deps/c-ares/src/lib/ares_getenv.c -o build/temp.android-24-arm64_v8a-cpython-313/deps/c-ares/src/lib/ares_getenv.o
      clang -fPIC -fPIC -DHAVE_CONFIG_H= -DCARES_EMBED=1 -DCYTHON_FAST_THREAD_STATE=0 -Ibuild/temp.android-24-arm64_v8a-cpython-313/c-ares/include -Ibuild/temp.android-24-arm64_v8a-cpython-313/c-ares/lib/include -I/data/data/com.termux/files/usr/include/python3.13 -I/data/data/com.termux/files/usr/include/python3.13 -I/data/data/com.termux/files/usr/tmp/pip-wheel-69w3ph6g/gevent_af108bd97bb548c3871d0b3a36b67bb8/deps -I/data/data/com.termux/files/usr/tmp/pip-wheel-69w3ph6g/gevent_af108bd97bb548c3871d0b3a36b67bb8/deps/c-ares/include -I/data/data/com.termux/files/usr/tmp/pip-wheel-69w3ph6g/gevent_af108bd97bb548c3871d0b3a36b67bb8/deps/c-ares/src/lib -I/data/data/com.termux/files/usr/tmp/pip-wheel-69w3ph6g/gevent_af108bd97bb548c3871d0b3a36b67bb8/deps/c-ares/src/lib/include -Isrc/gevent -Isrc/gevent/libev -Isrc/gevent/resolver -I. -I/data/data/com.termux/files/usr/include/python3.13 -c deps/c-ares/src/lib/ares_gethostbyaddr.c -o build/temp.android-24-arm64_v8a-cpython-313/deps/c-ares/src/lib/ares_gethostbyaddr.o
      clang -fPIC -fPIC -DHAVE_CONFIG_H= -DCARES_EMBED=1 -DCYTHON_FAST_THREAD_STATE=0 -Ibuild/temp.android-24-arm64_v8a-cpython-313/c-ares/include -Ibuild/temp.android-24-arm64_v8a-cpython-313/c-ares/lib/include -I/data/data/com.termux/files/usr/include/python3.13 -I/data/data/com.termux/files/usr/include/python3.13 -I/data/data/com.termux/files/usr/tmp/pip-wheel-69w3ph6g/gevent_af108bd97bb548c3871d0b3a36b67bb8/deps -I/data/data/com.termux/files/usr/tmp/pip-wheel-69w3ph6g/gevent_af108bd97bb548c3871d0b3a36b67bb8/deps/c-ares/include -I/data/data/com.termux/files/usr/tmp/pip-wheel-69w3ph6g/gevent_af108bd97bb548c3871d0b3a36b67bb8/deps/c-ares/src/lib -I/data/data/com.termux/files/usr/tmp/pip-wheel-69w3ph6g/gevent_af108bd97bb548c3871d0b3a36b67bb8/deps/c-ares/src/lib/include -Isrc/gevent -Isrc/gevent/libev -Isrc/gevent/resolver -I. -I/data/data/com.termux/files/usr/include/python3.13 -c deps/c-ares/src/lib/ares_gethostbyname.c -o build/temp.android-24-arm64_v8a-cpython-313/deps/c-ares/src/lib/ares_gethostbyname.o
      clang -fPIC -fPIC -DHAVE_CONFIG_H= -DCARES_EMBED=1 -DCYTHON_FAST_THREAD_STATE=0 -Ibuild/temp.android-24-arm64_v8a-cpython-313/c-ares/include -Ibuild/temp.android-24-arm64_v8a-cpython-313/c-ares/lib/include -I/data/data/com.termux/files/usr/include/python3.13 -I/data/data/com.termux/files/usr/include/python3.13 -I/data/data/com.termux/files/usr/tmp/pip-wheel-69w3ph6g/gevent_af108bd97bb548c3871d0b3a36b67bb8/deps -I/data/data/com.termux/files/usr/tmp/pip-wheel-69w3ph6g/gevent_af108bd97bb548c3871d0b3a36b67bb8/deps/c-ares/include -I/data/data/com.termux/files/usr/tmp/pip-wheel-69w3ph6g/gevent_af108bd97bb548c3871d0b3a36b67bb8/deps/c-ares/src/lib -I/data/data/com.termux/files/usr/tmp/pip-wheel-69w3ph6g/gevent_af108bd97bb548c3871d0b3a36b67bb8/deps/c-ares/src/lib/include -Isrc/gevent -Isrc/gevent/libev -Isrc/gevent/resolver -I. -I/data/data/com.termux/files/usr/include/python3.13 -c deps/c-ares/src/lib/ares_getnameinfo.c -o build/temp.android-24-arm64_v8a-cpython-313/deps/c-ares/src/lib/ares_getnameinfo.o
      clang -fPIC -fPIC -DHAVE_CONFIG_H= -DCARES_EMBED=1 -DCYTHON_FAST_THREAD_STATE=0 -Ibuild/temp.android-24-arm64_v8a-cpython-313/c-ares/include -Ibuild/temp.android-24-arm64_v8a-cpython-313/c-ares/lib/include -I/data/data/com.termux/files/usr/include/python3.13 -I/data/data/com.termux/files/usr/include/python3.13 -I/data/data/com.termux/files/usr/tmp/pip-wheel-69w3ph6g/gevent_af108bd97bb548c3871d0b3a36b67bb8/deps -I/data/data/com.termux/files/usr/tmp/pip-wheel-69w3ph6g/gevent_af108bd97bb548c3871d0b3a36b67bb8/deps/c-ares/include -I/data/data/com.termux/files/usr/tmp/pip-wheel-69w3ph6g/gevent_af108bd97bb548c3871d0b3a36b67bb8/deps/c-ares/src/lib -I/data/data/com.termux/files/usr/tmp/pip-wheel-69w3ph6g/gevent_af108bd97bb548c3871d0b3a36b67bb8/deps/c-ares/src/lib/include -Isrc/gevent -Isrc/gevent/libev -Isrc/gevent/resolver -I. -I/data/data/com.termux/files/usr/include/python3.13 -c deps/c-ares/src/lib/ares_hosts_file.c -o build/temp.android-24-arm64_v8a-cpython-313/deps/c-ares/src/lib/ares_hosts_file.o
      clang -fPIC -fPIC -DHAVE_CONFIG_H= -DCARES_EMBED=1 -DCYTHON_FAST_THREAD_STATE=0 -Ibuild/temp.android-24-arm64_v8a-cpython-313/c-ares/include -Ibuild/temp.android-24-arm64_v8a-cpython-313/c-ares/lib/include -I/data/data/com.termux/files/usr/include/python3.13 -I/data/data/com.termux/files/usr/include/python3.13 -I/data/data/com.termux/files/usr/tmp/pip-wheel-69w3ph6g/gevent_af108bd97bb548c3871d0b3a36b67bb8/deps -I/data/data/com.termux/files/usr/tmp/pip-wheel-69w3ph6g/gevent_af108bd97bb548c3871d0b3a36b67bb8/deps/c-ares/include -I/data/data/com.termux/files/usr/tmp/pip-wheel-69w3ph6g/gevent_af108bd97bb548c3871d0b3a36b67bb8/deps/c-ares/src/lib -I/data/data/com.termux/files/usr/tmp/pip-wheel-69w3ph6g/gevent_af108bd97bb548c3871d0b3a36b67bb8/deps/c-ares/src/lib/include -Isrc/gevent -Isrc/gevent/libev -Isrc/gevent/resolver -I. -I/data/data/com.termux/files/usr/include/python3.13 -c deps/c-ares/src/lib/ares_init.c -o build/temp.android-24-arm64_v8a-cpython-313/deps/c-ares/src/lib/ares_init.o
      clang -fPIC -fPIC -DHAVE_CONFIG_H= -DCARES_EMBED=1 -DCYTHON_FAST_THREAD_STATE=0 -Ibuild/temp.android-24-arm64_v8a-cpython-313/c-ares/include -Ibuild/temp.android-24-arm64_v8a-cpython-313/c-ares/lib/include -I/data/data/com.termux/files/usr/include/python3.13 -I/data/data/com.termux/files/usr/include/python3.13 -I/data/data/com.termux/files/usr/tmp/pip-wheel-69w3ph6g/gevent_af108bd97bb548c3871d0b3a36b67bb8/deps -I/data/data/com.termux/files/usr/tmp/pip-wheel-69w3ph6g/gevent_af108bd97bb548c3871d0b3a36b67bb8/deps/c-ares/include -I/data/data/com.termux/files/usr/tmp/pip-wheel-69w3ph6g/gevent_af108bd97bb548c3871d0b3a36b67bb8/deps/c-ares/src/lib -I/data/data/com.termux/files/usr/tmp/pip-wheel-69w3ph6g/gevent_af108bd97bb548c3871d0b3a36b67bb8/deps/c-ares/src/lib/include -Isrc/gevent -Isrc/gevent/libev -Isrc/gevent/resolver -I. -I/data/data/com.termux/files/usr/include/python3.13 -c deps/c-ares/src/lib/ares_library_init.c -o build/temp.android-24-arm64_v8a-cpython-313/deps/c-ares/src/lib/ares_library_init.o
      clang -fPIC -fPIC -DHAVE_CONFIG_H= -DCARES_EMBED=1 -DCYTHON_FAST_THREAD_STATE=0 -Ibuild/temp.android-24-arm64_v8a-cpython-313/c-ares/include -Ibuild/temp.android-24-arm64_v8a-cpython-313/c-ares/lib/include -I/data/data/com.termux/files/usr/include/python3.13 -I/data/data/com.termux/files/usr/include/python3.13 -I/data/data/com.termux/files/usr/tmp/pip-wheel-69w3ph6g/gevent_af108bd97bb548c3871d0b3a36b67bb8/deps -I/data/data/com.termux/files/usr/tmp/pip-wheel-69w3ph6g/gevent_af108bd97bb548c3871d0b3a36b67bb8/deps/c-ares/include -I/data/data/com.termux/files/usr/tmp/pip-wheel-69w3ph6g/gevent_af108bd97bb548c3871d0b3a36b67bb8/deps/c-ares/src/lib -I/data/data/com.termux/files/usr/tmp/pip-wheel-69w3ph6g/gevent_af108bd97bb548c3871d0b3a36b67bb8/deps/c-ares/src/lib/include -Isrc/gevent -Isrc/gevent/libev -Isrc/gevent/resolver -I. -I/data/data/com.termux/files/usr/include/python3.13 -c deps/c-ares/src/lib/ares_metrics.c -o build/temp.android-24-arm64_v8a-cpython-313/deps/c-ares/src/lib/ares_metrics.o
      clang -fPIC -fPIC -DHAVE_CONFIG_H= -DCARES_EMBED=1 -DCYTHON_FAST_THREAD_STATE=0 -Ibuild/temp.android-24-arm64_v8a-cpython-313/c-ares/include -Ibuild/temp.android-24-arm64_v8a-cpython-313/c-ares/lib/include -I/data/data/com.termux/files/usr/include/python3.13 -I/data/data/com.termux/files/usr/include/python3.13 -I/data/data/com.termux/files/usr/tmp/pip-wheel-69w3ph6g/gevent_af108bd97bb548c3871d0b3a36b67bb8/deps -I/data/data/com.termux/files/usr/tmp/pip-wheel-69w3ph6g/gevent_af108bd97bb548c3871d0b3a36b67bb8/deps/c-ares/include -I/data/data/com.termux/files/usr/tmp/pip-wheel-69w3ph6g/gevent_af108bd97bb548c3871d0b3a36b67bb8/deps/c-ares/src/lib -I/data/data/com.termux/files/usr/tmp/pip-wheel-69w3ph6g/gevent_af108bd97bb548c3871d0b3a36b67bb8/deps/c-ares/src/lib/include -Isrc/gevent -Isrc/gevent/libev -Isrc/gevent/resolver -I. -I/data/data/com.termux/files/usr/include/python3.13 -c deps/c-ares/src/lib/ares_options.c -o build/temp.android-24-arm64_v8a-cpython-313/deps/c-ares/src/lib/ares_options.o
      clang -fPIC -fPIC -DHAVE_CONFIG_H= -DCARES_EMBED=1 -DCYTHON_FAST_THREAD_STATE=0 -Ibuild/temp.android-24-arm64_v8a-cpython-313/c-ares/include -Ibuild/temp.android-24-arm64_v8a-cpython-313/c-ares/lib/include -I/data/data/com.termux/files/usr/include/python3.13 -I/data/data/com.termux/files/usr/include/python3.13 -I/data/data/com.termux/files/usr/tmp/pip-wheel-69w3ph6g/gevent_af108bd97bb548c3871d0b3a36b67bb8/deps -I/data/data/com.termux/files/usr/tmp/pip-wheel-69w3ph6g/gevent_af108bd97bb548c3871d0b3a36b67bb8/deps/c-ares/include -I/data/data/com.termux/files/usr/tmp/pip-wheel-69w3ph6g/gevent_af108bd97bb548c3871d0b3a36b67bb8/deps/c-ares/src/lib -I/data/data/com.termux/files/usr/tmp/pip-wheel-69w3ph6g/gevent_af108bd97bb548c3871d0b3a36b67bb8/deps/c-ares/src/lib/include -Isrc/gevent -Isrc/gevent/libev -Isrc/gevent/resolver -I. -I/data/data/com.termux/files/usr/include/python3.13 -c deps/c-ares/src/lib/ares_parse_into_addrinfo.c -o build/temp.android-24-arm64_v8a-cpython-313/deps/c-ares/src/lib/ares_parse_into_addrinfo.o
      clang -fPIC -fPIC -DHAVE_CONFIG_H= -DCARES_EMBED=1 -DCYTHON_FAST_THREAD_STATE=0 -Ibuild/temp.android-24-arm64_v8a-cpython-313/c-ares/include -Ibuild/temp.android-24-arm64_v8a-cpython-313/c-ares/lib/include -I/data/data/com.termux/files/usr/include/python3.13 -I/data/data/com.termux/files/usr/include/python3.13 -I/data/data/com.termux/files/usr/tmp/pip-wheel-69w3ph6g/gevent_af108bd97bb548c3871d0b3a36b67bb8/deps -I/data/data/com.termux/files/usr/tmp/pip-wheel-69w3ph6g/gevent_af108bd97bb548c3871d0b3a36b67bb8/deps/c-ares/include -I/data/data/com.termux/files/usr/tmp/pip-wheel-69w3ph6g/gevent_af108bd97bb548c3871d0b3a36b67bb8/deps/c-ares/src/lib -I/data/data/com.termux/files/usr/tmp/pip-wheel-69w3ph6g/gevent_af108bd97bb548c3871d0b3a36b67bb8/deps/c-ares/src/lib/include -Isrc/gevent -Isrc/gevent/libev -Isrc/gevent/resolver -I. -I/data/data/com.termux/files/usr/include/python3.13 -c deps/c-ares/src/lib/ares_process.c -o build/temp.android-24-arm64_v8a-cpython-313/deps/c-ares/src/lib/ares_process.o
      clang -fPIC -fPIC -DHAVE_CONFIG_H= -DCARES_EMBED=1 -DCYTHON_FAST_THREAD_STATE=0 -Ibuild/temp.android-24-arm64_v8a-cpython-313/c-ares/include -Ibuild/temp.android-24-arm64_v8a-cpython-313/c-ares/lib/include -I/data/data/com.termux/files/usr/include/python3.13 -I/data/data/com.termux/files/usr/include/python3.13 -I/data/data/com.termux/files/usr/tmp/pip-wheel-69w3ph6g/gevent_af108bd97bb548c3871d0b3a36b67bb8/deps -I/data/data/com.termux/files/usr/tmp/pip-wheel-69w3ph6g/gevent_af108bd97bb548c3871d0b3a36b67bb8/deps/c-ares/include -I/data/data/com.termux/files/usr/tmp/pip-wheel-69w3ph6g/gevent_af108bd97bb548c3871d0b3a36b67bb8/deps/c-ares/src/lib -I/data/data/com.termux/files/usr/tmp/pip-wheel-69w3ph6g/gevent_af108bd97bb548c3871d0b3a36b67bb8/deps/c-ares/src/lib/include -Isrc/gevent -Isrc/gevent/libev -Isrc/gevent/resolver -I. -I/data/data/com.termux/files/usr/include/python3.13 -c deps/c-ares/src/lib/ares_qcache.c -o build/temp.android-24-arm64_v8a-cpython-313/deps/c-ares/src/lib/ares_qcache.o
      clang -fPIC -fPIC -DHAVE_CONFIG_H= -DCARES_EMBED=1 -DCYTHON_FAST_THREAD_STATE=0 -Ibuild/temp.android-24-arm64_v8a-cpython-313/c-ares/include -Ibuild/temp.android-24-arm64_v8a-cpython-313/c-ares/lib/include -I/data/data/com.termux/files/usr/include/python3.13 -I/data/data/com.termux/files/usr/include/python3.13 -I/data/data/com.termux/files/usr/tmp/pip-wheel-69w3ph6g/gevent_af108bd97bb548c3871d0b3a36b67bb8/deps -I/data/data/com.termux/files/usr/tmp/pip-wheel-69w3ph6g/gevent_af108bd97bb548c3871d0b3a36b67bb8/deps/c-ares/include -I/data/data/com.termux/files/usr/tmp/pip-wheel-69w3ph6g/gevent_af108bd97bb548c3871d0b3a36b67bb8/deps/c-ares/src/lib -I/data/data/com.termux/files/usr/tmp/pip-wheel-69w3ph6g/gevent_af108bd97bb548c3871d0b3a36b67bb8/deps/c-ares/src/lib/include -Isrc/gevent -Isrc/gevent/libev -Isrc/gevent/resolver -I. -I/data/data/com.termux/files/usr/include/python3.13 -c deps/c-ares/src/lib/ares_query.c -o build/temp.android-24-arm64_v8a-cpython-313/deps/c-ares/src/lib/ares_query.o
      clang -fPIC -fPIC -DHAVE_CONFIG_H= -DCARES_EMBED=1 -DCYTHON_FAST_THREAD_STATE=0 -Ibuild/temp.android-24-arm64_v8a-cpython-313/c-ares/include -Ibuild/temp.android-24-arm64_v8a-cpython-313/c-ares/lib/include -I/data/data/com.termux/files/usr/include/python3.13 -I/data/data/com.termux/files/usr/include/python3.13 -I/data/data/com.termux/files/usr/tmp/pip-wheel-69w3ph6g/gevent_af108bd97bb548c3871d0b3a36b67bb8/deps -I/data/data/com.termux/files/usr/tmp/pip-wheel-69w3ph6g/gevent_af108bd97bb548c3871d0b3a36b67bb8/deps/c-ares/include -I/data/data/com.termux/files/usr/tmp/pip-wheel-69w3ph6g/gevent_af108bd97bb548c3871d0b3a36b67bb8/deps/c-ares/src/lib -I/data/data/com.termux/files/usr/tmp/pip-wheel-69w3ph6g/gevent_af108bd97bb548c3871d0b3a36b67bb8/deps/c-ares/src/lib/include -Isrc/gevent -Isrc/gevent/libev -Isrc/gevent/resolver -I. -I/data/data/com.termux/files/usr/include/python3.13 -c deps/c-ares/src/lib/ares_search.c -o build/temp.android-24-arm64_v8a-cpython-313/deps/c-ares/src/lib/ares_search.o
      clang -fPIC -fPIC -DHAVE_CONFIG_H= -DCARES_EMBED=1 -DCYTHON_FAST_THREAD_STATE=0 -Ibuild/temp.android-24-arm64_v8a-cpython-313/c-ares/include -Ibuild/temp.android-24-arm64_v8a-cpython-313/c-ares/lib/include -I/data/data/com.termux/files/usr/include/python3.13 -I/data/data/com.termux/files/usr/include/python3.13 -I/data/data/com.termux/files/usr/tmp/pip-wheel-69w3ph6g/gevent_af108bd97bb548c3871d0b3a36b67bb8/deps -I/data/data/com.termux/files/usr/tmp/pip-wheel-69w3ph6g/gevent_af108bd97bb548c3871d0b3a36b67bb8/deps/c-ares/include -I/data/data/com.termux/files/usr/tmp/pip-wheel-69w3ph6g/gevent_af108bd97bb548c3871d0b3a36b67bb8/deps/c-ares/src/lib -I/data/data/com.termux/files/usr/tmp/pip-wheel-69w3ph6g/gevent_af108bd97bb548c3871d0b3a36b67bb8/deps/c-ares/src/lib/include -Isrc/gevent -Isrc/gevent/libev -Isrc/gevent/resolver -I. -I/data/data/com.termux/files/usr/include/python3.13 -c deps/c-ares/src/lib/ares_send.c -o build/temp.android-24-arm64_v8a-cpython-313/deps/c-ares/src/lib/ares_send.o
      clang -fPIC -fPIC -DHAVE_CONFIG_H= -DCARES_EMBED=1 -DCYTHON_FAST_THREAD_STATE=0 -Ibuild/temp.android-24-arm64_v8a-cpython-313/c-ares/include -Ibuild/temp.android-24-arm64_v8a-cpython-313/c-ares/lib/include -I/data/data/com.termux/files/usr/include/python3.13 -I/data/data/com.termux/files/usr/include/python3.13 -I/data/data/com.termux/files/usr/tmp/pip-wheel-69w3ph6g/gevent_af108bd97bb548c3871d0b3a36b67bb8/deps -I/data/data/com.termux/files/usr/tmp/pip-wheel-69w3ph6g/gevent_af108bd97bb548c3871d0b3a36b67bb8/deps/c-ares/include -I/data/data/com.termux/files/usr/tmp/pip-wheel-69w3ph6g/gevent_af108bd97bb548c3871d0b3a36b67bb8/deps/c-ares/src/lib -I/data/data/com.termux/files/usr/tmp/pip-wheel-69w3ph6g/gevent_af108bd97bb548c3871d0b3a36b67bb8/deps/c-ares/src/lib/include -Isrc/gevent -Isrc/gevent/libev -Isrc/gevent/resolver -I. -I/data/data/com.termux/files/usr/include/python3.13 -c deps/c-ares/src/lib/ares_set_socket_functions.c -o build/temp.android-24-arm64_v8a-cpython-313/deps/c-ares/src/lib/ares_set_socket_functions.o
      clang -fPIC -fPIC -DHAVE_CONFIG_H= -DCARES_EMBED=1 -DCYTHON_FAST_THREAD_STATE=0 -Ibuild/temp.android-24-arm64_v8a-cpython-313/c-ares/include -Ibuild/temp.android-24-arm64_v8a-cpython-313/c-ares/lib/include -I/data/data/com.termux/files/usr/include/python3.13 -I/data/data/com.termux/files/usr/include/python3.13 -I/data/data/com.termux/files/usr/tmp/pip-wheel-69w3ph6g/gevent_af108bd97bb548c3871d0b3a36b67bb8/deps -I/data/data/com.termux/files/usr/tmp/pip-wheel-69w3ph6g/gevent_af108bd97bb548c3871d0b3a36b67bb8/deps/c-ares/include -I/data/data/com.termux/files/usr/tmp/pip-wheel-69w3ph6g/gevent_af108bd97bb548c3871d0b3a36b67bb8/deps/c-ares/src/lib -I/data/data/com.termux/files/usr/tmp/pip-wheel-69w3ph6g/gevent_af108bd97bb548c3871d0b3a36b67bb8/deps/c-ares/src/lib/include -Isrc/gevent -Isrc/gevent/libev -Isrc/gevent/resolver -I. -I/data/data/com.termux/files/usr/include/python3.13 -c deps/c-ares/src/lib/ares_socket.c -o build/temp.android-24-arm64_v8a-cpython-313/deps/c-ares/src/lib/ares_socket.o
      clang -fPIC -fPIC -DHAVE_CONFIG_H= -DCARES_EMBED=1 -DCYTHON_FAST_THREAD_STATE=0 -Ibuild/temp.android-24-arm64_v8a-cpython-313/c-ares/include -Ibuild/temp.android-24-arm64_v8a-cpython-313/c-ares/lib/include -I/data/data/com.termux/files/usr/include/python3.13 -I/data/data/com.termux/files/usr/include/python3.13 -I/data/data/com.termux/files/usr/tmp/pip-wheel-69w3ph6g/gevent_af108bd97bb548c3871d0b3a36b67bb8/deps -I/data/data/com.termux/files/usr/tmp/pip-wheel-69w3ph6g/gevent_af108bd97bb548c3871d0b3a36b67bb8/deps/c-ares/include -I/data/data/com.termux/files/usr/tmp/pip-wheel-69w3ph6g/gevent_af108bd97bb548c3871d0b3a36b67bb8/deps/c-ares/src/lib -I/data/data/com.termux/files/usr/tmp/pip-wheel-69w3ph6g/gevent_af108bd97bb548c3871d0b3a36b67bb8/deps/c-ares/src/lib/include -Isrc/gevent -Isrc/gevent/libev -Isrc/gevent/resolver -I. -I/data/data/com.termux/files/usr/include/python3.13 -c deps/c-ares/src/lib/ares_sortaddrinfo.c -o build/temp.android-24-arm64_v8a-cpython-313/deps/c-ares/src/lib/ares_sortaddrinfo.o
      clang -fPIC -fPIC -DHAVE_CONFIG_H= -DCARES_EMBED=1 -DCYTHON_FAST_THREAD_STATE=0 -Ibuild/temp.android-24-arm64_v8a-cpython-313/c-ares/include -Ibuild/temp.android-24-arm64_v8a-cpython-313/c-ares/lib/include -I/data/data/com.termux/files/usr/include/python3.13 -I/data/data/com.termux/files/usr/include/python3.13 -I/data/data/com.termux/files/usr/tmp/pip-wheel-69w3ph6g/gevent_af108bd97bb548c3871d0b3a36b67bb8/deps -I/data/data/com.termux/files/usr/tmp/pip-wheel-69w3ph6g/gevent_af108bd97bb548c3871d0b3a36b67bb8/deps/c-ares/include -I/data/data/com.termux/files/usr/tmp/pip-wheel-69w3ph6g/gevent_af108bd97bb548c3871d0b3a36b67bb8/deps/c-ares/src/lib -I/data/data/com.termux/files/usr/tmp/pip-wheel-69w3ph6g/gevent_af108bd97bb548c3871d0b3a36b67bb8/deps/c-ares/src/lib/include -Isrc/gevent -Isrc/gevent/libev -Isrc/gevent/resolver -I. -I/data/data/com.termux/files/usr/include/python3.13 -c deps/c-ares/src/lib/ares_strerror.c -o build/temp.android-24-arm64_v8a-cpython-313/deps/c-ares/src/lib/ares_strerror.o
      clang -fPIC -fPIC -DHAVE_CONFIG_H= -DCARES_EMBED=1 -DCYTHON_FAST_THREAD_STATE=0 -Ibuild/temp.android-24-arm64_v8a-cpython-313/c-ares/include -Ibuild/temp.android-24-arm64_v8a-cpython-313/c-ares/lib/include -I/data/data/com.termux/files/usr/include/python3.13 -I/data/data/com.termux/files/usr/include/python3.13 -I/data/data/com.termux/files/usr/tmp/pip-wheel-69w3ph6g/gevent_af108bd97bb548c3871d0b3a36b67bb8/deps -I/data/data/com.termux/files/usr/tmp/pip-wheel-69w3ph6g/gevent_af108bd97bb548c3871d0b3a36b67bb8/deps/c-ares/include -I/data/data/com.termux/files/usr/tmp/pip-wheel-69w3ph6g/gevent_af108bd97bb548c3871d0b3a36b67bb8/deps/c-ares/src/lib -I/data/data/com.termux/files/usr/tmp/pip-wheel-69w3ph6g/gevent_af108bd97bb548c3871d0b3a36b67bb8/deps/c-ares/src/lib/include -Isrc/gevent -Isrc/gevent/libev -Isrc/gevent/resolver -I. -I/data/data/com.termux/files/usr/include/python3.13 -c deps/c-ares/src/lib/ares_sysconfig.c -o build/temp.android-24-arm64_v8a-cpython-313/deps/c-ares/src/lib/ares_sysconfig.o
      clang -fPIC -fPIC -DHAVE_CONFIG_H= -DCARES_EMBED=1 -DCYTHON_FAST_THREAD_STATE=0 -Ibuild/temp.android-24-arm64_v8a-cpython-313/c-ares/include -Ibuild/temp.android-24-arm64_v8a-cpython-313/c-ares/lib/include -I/data/data/com.termux/files/usr/include/python3.13 -I/data/data/com.termux/files/usr/include/python3.13 -I/data/data/com.termux/files/usr/tmp/pip-wheel-69w3ph6g/gevent_af108bd97bb548c3871d0b3a36b67bb8/deps -I/data/data/com.termux/files/usr/tmp/pip-wheel-69w3ph6g/gevent_af108bd97bb548c3871d0b3a36b67bb8/deps/c-ares/include -I/data/data/com.termux/files/usr/tmp/pip-wheel-69w3ph6g/gevent_af108bd97bb548c3871d0b3a36b67bb8/deps/c-ares/src/lib -I/data/data/com.termux/files/usr/tmp/pip-wheel-69w3ph6g/gevent_af108bd97bb548c3871d0b3a36b67bb8/deps/c-ares/src/lib/include -Isrc/gevent -Isrc/gevent/libev -Isrc/gevent/resolver -I. -I/data/data/com.termux/files/usr/include/python3.13 -c deps/c-ares/src/lib/ares_sysconfig_files.c -o build/temp.android-24-arm64_v8a-cpython-313/deps/c-ares/src/lib/ares_sysconfig_files.o
      clang -fPIC -fPIC -DHAVE_CONFIG_H= -DCARES_EMBED=1 -DCYTHON_FAST_THREAD_STATE=0 -Ibuild/temp.android-24-arm64_v8a-cpython-313/c-ares/include -Ibuild/temp.android-24-arm64_v8a-cpython-313/c-ares/lib/include -I/data/data/com.termux/files/usr/include/python3.13 -I/data/data/com.termux/files/usr/include/python3.13 -I/data/data/com.termux/files/usr/tmp/pip-wheel-69w3ph6g/gevent_af108bd97bb548c3871d0b3a36b67bb8/deps -I/data/data/com.termux/files/usr/tmp/pip-wheel-69w3ph6g/gevent_af108bd97bb548c3871d0b3a36b67bb8/deps/c-ares/include -I/data/data/com.termux/files/usr/tmp/pip-wheel-69w3ph6g/gevent_af108bd97bb548c3871d0b3a36b67bb8/deps/c-ares/src/lib -I/data/data/com.termux/files/usr/tmp/pip-wheel-69w3ph6g/gevent_af108bd97bb548c3871d0b3a36b67bb8/deps/c-ares/src/lib/include -Isrc/gevent -Isrc/gevent/libev -Isrc/gevent/resolver -I. -I/data/data/com.termux/files/usr/include/python3.13 -c deps/c-ares/src/lib/ares_sysconfig_mac.c -o build/temp.android-24-arm64_v8a-cpython-313/deps/c-ares/src/lib/ares_sysconfig_mac.o
      clang -fPIC -fPIC -DHAVE_CONFIG_H= -DCARES_EMBED=1 -DCYTHON_FAST_THREAD_STATE=0 -Ibuild/temp.android-24-arm64_v8a-cpython-313/c-ares/include -Ibuild/temp.android-24-arm64_v8a-cpython-313/c-ares/lib/include -I/data/data/com.termux/files/usr/include/python3.13 -I/data/data/com.termux/files/usr/include/python3.13 -I/data/data/com.termux/files/usr/tmp/pip-wheel-69w3ph6g/gevent_af108bd97bb548c3871d0b3a36b67bb8/deps -I/data/data/com.termux/files/usr/tmp/pip-wheel-69w3ph6g/gevent_af108bd97bb548c3871d0b3a36b67bb8/deps/c-ares/include -I/data/data/com.termux/files/usr/tmp/pip-wheel-69w3ph6g/gevent_af108bd97bb548c3871d0b3a36b67bb8/deps/c-ares/src/lib -I/data/data/com.termux/files/usr/tmp/pip-wheel-69w3ph6g/gevent_af108bd97bb548c3871d0b3a36b67bb8/deps/c-ares/src/lib/include -Isrc/gevent -Isrc/gevent/libev -Isrc/gevent/resolver -I. -I/data/data/com.termux/files/usr/include/python3.13 -c deps/c-ares/src/lib/ares_sysconfig_win.c -o build/temp.android-24-arm64_v8a-cpython-313/deps/c-ares/src/lib/ares_sysconfig_win.o
      clang -fPIC -fPIC -DHAVE_CONFIG_H= -DCARES_EMBED=1 -DCYTHON_FAST_THREAD_STATE=0 -Ibuild/temp.android-24-arm64_v8a-cpython-313/c-ares/include -Ibuild/temp.android-24-arm64_v8a-cpython-313/c-ares/lib/include -I/data/data/com.termux/files/usr/include/python3.13 -I/data/data/com.termux/files/usr/include/python3.13 -I/data/data/com.termux/files/usr/tmp/pip-wheel-69w3ph6g/gevent_af108bd97bb548c3871d0b3a36b67bb8/deps -I/data/data/com.termux/files/usr/tmp/pip-wheel-69w3ph6g/gevent_af108bd97bb548c3871d0b3a36b67bb8/deps/c-ares/include -I/data/data/com.termux/files/usr/tmp/pip-wheel-69w3ph6g/gevent_af108bd97bb548c3871d0b3a36b67bb8/deps/c-ares/src/lib -I/data/data/com.termux/files/usr/tmp/pip-wheel-69w3ph6g/gevent_af108bd97bb548c3871d0b3a36b67bb8/deps/c-ares/src/lib/include -Isrc/gevent -Isrc/gevent/libev -Isrc/gevent/resolver -I. -I/data/data/com.termux/files/usr/include/python3.13 -c deps/c-ares/src/lib/ares_timeout.c -o build/temp.android-24-arm64_v8a-cpython-313/deps/c-ares/src/lib/ares_timeout.o
      clang -fPIC -fPIC -DHAVE_CONFIG_H= -DCARES_EMBED=1 -DCYTHON_FAST_THREAD_STATE=0 -Ibuild/temp.android-24-arm64_v8a-cpython-313/c-ares/include -Ibuild/temp.android-24-arm64_v8a-cpython-313/c-ares/lib/include -I/data/data/com.termux/files/usr/include/python3.13 -I/data/data/com.termux/files/usr/include/python3.13 -I/data/data/com.termux/files/usr/tmp/pip-wheel-69w3ph6g/gevent_af108bd97bb548c3871d0b3a36b67bb8/deps -I/data/data/com.termux/files/usr/tmp/pip-wheel-69w3ph6g/gevent_af108bd97bb548c3871d0b3a36b67bb8/deps/c-ares/include -I/data/data/com.termux/files/usr/tmp/pip-wheel-69w3ph6g/gevent_af108bd97bb548c3871d0b3a36b67bb8/deps/c-ares/src/lib -I/data/data/com.termux/files/usr/tmp/pip-wheel-69w3ph6g/gevent_af108bd97bb548c3871d0b3a36b67bb8/deps/c-ares/src/lib/include -Isrc/gevent -Isrc/gevent/libev -Isrc/gevent/resolver -I. -I/data/data/com.termux/files/usr/include/python3.13 -c deps/c-ares/src/lib/ares_update_servers.c -o build/temp.android-24-arm64_v8a-cpython-313/deps/c-ares/src/lib/ares_update_servers.o
      clang -fPIC -fPIC -DHAVE_CONFIG_H= -DCARES_EMBED=1 -DCYTHON_FAST_THREAD_STATE=0 -Ibuild/temp.android-24-arm64_v8a-cpython-313/c-ares/include -Ibuild/temp.android-24-arm64_v8a-cpython-313/c-ares/lib/include -I/data/data/com.termux/files/usr/include/python3.13 -I/data/data/com.termux/files/usr/include/python3.13 -I/data/data/com.termux/files/usr/tmp/pip-wheel-69w3ph6g/gevent_af108bd97bb548c3871d0b3a36b67bb8/deps -I/data/data/com.termux/files/usr/tmp/pip-wheel-69w3ph6g/gevent_af108bd97bb548c3871d0b3a36b67bb8/deps/c-ares/include -I/data/data/com.termux/files/usr/tmp/pip-wheel-69w3ph6g/gevent_af108bd97bb548c3871d0b3a36b67bb8/deps/c-ares/src/lib -I/data/data/com.termux/files/usr/tmp/pip-wheel-69w3ph6g/gevent_af108bd97bb548c3871d0b3a36b67bb8/deps/c-ares/src/lib/include -Isrc/gevent -Isrc/gevent/libev -Isrc/gevent/resolver -I. -I/data/data/com.termux/files/usr/include/python3.13 -c deps/c-ares/src/lib/ares_version.c -o build/temp.android-24-arm64_v8a-cpython-313/deps/c-ares/src/lib/ares_version.o
      clang -fPIC -fPIC -DHAVE_CONFIG_H= -DCARES_EMBED=1 -DCYTHON_FAST_THREAD_STATE=0 -Ibuild/temp.android-24-arm64_v8a-cpython-313/c-ares/include -Ibuild/temp.android-24-arm64_v8a-cpython-313/c-ares/lib/include -I/data/data/com.termux/files/usr/include/python3.13 -I/data/data/com.termux/files/usr/include/python3.13 -I/data/data/com.termux/files/usr/tmp/pip-wheel-69w3ph6g/gevent_af108bd97bb548c3871d0b3a36b67bb8/deps -I/data/data/com.termux/files/usr/tmp/pip-wheel-69w3ph6g/gevent_af108bd97bb548c3871d0b3a36b67bb8/deps/c-ares/include -I/data/data/com.termux/files/usr/tmp/pip-wheel-69w3ph6g/gevent_af108bd97bb548c3871d0b3a36b67bb8/deps/c-ares/src/lib -I/data/data/com.termux/files/usr/tmp/pip-wheel-69w3ph6g/gevent_af108bd97bb548c3871d0b3a36b67bb8/deps/c-ares/src/lib/include -Isrc/gevent -Isrc/gevent/libev -Isrc/gevent/resolver -I. -I/data/data/com.termux/files/usr/include/python3.13 -c deps/c-ares/src/lib/dsa/ares_array.c -o build/temp.android-24-arm64_v8a-cpython-313/deps/c-ares/src/lib/dsa/ares_array.o
      clang -fPIC -fPIC -DHAVE_CONFIG_H= -DCARES_EMBED=1 -DCYTHON_FAST_THREAD_STATE=0 -Ibuild/temp.android-24-arm64_v8a-cpython-313/c-ares/include -Ibuild/temp.android-24-arm64_v8a-cpython-313/c-ares/lib/include -I/data/data/com.termux/files/usr/include/python3.13 -I/data/data/com.termux/files/usr/include/python3.13 -I/data/data/com.termux/files/usr/tmp/pip-wheel-69w3ph6g/gevent_af108bd97bb548c3871d0b3a36b67bb8/deps -I/data/data/com.termux/files/usr/tmp/pip-wheel-69w3ph6g/gevent_af108bd97bb548c3871d0b3a36b67bb8/deps/c-ares/include -I/data/data/com.termux/files/usr/tmp/pip-wheel-69w3ph6g/gevent_af108bd97bb548c3871d0b3a36b67bb8/deps/c-ares/src/lib -I/data/data/com.termux/files/usr/tmp/pip-wheel-69w3ph6g/gevent_af108bd97bb548c3871d0b3a36b67bb8/deps/c-ares/src/lib/include -Isrc/gevent -Isrc/gevent/libev -Isrc/gevent/resolver -I. -I/data/data/com.termux/files/usr/include/python3.13 -c deps/c-ares/src/lib/dsa/ares_htable.c -o build/temp.android-24-arm64_v8a-cpython-313/deps/c-ares/src/lib/dsa/ares_htable.o
      clang -fPIC -fPIC -DHAVE_CONFIG_H= -DCARES_EMBED=1 -DCYTHON_FAST_THREAD_STATE=0 -Ibuild/temp.android-24-arm64_v8a-cpython-313/c-ares/include -Ibuild/temp.android-24-arm64_v8a-cpython-313/c-ares/lib/include -I/data/data/com.termux/files/usr/include/python3.13 -I/data/data/com.termux/files/usr/include/python3.13 -I/data/data/com.termux/files/usr/tmp/pip-wheel-69w3ph6g/gevent_af108bd97bb548c3871d0b3a36b67bb8/deps -I/data/data/com.termux/files/usr/tmp/pip-wheel-69w3ph6g/gevent_af108bd97bb548c3871d0b3a36b67bb8/deps/c-ares/include -I/data/data/com.termux/files/usr/tmp/pip-wheel-69w3ph6g/gevent_af108bd97bb548c3871d0b3a36b67bb8/deps/c-ares/src/lib -I/data/data/com.termux/files/usr/tmp/pip-wheel-69w3ph6g/gevent_af108bd97bb548c3871d0b3a36b67bb8/deps/c-ares/src/lib/include -Isrc/gevent -Isrc/gevent/libev -Isrc/gevent/resolver -I. -I/data/data/com.termux/files/usr/include/python3.13 -c deps/c-ares/src/lib/dsa/ares_htable_asvp.c -o build/temp.android-24-arm64_v8a-cpython-313/deps/c-ares/src/lib/dsa/ares_htable_asvp.o
      clang -fPIC -fPIC -DHAVE_CONFIG_H= -DCARES_EMBED=1 -DCYTHON_FAST_THREAD_STATE=0 -Ibuild/temp.android-24-arm64_v8a-cpython-313/c-ares/include -Ibuild/temp.android-24-arm64_v8a-cpython-313/c-ares/lib/include -I/data/data/com.termux/files/usr/include/python3.13 -I/data/data/com.termux/files/usr/include/python3.13 -I/data/data/com.termux/files/usr/tmp/pip-wheel-69w3ph6g/gevent_af108bd97bb548c3871d0b3a36b67bb8/deps -I/data/data/com.termux/files/usr/tmp/pip-wheel-69w3ph6g/gevent_af108bd97bb548c3871d0b3a36b67bb8/deps/c-ares/include -I/data/data/com.termux/files/usr/tmp/pip-wheel-69w3ph6g/gevent_af108bd97bb548c3871d0b3a36b67bb8/deps/c-ares/src/lib -I/data/data/com.termux/files/usr/tmp/pip-wheel-69w3ph6g/gevent_af108bd97bb548c3871d0b3a36b67bb8/deps/c-ares/src/lib/include -Isrc/gevent -Isrc/gevent/libev -Isrc/gevent/resolver -I. -I/data/data/com.termux/files/usr/include/python3.13 -c deps/c-ares/src/lib/dsa/ares_htable_dict.c -o build/temp.android-24-arm64_v8a-cpython-313/deps/c-ares/src/lib/dsa/ares_htable_dict.o
      clang -fPIC -fPIC -DHAVE_CONFIG_H= -DCARES_EMBED=1 -DCYTHON_FAST_THREAD_STATE=0 -Ibuild/temp.android-24-arm64_v8a-cpython-313/c-ares/include -Ibuild/temp.android-24-arm64_v8a-cpython-313/c-ares/lib/include -I/data/data/com.termux/files/usr/include/python3.13 -I/data/data/com.termux/files/usr/include/python3.13 -I/data/data/com.termux/files/usr/tmp/pip-wheel-69w3ph6g/gevent_af108bd97bb548c3871d0b3a36b67bb8/deps -I/data/data/com.termux/files/usr/tmp/pip-wheel-69w3ph6g/gevent_af108bd97bb548c3871d0b3a36b67bb8/deps/c-ares/include -I/data/data/com.termux/files/usr/tmp/pip-wheel-69w3ph6g/gevent_af108bd97bb548c3871d0b3a36b67bb8/deps/c-ares/src/lib -I/data/data/com.termux/files/usr/tmp/pip-wheel-69w3ph6g/gevent_af108bd97bb548c3871d0b3a36b67bb8/deps/c-ares/src/lib/include -Isrc/gevent -Isrc/gevent/libev -Isrc/gevent/resolver -I. -I/data/data/com.termux/files/usr/include/python3.13 -c deps/c-ares/src/lib/dsa/ares_htable_strvp.c -o build/temp.android-24-arm64_v8a-cpython-313/deps/c-ares/src/lib/dsa/ares_htable_strvp.o
      clang -fPIC -fPIC -DHAVE_CONFIG_H= -DCARES_EMBED=1 -DCYTHON_FAST_THREAD_STATE=0 -Ibuild/temp.android-24-arm64_v8a-cpython-313/c-ares/include -Ibuild/temp.android-24-arm64_v8a-cpython-313/c-ares/lib/include -I/data/data/com.termux/files/usr/include/python3.13 -I/data/data/com.termux/files/usr/include/python3.13 -I/data/data/com.termux/files/usr/tmp/pip-wheel-69w3ph6g/gevent_af108bd97bb548c3871d0b3a36b67bb8/deps -I/data/data/com.termux/files/usr/tmp/pip-wheel-69w3ph6g/gevent_af108bd97bb548c3871d0b3a36b67bb8/deps/c-ares/include -I/data/data/com.termux/files/usr/tmp/pip-wheel-69w3ph6g/gevent_af108bd97bb548c3871d0b3a36b67bb8/deps/c-ares/src/lib -I/data/data/com.termux/files/usr/tmp/pip-wheel-69w3ph6g/gevent_af108bd97bb548c3871d0b3a36b67bb8/deps/c-ares/src/lib/include -Isrc/gevent -Isrc/gevent/libev -Isrc/gevent/resolver -I. -I/data/data/com.termux/files/usr/include/python3.13 -c deps/c-ares/src/lib/dsa/ares_htable_szvp.c -o build/temp.android-24-arm64_v8a-cpython-313/deps/c-ares/src/lib/dsa/ares_htable_szvp.o
      clang -fPIC -fPIC -DHAVE_CONFIG_H= -DCARES_EMBED=1 -DCYTHON_FAST_THREAD_STATE=0 -Ibuild/temp.android-24-arm64_v8a-cpython-313/c-ares/include -Ibuild/temp.android-24-arm64_v8a-cpython-313/c-ares/lib/include -I/data/data/com.termux/files/usr/include/python3.13 -I/data/data/com.termux/files/usr/include/python3.13 -I/data/data/com.termux/files/usr/tmp/pip-wheel-69w3ph6g/gevent_af108bd97bb548c3871d0b3a36b67bb8/deps -I/data/data/com.termux/files/usr/tmp/pip-wheel-69w3ph6g/gevent_af108bd97bb548c3871d0b3a36b67bb8/deps/c-ares/include -I/data/data/com.termux/files/usr/tmp/pip-wheel-69w3ph6g/gevent_af108bd97bb548c3871d0b3a36b67bb8/deps/c-ares/src/lib -I/data/data/com.termux/files/usr/tmp/pip-wheel-69w3ph6g/gevent_af108bd97bb548c3871d0b3a36b67bb8/deps/c-ares/src/lib/include -Isrc/gevent -Isrc/gevent/libev -Isrc/gevent/resolver -I. -I/data/data/com.termux/files/usr/include/python3.13 -c deps/c-ares/src/lib/dsa/ares_htable_vpstr.c -o build/temp.android-24-arm64_v8a-cpython-313/deps/c-ares/src/lib/dsa/ares_htable_vpstr.o
      clang -fPIC -fPIC -DHAVE_CONFIG_H= -DCARES_EMBED=1 -DCYTHON_FAST_THREAD_STATE=0 -Ibuild/temp.android-24-arm64_v8a-cpython-313/c-ares/include -Ibuild/temp.android-24-arm64_v8a-cpython-313/c-ares/lib/include -I/data/data/com.termux/files/usr/include/python3.13 -I/data/data/com.termux/files/usr/include/python3.13 -I/data/data/com.termux/files/usr/tmp/pip-wheel-69w3ph6g/gevent_af108bd97bb548c3871d0b3a36b67bb8/deps -I/data/data/com.termux/files/usr/tmp/pip-wheel-69w3ph6g/gevent_af108bd97bb548c3871d0b3a36b67bb8/deps/c-ares/include -I/data/data/com.termux/files/usr/tmp/pip-wheel-69w3ph6g/gevent_af108bd97bb548c3871d0b3a36b67bb8/deps/c-ares/src/lib -I/data/data/com.termux/files/usr/tmp/pip-wheel-69w3ph6g/gevent_af108bd97bb548c3871d0b3a36b67bb8/deps/c-ares/src/lib/include -Isrc/gevent -Isrc/gevent/libev -Isrc/gevent/resolver -I. -I/data/data/com.termux/files/usr/include/python3.13 -c deps/c-ares/src/lib/dsa/ares_htable_vpvp.c -o build/temp.android-24-arm64_v8a-cpython-313/deps/c-ares/src/lib/dsa/ares_htable_vpvp.o
      clang -fPIC -fPIC -DHAVE_CONFIG_H= -DCARES_EMBED=1 -DCYTHON_FAST_THREAD_STATE=0 -Ibuild/temp.android-24-arm64_v8a-cpython-313/c-ares/include -Ibuild/temp.android-24-arm64_v8a-cpython-313/c-ares/lib/include -I/data/data/com.termux/files/usr/include/python3.13 -I/data/data/com.termux/files/usr/include/python3.13 -I/data/data/com.termux/files/usr/tmp/pip-wheel-69w3ph6g/gevent_af108bd97bb548c3871d0b3a36b67bb8/deps -I/data/data/com.termux/files/usr/tmp/pip-wheel-69w3ph6g/gevent_af108bd97bb548c3871d0b3a36b67bb8/deps/c-ares/include -I/data/data/com.termux/files/usr/tmp/pip-wheel-69w3ph6g/gevent_af108bd97bb548c3871d0b3a36b67bb8/deps/c-ares/src/lib -I/data/data/com.termux/files/usr/tmp/pip-wheel-69w3ph6g/gevent_af108bd97bb548c3871d0b3a36b67bb8/deps/c-ares/src/lib/include -Isrc/gevent -Isrc/gevent/libev -Isrc/gevent/resolver -I. -I/data/data/com.termux/files/usr/include/python3.13 -c deps/c-ares/src/lib/dsa/ares_llist.c -o build/temp.android-24-arm64_v8a-cpython-313/deps/c-ares/src/lib/dsa/ares_llist.o
      clang -fPIC -fPIC -DHAVE_CONFIG_H= -DCARES_EMBED=1 -DCYTHON_FAST_THREAD_STATE=0 -Ibuild/temp.android-24-arm64_v8a-cpython-313/c-ares/include -Ibuild/temp.android-24-arm64_v8a-cpython-313/c-ares/lib/include -I/data/data/com.termux/files/usr/include/python3.13 -I/data/data/com.termux/files/usr/include/python3.13 -I/data/data/com.termux/files/usr/tmp/pip-wheel-69w3ph6g/gevent_af108bd97bb548c3871d0b3a36b67bb8/deps -I/data/data/com.termux/files/usr/tmp/pip-wheel-69w3ph6g/gevent_af108bd97bb548c3871d0b3a36b67bb8/deps/c-ares/include -I/data/data/com.termux/files/usr/tmp/pip-wheel-69w3ph6g/gevent_af108bd97bb548c3871d0b3a36b67bb8/deps/c-ares/src/lib -I/data/data/com.termux/files/usr/tmp/pip-wheel-69w3ph6g/gevent_af108bd97bb548c3871d0b3a36b67bb8/deps/c-ares/src/lib/include -Isrc/gevent -Isrc/gevent/libev -Isrc/gevent/resolver -I. -I/data/data/com.termux/files/usr/include/python3.13 -c deps/c-ares/src/lib/dsa/ares_slist.c -o build/temp.android-24-arm64_v8a-cpython-313/deps/c-ares/src/lib/dsa/ares_slist.o
      clang -fPIC -fPIC -DHAVE_CONFIG_H= -DCARES_EMBED=1 -DCYTHON_FAST_THREAD_STATE=0 -Ibuild/temp.android-24-arm64_v8a-cpython-313/c-ares/include -Ibuild/temp.android-24-arm64_v8a-cpython-313/c-ares/lib/include -I/data/data/com.termux/files/usr/include/python3.13 -I/data/data/com.termux/files/usr/include/python3.13 -I/data/data/com.termux/files/usr/tmp/pip-wheel-69w3ph6g/gevent_af108bd97bb548c3871d0b3a36b67bb8/deps -I/data/data/com.termux/files/usr/tmp/pip-wheel-69w3ph6g/gevent_af108bd97bb548c3871d0b3a36b67bb8/deps/c-ares/include -I/data/data/com.termux/files/usr/tmp/pip-wheel-69w3ph6g/gevent_af108bd97bb548c3871d0b3a36b67bb8/deps/c-ares/src/lib -I/data/data/com.termux/files/usr/tmp/pip-wheel-69w3ph6g/gevent_af108bd97bb548c3871d0b3a36b67bb8/deps/c-ares/src/lib/include -Isrc/gevent -Isrc/gevent/libev -Isrc/gevent/resolver -I. -I/data/data/com.termux/files/usr/include/python3.13 -c deps/c-ares/src/lib/event/ares_event_configchg.c -o build/temp.android-24-arm64_v8a-cpython-313/deps/c-ares/src/lib/event/ares_event_configchg.o
      clang -fPIC -fPIC -DHAVE_CONFIG_H= -DCARES_EMBED=1 -DCYTHON_FAST_THREAD_STATE=0 -Ibuild/temp.android-24-arm64_v8a-cpython-313/c-ares/include -Ibuild/temp.android-24-arm64_v8a-cpython-313/c-ares/lib/include -I/data/data/com.termux/files/usr/include/python3.13 -I/data/data/com.termux/files/usr/include/python3.13 -I/data/data/com.termux/files/usr/tmp/pip-wheel-69w3ph6g/gevent_af108bd97bb548c3871d0b3a36b67bb8/deps -I/data/data/com.termux/files/usr/tmp/pip-wheel-69w3ph6g/gevent_af108bd97bb548c3871d0b3a36b67bb8/deps/c-ares/include -I/data/data/com.termux/files/usr/tmp/pip-wheel-69w3ph6g/gevent_af108bd97bb548c3871d0b3a36b67bb8/deps/c-ares/src/lib -I/data/data/com.termux/files/usr/tmp/pip-wheel-69w3ph6g/gevent_af108bd97bb548c3871d0b3a36b67bb8/deps/c-ares/src/lib/include -Isrc/gevent -Isrc/gevent/libev -Isrc/gevent/resolver -I. -I/data/data/com.termux/files/usr/include/python3.13 -c deps/c-ares/src/lib/event/ares_event_epoll.c -o build/temp.android-24-arm64_v8a-cpython-313/deps/c-ares/src/lib/event/ares_event_epoll.o
      clang -fPIC -fPIC -DHAVE_CONFIG_H= -DCARES_EMBED=1 -DCYTHON_FAST_THREAD_STATE=0 -Ibuild/temp.android-24-arm64_v8a-cpython-313/c-ares/include -Ibuild/temp.android-24-arm64_v8a-cpython-313/c-ares/lib/include -I/data/data/com.termux/files/usr/include/python3.13 -I/data/data/com.termux/files/usr/include/python3.13 -I/data/data/com.termux/files/usr/tmp/pip-wheel-69w3ph6g/gevent_af108bd97bb548c3871d0b3a36b67bb8/deps -I/data/data/com.termux/files/usr/tmp/pip-wheel-69w3ph6g/gevent_af108bd97bb548c3871d0b3a36b67bb8/deps/c-ares/include -I/data/data/com.termux/files/usr/tmp/pip-wheel-69w3ph6g/gevent_af108bd97bb548c3871d0b3a36b67bb8/deps/c-ares/src/lib -I/data/data/com.termux/files/usr/tmp/pip-wheel-69w3ph6g/gevent_af108bd97bb548c3871d0b3a36b67bb8/deps/c-ares/src/lib/include -Isrc/gevent -Isrc/gevent/libev -Isrc/gevent/resolver -I. -I/data/data/com.termux/files/usr/include/python3.13 -c deps/c-ares/src/lib/event/ares_event_kqueue.c -o build/temp.android-24-arm64_v8a-cpython-313/deps/c-ares/src/lib/event/ares_event_kqueue.o
      clang -fPIC -fPIC -DHAVE_CONFIG_H= -DCARES_EMBED=1 -DCYTHON_FAST_THREAD_STATE=0 -Ibuild/temp.android-24-arm64_v8a-cpython-313/c-ares/include -Ibuild/temp.android-24-arm64_v8a-cpython-313/c-ares/lib/include -I/data/data/com.termux/files/usr/include/python3.13 -I/data/data/com.termux/files/usr/include/python3.13 -I/data/data/com.termux/files/usr/tmp/pip-wheel-69w3ph6g/gevent_af108bd97bb548c3871d0b3a36b67bb8/deps -I/data/data/com.termux/files/usr/tmp/pip-wheel-69w3ph6g/gevent_af108bd97bb548c3871d0b3a36b67bb8/deps/c-ares/include -I/data/data/com.termux/files/usr/tmp/pip-wheel-69w3ph6g/gevent_af108bd97bb548c3871d0b3a36b67bb8/deps/c-ares/src/lib -I/data/data/com.termux/files/usr/tmp/pip-wheel-69w3ph6g/gevent_af108bd97bb548c3871d0b3a36b67bb8/deps/c-ares/src/lib/include -Isrc/gevent -Isrc/gevent/libev -Isrc/gevent/resolver -I. -I/data/data/com.termux/files/usr/include/python3.13 -c deps/c-ares/src/lib/event/ares_event_poll.c -o build/temp.android-24-arm64_v8a-cpython-313/deps/c-ares/src/lib/event/ares_event_poll.o
      clang -fPIC -fPIC -DHAVE_CONFIG_H= -DCARES_EMBED=1 -DCYTHON_FAST_THREAD_STATE=0 -Ibuild/temp.android-24-arm64_v8a-cpython-313/c-ares/include -Ibuild/temp.android-24-arm64_v8a-cpython-313/c-ares/lib/include -I/data/data/com.termux/files/usr/include/python3.13 -I/data/data/com.termux/files/usr/include/python3.13 -I/data/data/com.termux/files/usr/tmp/pip-wheel-69w3ph6g/gevent_af108bd97bb548c3871d0b3a36b67bb8/deps -I/data/data/com.termux/files/usr/tmp/pip-wheel-69w3ph6g/gevent_af108bd97bb548c3871d0b3a36b67bb8/deps/c-ares/include -I/data/data/com.termux/files/usr/tmp/pip-wheel-69w3ph6g/gevent_af108bd97bb548c3871d0b3a36b67bb8/deps/c-ares/src/lib -I/data/data/com.termux/files/usr/tmp/pip-wheel-69w3ph6g/gevent_af108bd97bb548c3871d0b3a36b67bb8/deps/c-ares/src/lib/include -Isrc/gevent -Isrc/gevent/libev -Isrc/gevent/resolver -I. -I/data/data/com.termux/files/usr/include/python3.13 -c deps/c-ares/src/lib/event/ares_event_select.c -o build/temp.android-24-arm64_v8a-cpython-313/deps/c-ares/src/lib/event/ares_event_select.o
      clang -fPIC -fPIC -DHAVE_CONFIG_H= -DCARES_EMBED=1 -DCYTHON_FAST_THREAD_STATE=0 -Ibuild/temp.android-24-arm64_v8a-cpython-313/c-ares/include -Ibuild/temp.android-24-arm64_v8a-cpython-313/c-ares/lib/include -I/data/data/com.termux/files/usr/include/python3.13 -I/data/data/com.termux/files/usr/include/python3.13 -I/data/data/com.termux/files/usr/tmp/pip-wheel-69w3ph6g/gevent_af108bd97bb548c3871d0b3a36b67bb8/deps -I/data/data/com.termux/files/usr/tmp/pip-wheel-69w3ph6g/gevent_af108bd97bb548c3871d0b3a36b67bb8/deps/c-ares/include -I/data/data/com.termux/files/usr/tmp/pip-wheel-69w3ph6g/gevent_af108bd97bb548c3871d0b3a36b67bb8/deps/c-ares/src/lib -I/data/data/com.termux/files/usr/tmp/pip-wheel-69w3ph6g/gevent_af108bd97bb548c3871d0b3a36b67bb8/deps/c-ares/src/lib/include -Isrc/gevent -Isrc/gevent/libev -Isrc/gevent/resolver -I. -I/data/data/com.termux/files/usr/include/python3.13 -c deps/c-ares/src/lib/event/ares_event_thread.c -o build/temp.android-24-arm64_v8a-cpython-313/deps/c-ares/src/lib/event/ares_event_thread.o
      clang -fPIC -fPIC -DHAVE_CONFIG_H= -DCARES_EMBED=1 -DCYTHON_FAST_THREAD_STATE=0 -Ibuild/temp.android-24-arm64_v8a-cpython-313/c-ares/include -Ibuild/temp.android-24-arm64_v8a-cpython-313/c-ares/lib/include -I/data/data/com.termux/files/usr/include/python3.13 -I/data/data/com.termux/files/usr/include/python3.13 -I/data/data/com.termux/files/usr/tmp/pip-wheel-69w3ph6g/gevent_af108bd97bb548c3871d0b3a36b67bb8/deps -I/data/data/com.termux/files/usr/tmp/pip-wheel-69w3ph6g/gevent_af108bd97bb548c3871d0b3a36b67bb8/deps/c-ares/include -I/data/data/com.termux/files/usr/tmp/pip-wheel-69w3ph6g/gevent_af108bd97bb548c3871d0b3a36b67bb8/deps/c-ares/src/lib -I/data/data/com.termux/files/usr/tmp/pip-wheel-69w3ph6g/gevent_af108bd97bb548c3871d0b3a36b67bb8/deps/c-ares/src/lib/include -Isrc/gevent -Isrc/gevent/libev -Isrc/gevent/resolver -I. -I/data/data/com.termux/files/usr/include/python3.13 -c deps/c-ares/src/lib/event/ares_event_wake_pipe.c -o build/temp.android-24-arm64_v8a-cpython-313/deps/c-ares/src/lib/event/ares_event_wake_pipe.o
      clang -fPIC -fPIC -DHAVE_CONFIG_H= -DCARES_EMBED=1 -DCYTHON_FAST_THREAD_STATE=0 -Ibuild/temp.android-24-arm64_v8a-cpython-313/c-ares/include -Ibuild/temp.android-24-arm64_v8a-cpython-313/c-ares/lib/include -I/data/data/com.termux/files/usr/include/python3.13 -I/data/data/com.termux/files/usr/include/python3.13 -I/data/data/com.termux/files/usr/tmp/pip-wheel-69w3ph6g/gevent_af108bd97bb548c3871d0b3a36b67bb8/deps -I/data/data/com.termux/files/usr/tmp/pip-wheel-69w3ph6g/gevent_af108bd97bb548c3871d0b3a36b67bb8/deps/c-ares/include -I/data/data/com.termux/files/usr/tmp/pip-wheel-69w3ph6g/gevent_af108bd97bb548c3871d0b3a36b67bb8/deps/c-ares/src/lib -I/data/data/com.termux/files/usr/tmp/pip-wheel-69w3ph6g/gevent_af108bd97bb548c3871d0b3a36b67bb8/deps/c-ares/src/lib/include -Isrc/gevent -Isrc/gevent/libev -Isrc/gevent/resolver -I. -I/data/data/com.termux/files/usr/include/python3.13 -c deps/c-ares/src/lib/event/ares_event_win32.c -o build/temp.android-24-arm64_v8a-cpython-313/deps/c-ares/src/lib/event/ares_event_win32.o
      clang -fPIC -fPIC -DHAVE_CONFIG_H= -DCARES_EMBED=1 -DCYTHON_FAST_THREAD_STATE=0 -Ibuild/temp.android-24-arm64_v8a-cpython-313/c-ares/include -Ibuild/temp.android-24-arm64_v8a-cpython-313/c-ares/lib/include -I/data/data/com.termux/files/usr/include/python3.13 -I/data/data/com.termux/files/usr/include/python3.13 -I/data/data/com.termux/files/usr/tmp/pip-wheel-69w3ph6g/gevent_af108bd97bb548c3871d0b3a36b67bb8/deps -I/data/data/com.termux/files/usr/tmp/pip-wheel-69w3ph6g/gevent_af108bd97bb548c3871d0b3a36b67bb8/deps/c-ares/include -I/data/data/com.termux/files/usr/tmp/pip-wheel-69w3ph6g/gevent_af108bd97bb548c3871d0b3a36b67bb8/deps/c-ares/src/lib -I/data/data/com.termux/files/usr/tmp/pip-wheel-69w3ph6g/gevent_af108bd97bb548c3871d0b3a36b67bb8/deps/c-ares/src/lib/include -Isrc/gevent -Isrc/gevent/libev -Isrc/gevent/resolver -I. -I/data/data/com.termux/files/usr/include/python3.13 -c deps/c-ares/src/lib/inet_net_pton.c -o build/temp.android-24-arm64_v8a-cpython-313/deps/c-ares/src/lib/inet_net_pton.o
      clang -fPIC -fPIC -DHAVE_CONFIG_H= -DCARES_EMBED=1 -DCYTHON_FAST_THREAD_STATE=0 -Ibuild/temp.android-24-arm64_v8a-cpython-313/c-ares/include -Ibuild/temp.android-24-arm64_v8a-cpython-313/c-ares/lib/include -I/data/data/com.termux/files/usr/include/python3.13 -I/data/data/com.termux/files/usr/include/python3.13 -I/data/data/com.termux/files/usr/tmp/pip-wheel-69w3ph6g/gevent_af108bd97bb548c3871d0b3a36b67bb8/deps -I/data/data/com.termux/files/usr/tmp/pip-wheel-69w3ph6g/gevent_af108bd97bb548c3871d0b3a36b67bb8/deps/c-ares/include -I/data/data/com.termux/files/usr/tmp/pip-wheel-69w3ph6g/gevent_af108bd97bb548c3871d0b3a36b67bb8/deps/c-ares/src/lib -I/data/data/com.termux/files/usr/tmp/pip-wheel-69w3ph6g/gevent_af108bd97bb548c3871d0b3a36b67bb8/deps/c-ares/src/lib/include -Isrc/gevent -Isrc/gevent/libev -Isrc/gevent/resolver -I. -I/data/data/com.termux/files/usr/include/python3.13 -c deps/c-ares/src/lib/inet_ntop.c -o build/temp.android-24-arm64_v8a-cpython-313/deps/c-ares/src/lib/inet_ntop.o
      clang -fPIC -fPIC -DHAVE_CONFIG_H= -DCARES_EMBED=1 -DCYTHON_FAST_THREAD_STATE=0 -Ibuild/temp.android-24-arm64_v8a-cpython-313/c-ares/include -Ibuild/temp.android-24-arm64_v8a-cpython-313/c-ares/lib/include -I/data/data/com.termux/files/usr/include/python3.13 -I/data/data/com.termux/files/usr/include/python3.13 -I/data/data/com.termux/files/usr/tmp/pip-wheel-69w3ph6g/gevent_af108bd97bb548c3871d0b3a36b67bb8/deps -I/data/data/com.termux/files/usr/tmp/pip-wheel-69w3ph6g/gevent_af108bd97bb548c3871d0b3a36b67bb8/deps/c-ares/include -I/data/data/com.termux/files/usr/tmp/pip-wheel-69w3ph6g/gevent_af108bd97bb548c3871d0b3a36b67bb8/deps/c-ares/src/lib -I/data/data/com.termux/files/usr/tmp/pip-wheel-69w3ph6g/gevent_af108bd97bb548c3871d0b3a36b67bb8/deps/c-ares/src/lib/include -Isrc/gevent -Isrc/gevent/libev -Isrc/gevent/resolver -I. -I/data/data/com.termux/files/usr/include/python3.13 -c deps/c-ares/src/lib/legacy/ares_create_query.c -o build/temp.android-24-arm64_v8a-cpython-313/deps/c-ares/src/lib/legacy/ares_create_query.o
      clang -fPIC -fPIC -DHAVE_CONFIG_H= -DCARES_EMBED=1 -DCYTHON_FAST_THREAD_STATE=0 -Ibuild/temp.android-24-arm64_v8a-cpython-313/c-ares/include -Ibuild/temp.android-24-arm64_v8a-cpython-313/c-ares/lib/include -I/data/data/com.termux/files/usr/include/python3.13 -I/data/data/com.termux/files/usr/include/python3.13 -I/data/data/com.termux/files/usr/tmp/pip-wheel-69w3ph6g/gevent_af108bd97bb548c3871d0b3a36b67bb8/deps -I/data/data/com.termux/files/usr/tmp/pip-wheel-69w3ph6g/gevent_af108bd97bb548c3871d0b3a36b67bb8/deps/c-ares/include -I/data/data/com.termux/files/usr/tmp/pip-wheel-69w3ph6g/gevent_af108bd97bb548c3871d0b3a36b67bb8/deps/c-ares/src/lib -I/data/data/com.termux/files/usr/tmp/pip-wheel-69w3ph6g/gevent_af108bd97bb548c3871d0b3a36b67bb8/deps/c-ares/src/lib/include -Isrc/gevent -Isrc/gevent/libev -Isrc/gevent/resolver -I. -I/data/data/com.termux/files/usr/include/python3.13 -c deps/c-ares/src/lib/legacy/ares_expand_name.c -o build/temp.android-24-arm64_v8a-cpython-313/deps/c-ares/src/lib/legacy/ares_expand_name.o
      clang -fPIC -fPIC -DHAVE_CONFIG_H= -DCARES_EMBED=1 -DCYTHON_FAST_THREAD_STATE=0 -Ibuild/temp.android-24-arm64_v8a-cpython-313/c-ares/include -Ibuild/temp.android-24-arm64_v8a-cpython-313/c-ares/lib/include -I/data/data/com.termux/files/usr/include/python3.13 -I/data/data/com.termux/files/usr/include/python3.13 -I/data/data/com.termux/files/usr/tmp/pip-wheel-69w3ph6g/gevent_af108bd97bb548c3871d0b3a36b67bb8/deps -I/data/data/com.termux/files/usr/tmp/pip-wheel-69w3ph6g/gevent_af108bd97bb548c3871d0b3a36b67bb8/deps/c-ares/include -I/data/data/com.termux/files/usr/tmp/pip-wheel-69w3ph6g/gevent_af108bd97bb548c3871d0b3a36b67bb8/deps/c-ares/src/lib -I/data/data/com.termux/files/usr/tmp/pip-wheel-69w3ph6g/gevent_af108bd97bb548c3871d0b3a36b67bb8/deps/c-ares/src/lib/include -Isrc/gevent -Isrc/gevent/libev -Isrc/gevent/resolver -I. -I/data/data/com.termux/files/usr/include/python3.13 -c deps/c-ares/src/lib/legacy/ares_expand_string.c -o build/temp.android-24-arm64_v8a-cpython-313/deps/c-ares/src/lib/legacy/ares_expand_string.o
      clang -fPIC -fPIC -DHAVE_CONFIG_H= -DCARES_EMBED=1 -DCYTHON_FAST_THREAD_STATE=0 -Ibuild/temp.android-24-arm64_v8a-cpython-313/c-ares/include -Ibuild/temp.android-24-arm64_v8a-cpython-313/c-ares/lib/include -I/data/data/com.termux/files/usr/include/python3.13 -I/data/data/com.termux/files/usr/include/python3.13 -I/data/data/com.termux/files/usr/tmp/pip-wheel-69w3ph6g/gevent_af108bd97bb548c3871d0b3a36b67bb8/deps -I/data/data/com.termux/files/usr/tmp/pip-wheel-69w3ph6g/gevent_af108bd97bb548c3871d0b3a36b67bb8/deps/c-ares/include -I/data/data/com.termux/files/usr/tmp/pip-wheel-69w3ph6g/gevent_af108bd97bb548c3871d0b3a36b67bb8/deps/c-ares/src/lib -I/data/data/com.termux/files/usr/tmp/pip-wheel-69w3ph6g/gevent_af108bd97bb548c3871d0b3a36b67bb8/deps/c-ares/src/lib/include -Isrc/gevent -Isrc/gevent/libev -Isrc/gevent/resolver -I. -I/data/data/com.termux/files/usr/include/python3.13 -c deps/c-ares/src/lib/legacy/ares_fds.c -o build/temp.android-24-arm64_v8a-cpython-313/deps/c-ares/src/lib/legacy/ares_fds.o
      clang -fPIC -fPIC -DHAVE_CONFIG_H= -DCARES_EMBED=1 -DCYTHON_FAST_THREAD_STATE=0 -Ibuild/temp.android-24-arm64_v8a-cpython-313/c-ares/include -Ibuild/temp.android-24-arm64_v8a-cpython-313/c-ares/lib/include -I/data/data/com.termux/files/usr/include/python3.13 -I/data/data/com.termux/files/usr/include/python3.13 -I/data/data/com.termux/files/usr/tmp/pip-wheel-69w3ph6g/gevent_af108bd97bb548c3871d0b3a36b67bb8/deps -I/data/data/com.termux/files/usr/tmp/pip-wheel-69w3ph6g/gevent_af108bd97bb548c3871d0b3a36b67bb8/deps/c-ares/include -I/data/data/com.termux/files/usr/tmp/pip-wheel-69w3ph6g/gevent_af108bd97bb548c3871d0b3a36b67bb8/deps/c-ares/src/lib -I/data/data/com.termux/files/usr/tmp/pip-wheel-69w3ph6g/gevent_af108bd97bb548c3871d0b3a36b67bb8/deps/c-ares/src/lib/include -Isrc/gevent -Isrc/gevent/libev -Isrc/gevent/resolver -I. -I/data/data/com.termux/files/usr/include/python3.13 -c deps/c-ares/src/lib/legacy/ares_getsock.c -o build/temp.android-24-arm64_v8a-cpython-313/deps/c-ares/src/lib/legacy/ares_getsock.o
      clang -fPIC -fPIC -DHAVE_CONFIG_H= -DCARES_EMBED=1 -DCYTHON_FAST_THREAD_STATE=0 -Ibuild/temp.android-24-arm64_v8a-cpython-313/c-ares/include -Ibuild/temp.android-24-arm64_v8a-cpython-313/c-ares/lib/include -I/data/data/com.termux/files/usr/include/python3.13 -I/data/data/com.termux/files/usr/include/python3.13 -I/data/data/com.termux/files/usr/tmp/pip-wheel-69w3ph6g/gevent_af108bd97bb548c3871d0b3a36b67bb8/deps -I/data/data/com.termux/files/usr/tmp/pip-wheel-69w3ph6g/gevent_af108bd97bb548c3871d0b3a36b67bb8/deps/c-ares/include -I/data/data/com.termux/files/usr/tmp/pip-wheel-69w3ph6g/gevent_af108bd97bb548c3871d0b3a36b67bb8/deps/c-ares/src/lib -I/data/data/com.termux/files/usr/tmp/pip-wheel-69w3ph6g/gevent_af108bd97bb548c3871d0b3a36b67bb8/deps/c-ares/src/lib/include -Isrc/gevent -Isrc/gevent/libev -Isrc/gevent/resolver -I. -I/data/data/com.termux/files/usr/include/python3.13 -c deps/c-ares/src/lib/legacy/ares_parse_a_reply.c -o build/temp.android-24-arm64_v8a-cpython-313/deps/c-ares/src/lib/legacy/ares_parse_a_reply.o
      clang -fPIC -fPIC -DHAVE_CONFIG_H= -DCARES_EMBED=1 -DCYTHON_FAST_THREAD_STATE=0 -Ibuild/temp.android-24-arm64_v8a-cpython-313/c-ares/include -Ibuild/temp.android-24-arm64_v8a-cpython-313/c-ares/lib/include -I/data/data/com.termux/files/usr/include/python3.13 -I/data/data/com.termux/files/usr/include/python3.13 -I/data/data/com.termux/files/usr/tmp/pip-wheel-69w3ph6g/gevent_af108bd97bb548c3871d0b3a36b67bb8/deps -I/data/data/com.termux/files/usr/tmp/pip-wheel-69w3ph6g/gevent_af108bd97bb548c3871d0b3a36b67bb8/deps/c-ares/include -I/data/data/com.termux/files/usr/tmp/pip-wheel-69w3ph6g/gevent_af108bd97bb548c3871d0b3a36b67bb8/deps/c-ares/src/lib -I/data/data/com.termux/files/usr/tmp/pip-wheel-69w3ph6g/gevent_af108bd97bb548c3871d0b3a36b67bb8/deps/c-ares/src/lib/include -Isrc/gevent -Isrc/gevent/libev -Isrc/gevent/resolver -I. -I/data/data/com.termux/files/usr/include/python3.13 -c deps/c-ares/src/lib/legacy/ares_parse_aaaa_reply.c -o build/temp.android-24-arm64_v8a-cpython-313/deps/c-ares/src/lib/legacy/ares_parse_aaaa_reply.o
      clang -fPIC -fPIC -DHAVE_CONFIG_H= -DCARES_EMBED=1 -DCYTHON_FAST_THREAD_STATE=0 -Ibuild/temp.android-24-arm64_v8a-cpython-313/c-ares/include -Ibuild/temp.android-24-arm64_v8a-cpython-313/c-ares/lib/include -I/data/data/com.termux/files/usr/include/python3.13 -I/data/data/com.termux/files/usr/include/python3.13 -I/data/data/com.termux/files/usr/tmp/pip-wheel-69w3ph6g/gevent_af108bd97bb548c3871d0b3a36b67bb8/deps -I/data/data/com.termux/files/usr/tmp/pip-wheel-69w3ph6g/gevent_af108bd97bb548c3871d0b3a36b67bb8/deps/c-ares/include -I/data/data/com.termux/files/usr/tmp/pip-wheel-69w3ph6g/gevent_af108bd97bb548c3871d0b3a36b67bb8/deps/c-ares/src/lib -I/data/data/com.termux/files/usr/tmp/pip-wheel-69w3ph6g/gevent_af108bd97bb548c3871d0b3a36b67bb8/deps/c-ares/src/lib/include -Isrc/gevent -Isrc/gevent/libev -Isrc/gevent/resolver -I. -I/data/data/com.termux/files/usr/include/python3.13 -c deps/c-ares/src/lib/legacy/ares_parse_caa_reply.c -o build/temp.android-24-arm64_v8a-cpython-313/deps/c-ares/src/lib/legacy/ares_parse_caa_reply.o
      clang -fPIC -fPIC -DHAVE_CONFIG_H= -DCARES_EMBED=1 -DCYTHON_FAST_THREAD_STATE=0 -Ibuild/temp.android-24-arm64_v8a-cpython-313/c-ares/include -Ibuild/temp.android-24-arm64_v8a-cpython-313/c-ares/lib/include -I/data/data/com.termux/files/usr/include/python3.13 -I/data/data/com.termux/files/usr/include/python3.13 -I/data/data/com.termux/files/usr/tmp/pip-wheel-69w3ph6g/gevent_af108bd97bb548c3871d0b3a36b67bb8/deps -I/data/data/com.termux/files/usr/tmp/pip-wheel-69w3ph6g/gevent_af108bd97bb548c3871d0b3a36b67bb8/deps/c-ares/include -I/data/data/com.termux/files/usr/tmp/pip-wheel-69w3ph6g/gevent_af108bd97bb548c3871d0b3a36b67bb8/deps/c-ares/src/lib -I/data/data/com.termux/files/usr/tmp/pip-wheel-69w3ph6g/gevent_af108bd97bb548c3871d0b3a36b67bb8/deps/c-ares/src/lib/include -Isrc/gevent -Isrc/gevent/libev -Isrc/gevent/resolver -I. -I/data/data/com.termux/files/usr/include/python3.13 -c deps/c-ares/src/lib/legacy/ares_parse_mx_reply.c -o build/temp.android-24-arm64_v8a-cpython-313/deps/c-ares/src/lib/legacy/ares_parse_mx_reply.o
      clang -fPIC -fPIC -DHAVE_CONFIG_H= -DCARES_EMBED=1 -DCYTHON_FAST_THREAD_STATE=0 -Ibuild/temp.android-24-arm64_v8a-cpython-313/c-ares/include -Ibuild/temp.android-24-arm64_v8a-cpython-313/c-ares/lib/include -I/data/data/com.termux/files/usr/include/python3.13 -I/data/data/com.termux/files/usr/include/python3.13 -I/data/data/com.termux/files/usr/tmp/pip-wheel-69w3ph6g/gevent_af108bd97bb548c3871d0b3a36b67bb8/deps -I/data/data/com.termux/files/usr/tmp/pip-wheel-69w3ph6g/gevent_af108bd97bb548c3871d0b3a36b67bb8/deps/c-ares/include -I/data/data/com.termux/files/usr/tmp/pip-wheel-69w3ph6g/gevent_af108bd97bb548c3871d0b3a36b67bb8/deps/c-ares/src/lib -I/data/data/com.termux/files/usr/tmp/pip-wheel-69w3ph6g/gevent_af108bd97bb548c3871d0b3a36b67bb8/deps/c-ares/src/lib/include -Isrc/gevent -Isrc/gevent/libev -Isrc/gevent/resolver -I. -I/data/data/com.termux/files/usr/include/python3.13 -c deps/c-ares/src/lib/legacy/ares_parse_naptr_reply.c -o build/temp.android-24-arm64_v8a-cpython-313/deps/c-ares/src/lib/legacy/ares_parse_naptr_reply.o
      clang -fPIC -fPIC -DHAVE_CONFIG_H= -DCARES_EMBED=1 -DCYTHON_FAST_THREAD_STATE=0 -Ibuild/temp.android-24-arm64_v8a-cpython-313/c-ares/include -Ibuild/temp.android-24-arm64_v8a-cpython-313/c-ares/lib/include -I/data/data/com.termux/files/usr/include/python3.13 -I/data/data/com.termux/files/usr/include/python3.13 -I/data/data/com.termux/files/usr/tmp/pip-wheel-69w3ph6g/gevent_af108bd97bb548c3871d0b3a36b67bb8/deps -I/data/data/com.termux/files/usr/tmp/pip-wheel-69w3ph6g/gevent_af108bd97bb548c3871d0b3a36b67bb8/deps/c-ares/include -I/data/data/com.termux/files/usr/tmp/pip-wheel-69w3ph6g/gevent_af108bd97bb548c3871d0b3a36b67bb8/deps/c-ares/src/lib -I/data/data/com.termux/files/usr/tmp/pip-wheel-69w3ph6g/gevent_af108bd97bb548c3871d0b3a36b67bb8/deps/c-ares/src/lib/include -Isrc/gevent -Isrc/gevent/libev -Isrc/gevent/resolver -I. -I/data/data/com.termux/files/usr/include/python3.13 -c deps/c-ares/src/lib/legacy/ares_parse_ns_reply.c -o build/temp.android-24-arm64_v8a-cpython-313/deps/c-ares/src/lib/legacy/ares_parse_ns_reply.o
      clang -fPIC -fPIC -DHAVE_CONFIG_H= -DCARES_EMBED=1 -DCYTHON_FAST_THREAD_STATE=0 -Ibuild/temp.android-24-arm64_v8a-cpython-313/c-ares/include -Ibuild/temp.android-24-arm64_v8a-cpython-313/c-ares/lib/include -I/data/data/com.termux/files/usr/include/python3.13 -I/data/data/com.termux/files/usr/include/python3.13 -I/data/data/com.termux/files/usr/tmp/pip-wheel-69w3ph6g/gevent_af108bd97bb548c3871d0b3a36b67bb8/deps -I/data/data/com.termux/files/usr/tmp/pip-wheel-69w3ph6g/gevent_af108bd97bb548c3871d0b3a36b67bb8/deps/c-ares/include -I/data/data/com.termux/files/usr/tmp/pip-wheel-69w3ph6g/gevent_af108bd97bb548c3871d0b3a36b67bb8/deps/c-ares/src/lib -I/data/data/com.termux/files/usr/tmp/pip-wheel-69w3ph6g/gevent_af108bd97bb548c3871d0b3a36b67bb8/deps/c-ares/src/lib/include -Isrc/gevent -Isrc/gevent/libev -Isrc/gevent/resolver -I. -I/data/data/com.termux/files/usr/include/python3.13 -c deps/c-ares/src/lib/legacy/ares_parse_ptr_reply.c -o build/temp.android-24-arm64_v8a-cpython-313/deps/c-ares/src/lib/legacy/ares_parse_ptr_reply.o
      clang -fPIC -fPIC -DHAVE_CONFIG_H= -DCARES_EMBED=1 -DCYTHON_FAST_THREAD_STATE=0 -Ibuild/temp.android-24-arm64_v8a-cpython-313/c-ares/include -Ibuild/temp.android-24-arm64_v8a-cpython-313/c-ares/lib/include -I/data/data/com.termux/files/usr/include/python3.13 -I/data/data/com.termux/files/usr/include/python3.13 -I/data/data/com.termux/files/usr/tmp/pip-wheel-69w3ph6g/gevent_af108bd97bb548c3871d0b3a36b67bb8/deps -I/data/data/com.termux/files/usr/tmp/pip-wheel-69w3ph6g/gevent_af108bd97bb548c3871d0b3a36b67bb8/deps/c-ares/include -I/data/data/com.termux/files/usr/tmp/pip-wheel-69w3ph6g/gevent_af108bd97bb548c3871d0b3a36b67bb8/deps/c-ares/src/lib -I/data/data/com.termux/files/usr/tmp/pip-wheel-69w3ph6g/gevent_af108bd97bb548c3871d0b3a36b67bb8/deps/c-ares/src/lib/include -Isrc/gevent -Isrc/gevent/libev -Isrc/gevent/resolver -I. -I/data/data/com.termux/files/usr/include/python3.13 -c deps/c-ares/src/lib/legacy/ares_parse_soa_reply.c -o build/temp.android-24-arm64_v8a-cpython-313/deps/c-ares/src/lib/legacy/ares_parse_soa_reply.o
      clang -fPIC -fPIC -DHAVE_CONFIG_H= -DCARES_EMBED=1 -DCYTHON_FAST_THREAD_STATE=0 -Ibuild/temp.android-24-arm64_v8a-cpython-313/c-ares/include -Ibuild/temp.android-24-arm64_v8a-cpython-313/c-ares/lib/include -I/data/data/com.termux/files/usr/include/python3.13 -I/data/data/com.termux/files/usr/include/python3.13 -I/data/data/com.termux/files/usr/tmp/pip-wheel-69w3ph6g/gevent_af108bd97bb548c3871d0b3a36b67bb8/deps -I/data/data/com.termux/files/usr/tmp/pip-wheel-69w3ph6g/gevent_af108bd97bb548c3871d0b3a36b67bb8/deps/c-ares/include -I/data/data/com.termux/files/usr/tmp/pip-wheel-69w3ph6g/gevent_af108bd97bb548c3871d0b3a36b67bb8/deps/c-ares/src/lib -I/data/data/com.termux/files/usr/tmp/pip-wheel-69w3ph6g/gevent_af108bd97bb548c3871d0b3a36b67bb8/deps/c-ares/src/lib/include -Isrc/gevent -Isrc/gevent/libev -Isrc/gevent/resolver -I. -I/data/data/com.termux/files/usr/include/python3.13 -c deps/c-ares/src/lib/legacy/ares_parse_srv_reply.c -o build/temp.android-24-arm64_v8a-cpython-313/deps/c-ares/src/lib/legacy/ares_parse_srv_reply.o
      clang -fPIC -fPIC -DHAVE_CONFIG_H= -DCARES_EMBED=1 -DCYTHON_FAST_THREAD_STATE=0 -Ibuild/temp.android-24-arm64_v8a-cpython-313/c-ares/include -Ibuild/temp.android-24-arm64_v8a-cpython-313/c-ares/lib/include -I/data/data/com.termux/files/usr/include/python3.13 -I/data/data/com.termux/files/usr/include/python3.13 -I/data/data/com.termux/files/usr/tmp/pip-wheel-69w3ph6g/gevent_af108bd97bb548c3871d0b3a36b67bb8/deps -I/data/data/com.termux/files/usr/tmp/pip-wheel-69w3ph6g/gevent_af108bd97bb548c3871d0b3a36b67bb8/deps/c-ares/include -I/data/data/com.termux/files/usr/tmp/pip-wheel-69w3ph6g/gevent_af108bd97bb548c3871d0b3a36b67bb8/deps/c-ares/src/lib -I/data/data/com.termux/files/usr/tmp/pip-wheel-69w3ph6g/gevent_af108bd97bb548c3871d0b3a36b67bb8/deps/c-ares/src/lib/include -Isrc/gevent -Isrc/gevent/libev -Isrc/gevent/resolver -I. -I/data/data/com.termux/files/usr/include/python3.13 -c deps/c-ares/src/lib/legacy/ares_parse_txt_reply.c -o build/temp.android-24-arm64_v8a-cpython-313/deps/c-ares/src/lib/legacy/ares_parse_txt_reply.o
      clang -fPIC -fPIC -DHAVE_CONFIG_H= -DCARES_EMBED=1 -DCYTHON_FAST_THREAD_STATE=0 -Ibuild/temp.android-24-arm64_v8a-cpython-313/c-ares/include -Ibuild/temp.android-24-arm64_v8a-cpython-313/c-ares/lib/include -I/data/data/com.termux/files/usr/include/python3.13 -I/data/data/com.termux/files/usr/include/python3.13 -I/data/data/com.termux/files/usr/tmp/pip-wheel-69w3ph6g/gevent_af108bd97bb548c3871d0b3a36b67bb8/deps -I/data/data/com.termux/files/usr/tmp/pip-wheel-69w3ph6g/gevent_af108bd97bb548c3871d0b3a36b67bb8/deps/c-ares/include -I/data/data/com.termux/files/usr/tmp/pip-wheel-69w3ph6g/gevent_af108bd97bb548c3871d0b3a36b67bb8/deps/c-ares/src/lib -I/data/data/com.termux/files/usr/tmp/pip-wheel-69w3ph6g/gevent_af108bd97bb548c3871d0b3a36b67bb8/deps/c-ares/src/lib/include -Isrc/gevent -Isrc/gevent/libev -Isrc/gevent/resolver -I. -I/data/data/com.termux/files/usr/include/python3.13 -c deps/c-ares/src/lib/legacy/ares_parse_uri_reply.c -o build/temp.android-24-arm64_v8a-cpython-313/deps/c-ares/src/lib/legacy/ares_parse_uri_reply.o
      clang -fPIC -fPIC -DHAVE_CONFIG_H= -DCARES_EMBED=1 -DCYTHON_FAST_THREAD_STATE=0 -Ibuild/temp.android-24-arm64_v8a-cpython-313/c-ares/include -Ibuild/temp.android-24-arm64_v8a-cpython-313/c-ares/lib/include -I/data/data/com.termux/files/usr/include/python3.13 -I/data/data/com.termux/files/usr/include/python3.13 -I/data/data/com.termux/files/usr/tmp/pip-wheel-69w3ph6g/gevent_af108bd97bb548c3871d0b3a36b67bb8/deps -I/data/data/com.termux/files/usr/tmp/pip-wheel-69w3ph6g/gevent_af108bd97bb548c3871d0b3a36b67bb8/deps/c-ares/include -I/data/data/com.termux/files/usr/tmp/pip-wheel-69w3ph6g/gevent_af108bd97bb548c3871d0b3a36b67bb8/deps/c-ares/src/lib -I/data/data/com.termux/files/usr/tmp/pip-wheel-69w3ph6g/gevent_af108bd97bb548c3871d0b3a36b67bb8/deps/c-ares/src/lib/include -Isrc/gevent -Isrc/gevent/libev -Isrc/gevent/resolver -I. -I/data/data/com.termux/files/usr/include/python3.13 -c deps/c-ares/src/lib/record/ares_dns_mapping.c -o build/temp.android-24-arm64_v8a-cpython-313/deps/c-ares/src/lib/record/ares_dns_mapping.o
      clang -fPIC -fPIC -DHAVE_CONFIG_H= -DCARES_EMBED=1 -DCYTHON_FAST_THREAD_STATE=0 -Ibuild/temp.android-24-arm64_v8a-cpython-313/c-ares/include -Ibuild/temp.android-24-arm64_v8a-cpython-313/c-ares/lib/include -I/data/data/com.termux/files/usr/include/python3.13 -I/data/data/com.termux/files/usr/include/python3.13 -I/data/data/com.termux/files/usr/tmp/pip-wheel-69w3ph6g/gevent_af108bd97bb548c3871d0b3a36b67bb8/deps -I/data/data/com.termux/files/usr/tmp/pip-wheel-69w3ph6g/gevent_af108bd97bb548c3871d0b3a36b67bb8/deps/c-ares/include -I/data/data/com.termux/files/usr/tmp/pip-wheel-69w3ph6g/gevent_af108bd97bb548c3871d0b3a36b67bb8/deps/c-ares/src/lib -I/data/data/com.termux/files/usr/tmp/pip-wheel-69w3ph6g/gevent_af108bd97bb548c3871d0b3a36b67bb8/deps/c-ares/src/lib/include -Isrc/gevent -Isrc/gevent/libev -Isrc/gevent/resolver -I. -I/data/data/com.termux/files/usr/include/python3.13 -c deps/c-ares/src/lib/record/ares_dns_multistring.c -o build/temp.android-24-arm64_v8a-cpython-313/deps/c-ares/src/lib/record/ares_dns_multistring.o
      clang -fPIC -fPIC -DHAVE_CONFIG_H= -DCARES_EMBED=1 -DCYTHON_FAST_THREAD_STATE=0 -Ibuild/temp.android-24-arm64_v8a-cpython-313/c-ares/include -Ibuild/temp.android-24-arm64_v8a-cpython-313/c-ares/lib/include -I/data/data/com.termux/files/usr/include/python3.13 -I/data/data/com.termux/files/usr/include/python3.13 -I/data/data/com.termux/files/usr/tmp/pip-wheel-69w3ph6g/gevent_af108bd97bb548c3871d0b3a36b67bb8/deps -I/data/data/com.termux/files/usr/tmp/pip-wheel-69w3ph6g/gevent_af108bd97bb548c3871d0b3a36b67bb8/deps/c-ares/include -I/data/data/com.termux/files/usr/tmp/pip-wheel-69w3ph6g/gevent_af108bd97bb548c3871d0b3a36b67bb8/deps/c-ares/src/lib -I/data/data/com.termux/files/usr/tmp/pip-wheel-69w3ph6g/gevent_af108bd97bb548c3871d0b3a36b67bb8/deps/c-ares/src/lib/include -Isrc/gevent -Isrc/gevent/libev -Isrc/gevent/resolver -I. -I/data/data/com.termux/files/usr/include/python3.13 -c deps/c-ares/src/lib/record/ares_dns_name.c -o build/temp.android-24-arm64_v8a-cpython-313/deps/c-ares/src/lib/record/ares_dns_name.o
      clang -fPIC -fPIC -DHAVE_CONFIG_H= -DCARES_EMBED=1 -DCYTHON_FAST_THREAD_STATE=0 -Ibuild/temp.android-24-arm64_v8a-cpython-313/c-ares/include -Ibuild/temp.android-24-arm64_v8a-cpython-313/c-ares/lib/include -I/data/data/com.termux/files/usr/include/python3.13 -I/data/data/com.termux/files/usr/include/python3.13 -I/data/data/com.termux/files/usr/tmp/pip-wheel-69w3ph6g/gevent_af108bd97bb548c3871d0b3a36b67bb8/deps -I/data/data/com.termux/files/usr/tmp/pip-wheel-69w3ph6g/gevent_af108bd97bb548c3871d0b3a36b67bb8/deps/c-ares/include -I/data/data/com.termux/files/usr/tmp/pip-wheel-69w3ph6g/gevent_af108bd97bb548c3871d0b3a36b67bb8/deps/c-ares/src/lib -I/data/data/com.termux/files/usr/tmp/pip-wheel-69w3ph6g/gevent_af108bd97bb548c3871d0b3a36b67bb8/deps/c-ares/src/lib/include -Isrc/gevent -Isrc/gevent/libev -Isrc/gevent/resolver -I. -I/data/data/com.termux/files/usr/include/python3.13 -c deps/c-ares/src/lib/record/ares_dns_parse.c -o build/temp.android-24-arm64_v8a-cpython-313/deps/c-ares/src/lib/record/ares_dns_parse.o
      clang -fPIC -fPIC -DHAVE_CONFIG_H= -DCARES_EMBED=1 -DCYTHON_FAST_THREAD_STATE=0 -Ibuild/temp.android-24-arm64_v8a-cpython-313/c-ares/include -Ibuild/temp.android-24-arm64_v8a-cpython-313/c-ares/lib/include -I/data/data/com.termux/files/usr/include/python3.13 -I/data/data/com.termux/files/usr/include/python3.13 -I/data/data/com.termux/files/usr/tmp/pip-wheel-69w3ph6g/gevent_af108bd97bb548c3871d0b3a36b67bb8/deps -I/data/data/com.termux/files/usr/tmp/pip-wheel-69w3ph6g/gevent_af108bd97bb548c3871d0b3a36b67bb8/deps/c-ares/include -I/data/data/com.termux/files/usr/tmp/pip-wheel-69w3ph6g/gevent_af108bd97bb548c3871d0b3a36b67bb8/deps/c-ares/src/lib -I/data/data/com.termux/files/usr/tmp/pip-wheel-69w3ph6g/gevent_af108bd97bb548c3871d0b3a36b67bb8/deps/c-ares/src/lib/include -Isrc/gevent -Isrc/gevent/libev -Isrc/gevent/resolver -I. -I/data/data/com.termux/files/usr/include/python3.13 -c deps/c-ares/src/lib/record/ares_dns_record.c -o build/temp.android-24-arm64_v8a-cpython-313/deps/c-ares/src/lib/record/ares_dns_record.o
      clang -fPIC -fPIC -DHAVE_CONFIG_H= -DCARES_EMBED=1 -DCYTHON_FAST_THREAD_STATE=0 -Ibuild/temp.android-24-arm64_v8a-cpython-313/c-ares/include -Ibuild/temp.android-24-arm64_v8a-cpython-313/c-ares/lib/include -I/data/data/com.termux/files/usr/include/python3.13 -I/data/data/com.termux/files/usr/include/python3.13 -I/data/data/com.termux/files/usr/tmp/pip-wheel-69w3ph6g/gevent_af108bd97bb548c3871d0b3a36b67bb8/deps -I/data/data/com.termux/files/usr/tmp/pip-wheel-69w3ph6g/gevent_af108bd97bb548c3871d0b3a36b67bb8/deps/c-ares/include -I/data/data/com.termux/files/usr/tmp/pip-wheel-69w3ph6g/gevent_af108bd97bb548c3871d0b3a36b67bb8/deps/c-ares/src/lib -I/data/data/com.termux/files/usr/tmp/pip-wheel-69w3ph6g/gevent_af108bd97bb548c3871d0b3a36b67bb8/deps/c-ares/src/lib/include -Isrc/gevent -Isrc/gevent/libev -Isrc/gevent/resolver -I. -I/data/data/com.termux/files/usr/include/python3.13 -c deps/c-ares/src/lib/record/ares_dns_write.c -o build/temp.android-24-arm64_v8a-cpython-313/deps/c-ares/src/lib/record/ares_dns_write.o
      clang -fPIC -fPIC -DHAVE_CONFIG_H= -DCARES_EMBED=1 -DCYTHON_FAST_THREAD_STATE=0 -Ibuild/temp.android-24-arm64_v8a-cpython-313/c-ares/include -Ibuild/temp.android-24-arm64_v8a-cpython-313/c-ares/lib/include -I/data/data/com.termux/files/usr/include/python3.13 -I/data/data/com.termux/files/usr/include/python3.13 -I/data/data/com.termux/files/usr/tmp/pip-wheel-69w3ph6g/gevent_af108bd97bb548c3871d0b3a36b67bb8/deps -I/data/data/com.termux/files/usr/tmp/pip-wheel-69w3ph6g/gevent_af108bd97bb548c3871d0b3a36b67bb8/deps/c-ares/include -I/data/data/com.termux/files/usr/tmp/pip-wheel-69w3ph6g/gevent_af108bd97bb548c3871d0b3a36b67bb8/deps/c-ares/src/lib -I/data/data/com.termux/files/usr/tmp/pip-wheel-69w3ph6g/gevent_af108bd97bb548c3871d0b3a36b67bb8/deps/c-ares/src/lib/include -Isrc/gevent -Isrc/gevent/libev -Isrc/gevent/resolver -I. -I/data/data/com.termux/files/usr/include/python3.13 -c deps/c-ares/src/lib/str/ares_buf.c -o build/temp.android-24-arm64_v8a-cpython-313/deps/c-ares/src/lib/str/ares_buf.o
      clang -fPIC -fPIC -DHAVE_CONFIG_H= -DCARES_EMBED=1 -DCYTHON_FAST_THREAD_STATE=0 -Ibuild/temp.android-24-arm64_v8a-cpython-313/c-ares/include -Ibuild/temp.android-24-arm64_v8a-cpython-313/c-ares/lib/include -I/data/data/com.termux/files/usr/include/python3.13 -I/data/data/com.termux/files/usr/include/python3.13 -I/data/data/com.termux/files/usr/tmp/pip-wheel-69w3ph6g/gevent_af108bd97bb548c3871d0b3a36b67bb8/deps -I/data/data/com.termux/files/usr/tmp/pip-wheel-69w3ph6g/gevent_af108bd97bb548c3871d0b3a36b67bb8/deps/c-ares/include -I/data/data/com.termux/files/usr/tmp/pip-wheel-69w3ph6g/gevent_af108bd97bb548c3871d0b3a36b67bb8/deps/c-ares/src/lib -I/data/data/com.termux/files/usr/tmp/pip-wheel-69w3ph6g/gevent_af108bd97bb548c3871d0b3a36b67bb8/deps/c-ares/src/lib/include -Isrc/gevent -Isrc/gevent/libev -Isrc/gevent/resolver -I. -I/data/data/com.termux/files/usr/include/python3.13 -c deps/c-ares/src/lib/str/ares_str.c -o build/temp.android-24-arm64_v8a-cpython-313/deps/c-ares/src/lib/str/ares_str.o
      clang -fPIC -fPIC -DHAVE_CONFIG_H= -DCARES_EMBED=1 -DCYTHON_FAST_THREAD_STATE=0 -Ibuild/temp.android-24-arm64_v8a-cpython-313/c-ares/include -Ibuild/temp.android-24-arm64_v8a-cpython-313/c-ares/lib/include -I/data/data/com.termux/files/usr/include/python3.13 -I/data/data/com.termux/files/usr/include/python3.13 -I/data/data/com.termux/files/usr/tmp/pip-wheel-69w3ph6g/gevent_af108bd97bb548c3871d0b3a36b67bb8/deps -I/data/data/com.termux/files/usr/tmp/pip-wheel-69w3ph6g/gevent_af108bd97bb548c3871d0b3a36b67bb8/deps/c-ares/include -I/data/data/com.termux/files/usr/tmp/pip-wheel-69w3ph6g/gevent_af108bd97bb548c3871d0b3a36b67bb8/deps/c-ares/src/lib -I/data/data/com.termux/files/usr/tmp/pip-wheel-69w3ph6g/gevent_af108bd97bb548c3871d0b3a36b67bb8/deps/c-ares/src/lib/include -Isrc/gevent -Isrc/gevent/libev -Isrc/gevent/resolver -I. -I/data/data/com.termux/files/usr/include/python3.13 -c deps/c-ares/src/lib/str/ares_strsplit.c -o build/temp.android-24-arm64_v8a-cpython-313/deps/c-ares/src/lib/str/ares_strsplit.o
      clang -fPIC -fPIC -DHAVE_CONFIG_H= -DCARES_EMBED=1 -DCYTHON_FAST_THREAD_STATE=0 -Ibuild/temp.android-24-arm64_v8a-cpython-313/c-ares/include -Ibuild/temp.android-24-arm64_v8a-cpython-313/c-ares/lib/include -I/data/data/com.termux/files/usr/include/python3.13 -I/data/data/com.termux/files/usr/include/python3.13 -I/data/data/com.termux/files/usr/tmp/pip-wheel-69w3ph6g/gevent_af108bd97bb548c3871d0b3a36b67bb8/deps -I/data/data/com.termux/files/usr/tmp/pip-wheel-69w3ph6g/gevent_af108bd97bb548c3871d0b3a36b67bb8/deps/c-ares/include -I/data/data/com.termux/files/usr/tmp/pip-wheel-69w3ph6g/gevent_af108bd97bb548c3871d0b3a36b67bb8/deps/c-ares/src/lib -I/data/data/com.termux/files/usr/tmp/pip-wheel-69w3ph6g/gevent_af108bd97bb548c3871d0b3a36b67bb8/deps/c-ares/src/lib/include -Isrc/gevent -Isrc/gevent/libev -Isrc/gevent/resolver -I. -I/data/data/com.termux/files/usr/include/python3.13 -c deps/c-ares/src/lib/util/ares_iface_ips.c -o build/temp.android-24-arm64_v8a-cpython-313/deps/c-ares/src/lib/util/ares_iface_ips.o
      clang -fPIC -fPIC -DHAVE_CONFIG_H= -DCARES_EMBED=1 -DCYTHON_FAST_THREAD_STATE=0 -Ibuild/temp.android-24-arm64_v8a-cpython-313/c-ares/include -Ibuild/temp.android-24-arm64_v8a-cpython-313/c-ares/lib/include -I/data/data/com.termux/files/usr/include/python3.13 -I/data/data/com.termux/files/usr/include/python3.13 -I/data/data/com.termux/files/usr/tmp/pip-wheel-69w3ph6g/gevent_af108bd97bb548c3871d0b3a36b67bb8/deps -I/data/data/com.termux/files/usr/tmp/pip-wheel-69w3ph6g/gevent_af108bd97bb548c3871d0b3a36b67bb8/deps/c-ares/include -I/data/data/com.termux/files/usr/tmp/pip-wheel-69w3ph6g/gevent_af108bd97bb548c3871d0b3a36b67bb8/deps/c-ares/src/lib -I/data/data/com.termux/files/usr/tmp/pip-wheel-69w3ph6g/gevent_af108bd97bb548c3871d0b3a36b67bb8/deps/c-ares/src/lib/include -Isrc/gevent -Isrc/gevent/libev -Isrc/gevent/resolver -I. -I/data/data/com.termux/files/usr/include/python3.13 -c deps/c-ares/src/lib/util/ares_math.c -o build/temp.android-24-arm64_v8a-cpython-313/deps/c-ares/src/lib/util/ares_math.o
      clang -fPIC -fPIC -DHAVE_CONFIG_H= -DCARES_EMBED=1 -DCYTHON_FAST_THREAD_STATE=0 -Ibuild/temp.android-24-arm64_v8a-cpython-313/c-ares/include -Ibuild/temp.android-24-arm64_v8a-cpython-313/c-ares/lib/include -I/data/data/com.termux/files/usr/include/python3.13 -I/data/data/com.termux/files/usr/include/python3.13 -I/data/data/com.termux/files/usr/tmp/pip-wheel-69w3ph6g/gevent_af108bd97bb548c3871d0b3a36b67bb8/deps -I/data/data/com.termux/files/usr/tmp/pip-wheel-69w3ph6g/gevent_af108bd97bb548c3871d0b3a36b67bb8/deps/c-ares/include -I/data/data/com.termux/files/usr/tmp/pip-wheel-69w3ph6g/gevent_af108bd97bb548c3871d0b3a36b67bb8/deps/c-ares/src/lib -I/data/data/com.termux/files/usr/tmp/pip-wheel-69w3ph6g/gevent_af108bd97bb548c3871d0b3a36b67bb8/deps/c-ares/src/lib/include -Isrc/gevent -Isrc/gevent/libev -Isrc/gevent/resolver -I. -I/data/data/com.termux/files/usr/include/python3.13 -c deps/c-ares/src/lib/util/ares_rand.c -o build/temp.android-24-arm64_v8a-cpython-313/deps/c-ares/src/lib/util/ares_rand.o
      clang -fPIC -fPIC -DHAVE_CONFIG_H= -DCARES_EMBED=1 -DCYTHON_FAST_THREAD_STATE=0 -Ibuild/temp.android-24-arm64_v8a-cpython-313/c-ares/include -Ibuild/temp.android-24-arm64_v8a-cpython-313/c-ares/lib/include -I/data/data/com.termux/files/usr/include/python3.13 -I/data/data/com.termux/files/usr/include/python3.13 -I/data/data/com.termux/files/usr/tmp/pip-wheel-69w3ph6g/gevent_af108bd97bb548c3871d0b3a36b67bb8/deps -I/data/data/com.termux/files/usr/tmp/pip-wheel-69w3ph6g/gevent_af108bd97bb548c3871d0b3a36b67bb8/deps/c-ares/include -I/data/data/com.termux/files/usr/tmp/pip-wheel-69w3ph6g/gevent_af108bd97bb548c3871d0b3a36b67bb8/deps/c-ares/src/lib -I/data/data/com.termux/files/usr/tmp/pip-wheel-69w3ph6g/gevent_af108bd97bb548c3871d0b3a36b67bb8/deps/c-ares/src/lib/include -Isrc/gevent -Isrc/gevent/libev -Isrc/gevent/resolver -I. -I/data/data/com.termux/files/usr/include/python3.13 -c deps/c-ares/src/lib/util/ares_threads.c -o build/temp.android-24-arm64_v8a-cpython-313/deps/c-ares/src/lib/util/ares_threads.o
      clang -fPIC -fPIC -DHAVE_CONFIG_H= -DCARES_EMBED=1 -DCYTHON_FAST_THREAD_STATE=0 -Ibuild/temp.android-24-arm64_v8a-cpython-313/c-ares/include -Ibuild/temp.android-24-arm64_v8a-cpython-313/c-ares/lib/include -I/data/data/com.termux/files/usr/include/python3.13 -I/data/data/com.termux/files/usr/include/python3.13 -I/data/data/com.termux/files/usr/tmp/pip-wheel-69w3ph6g/gevent_af108bd97bb548c3871d0b3a36b67bb8/deps -I/data/data/com.termux/files/usr/tmp/pip-wheel-69w3ph6g/gevent_af108bd97bb548c3871d0b3a36b67bb8/deps/c-ares/include -I/data/data/com.termux/files/usr/tmp/pip-wheel-69w3ph6g/gevent_af108bd97bb548c3871d0b3a36b67bb8/deps/c-ares/src/lib -I/data/data/com.termux/files/usr/tmp/pip-wheel-69w3ph6g/gevent_af108bd97bb548c3871d0b3a36b67bb8/deps/c-ares/src/lib/include -Isrc/gevent -Isrc/gevent/libev -Isrc/gevent/resolver -I. -I/data/data/com.termux/files/usr/include/python3.13 -c deps/c-ares/src/lib/util/ares_timeval.c -o build/temp.android-24-arm64_v8a-cpython-313/deps/c-ares/src/lib/util/ares_timeval.o
      clang -fPIC -fPIC -DHAVE_CONFIG_H= -DCARES_EMBED=1 -DCYTHON_FAST_THREAD_STATE=0 -Ibuild/temp.android-24-arm64_v8a-cpython-313/c-ares/include -Ibuild/temp.android-24-arm64_v8a-cpython-313/c-ares/lib/include -I/data/data/com.termux/files/usr/include/python3.13 -I/data/data/com.termux/files/usr/include/python3.13 -I/data/data/com.termux/files/usr/tmp/pip-wheel-69w3ph6g/gevent_af108bd97bb548c3871d0b3a36b67bb8/deps -I/data/data/com.termux/files/usr/tmp/pip-wheel-69w3ph6g/gevent_af108bd97bb548c3871d0b3a36b67bb8/deps/c-ares/include -I/data/data/com.termux/files/usr/tmp/pip-wheel-69w3ph6g/gevent_af108bd97bb548c3871d0b3a36b67bb8/deps/c-ares/src/lib -I/data/data/com.termux/files/usr/tmp/pip-wheel-69w3ph6g/gevent_af108bd97bb548c3871d0b3a36b67bb8/deps/c-ares/src/lib/include -Isrc/gevent -Isrc/gevent/libev -Isrc/gevent/resolver -I. -I/data/data/com.termux/files/usr/include/python3.13 -c deps/c-ares/src/lib/util/ares_uri.c -o build/temp.android-24-arm64_v8a-cpython-313/deps/c-ares/src/lib/util/ares_uri.o
      clang -fPIC -fPIC -DHAVE_CONFIG_H= -DCARES_EMBED=1 -DCYTHON_FAST_THREAD_STATE=0 -Ibuild/temp.android-24-arm64_v8a-cpython-313/c-ares/include -Ibuild/temp.android-24-arm64_v8a-cpython-313/c-ares/lib/include -I/data/data/com.termux/files/usr/include/python3.13 -I/data/data/com.termux/files/usr/include/python3.13 -I/data/data/com.termux/files/usr/tmp/pip-wheel-69w3ph6g/gevent_af108bd97bb548c3871d0b3a36b67bb8/deps -I/data/data/com.termux/files/usr/tmp/pip-wheel-69w3ph6g/gevent_af108bd97bb548c3871d0b3a36b67bb8/deps/c-ares/include -I/data/data/com.termux/files/usr/tmp/pip-wheel-69w3ph6g/gevent_af108bd97bb548c3871d0b3a36b67bb8/deps/c-ares/src/lib -I/data/data/com.termux/files/usr/tmp/pip-wheel-69w3ph6g/gevent_af108bd97bb548c3871d0b3a36b67bb8/deps/c-ares/src/lib/include -Isrc/gevent -Isrc/gevent/libev -Isrc/gevent/resolver -I. -I/data/data/com.termux/files/usr/include/python3.13 -c deps/c-ares/src/lib/windows_port.c -o build/temp.android-24-arm64_v8a-cpython-313/deps/c-ares/src/lib/windows_port.o
      clang -fPIC -fPIC -DHAVE_CONFIG_H= -DCARES_EMBED=1 -DCYTHON_FAST_THREAD_STATE=0 -Ibuild/temp.android-24-arm64_v8a-cpython-313/c-ares/include -Ibuild/temp.android-24-arm64_v8a-cpython-313/c-ares/lib/include -I/data/data/com.termux/files/usr/include/python3.13 -I/data/data/com.termux/files/usr/include/python3.13 -I/data/data/com.termux/files/usr/tmp/pip-wheel-69w3ph6g/gevent_af108bd97bb548c3871d0b3a36b67bb8/deps -I/data/data/com.termux/files/usr/tmp/pip-wheel-69w3ph6g/gevent_af108bd97bb548c3871d0b3a36b67bb8/deps/c-ares/include -I/data/data/com.termux/files/usr/tmp/pip-wheel-69w3ph6g/gevent_af108bd97bb548c3871d0b3a36b67bb8/deps/c-ares/src/lib -I/data/data/com.termux/files/usr/tmp/pip-wheel-69w3ph6g/gevent_af108bd97bb548c3871d0b3a36b67bb8/deps/c-ares/src/lib/include -Isrc/gevent -Isrc/gevent/libev -Isrc/gevent/resolver -I. -I/data/data/com.termux/files/usr/include/python3.13 -c src/gevent/resolver/cares.c -o build/temp.android-24-arm64_v8a-cpython-313/src/gevent/resolver/cares.o
      In file included from src/gevent/resolver/cares.c:236:
      In file included from /data/data/com.termux/files/usr/tmp/pip-wheel-69w3ph6g/gevent_af108bd97bb548c3871d0b3a36b67bb8/deps/c-ares/src/lib/ares_setup.h:43:
      /data/data/com.termux/files/usr/tmp/pip-wheel-69w3ph6g/gevent_af108bd97bb548c3871d0b3a36b67bb8/deps/c-ares/src/lib/ares_config.h:275:9: warning: 'HAVE_SOCKLEN_T' macro redefined [-Wmacro-redefined]
        275 | #define HAVE_SOCKLEN_T /**/
            |         ^
      /data/data/com.termux/files/usr/include/python3.13/pyconfig.h:1239:9: note: previous definition is here
       1239 | #define HAVE_SOCKLEN_T 1
            |         ^
      src/gevent/resolver/cares.c:5968:22: warning: 'ares_set_servers' is deprecated: Use ares_set_servers_csv instead [-Wdeprecated-declarations]
       5968 |     __pyx_v_result = ares_set_servers(__pyx_v_self->channel, NULL);
            |                      ^
      /data/data/com.termux/files/usr/tmp/pip-wheel-69w3ph6g/gevent_af108bd97bb548c3871d0b3a36b67bb8/deps/c-ares/include/ares.h:1168:14: note: 'ares_set_servers' has been explicitly marked deprecated here
       1168 | CARES_EXTERN CARES_DEPRECATED_FOR(ares_set_servers_csv) int ares_set_servers(
            |              ^
      /data/data/com.termux/files/usr/tmp/pip-wheel-69w3ph6g/gevent_af108bd97bb548c3871d0b3a36b67bb8/deps/c-ares/include/ares.h:153:22: note: expanded from macro 'CARES_DEPRECATED_FOR'
        153 |       __attribute__((deprecated("Use " #f " instead")))
            |                      ^
      src/gevent/resolver/cares.c:6322:23: warning: 'ares_set_servers' is deprecated: Use ares_set_servers_csv instead [-Wdeprecated-declarations]
       6322 |       __pyx_v_index = ares_set_servers(__pyx_v_self->channel, __pyx_v_c_servers);
            |                       ^
      /data/data/com.termux/files/usr/tmp/pip-wheel-69w3ph6g/gevent_af108bd97bb548c3871d0b3a36b67bb8/deps/c-ares/include/ares.h:1168:14: note: 'ares_set_servers' has been explicitly marked deprecated here
       1168 | CARES_EXTERN CARES_DEPRECATED_FOR(ares_set_servers_csv) int ares_set_servers(
            |              ^
      /data/data/com.termux/files/usr/tmp/pip-wheel-69w3ph6g/gevent_af108bd97bb548c3871d0b3a36b67bb8/deps/c-ares/include/ares.h:153:22: note: expanded from macro 'CARES_DEPRECATED_FOR'
        153 |       __attribute__((deprecated("Use " #f " instead")))
            |                      ^
      src/gevent/resolver/cares.c:8204:3: warning: 'ares_gethostbyname' is deprecated: Use ares_getaddrinfo instead [-Wdeprecated-declarations]
       8204 |   ares_gethostbyname(__pyx_v_self->channel, __pyx_v_name, __pyx_v_family, ((void *)__pyx_f_6gevent_8resolver_5cares_7channel__gethostbyname_or_byaddr_cb), ((void *)__pyx_v_arg));
            |   ^
      /data/data/com.termux/files/usr/tmp/pip-wheel-69w3ph6g/gevent_af108bd97bb548c3871d0b3a36b67bb8/deps/c-ares/include/ares.h:879:14: note: 'ares_gethostbyname' has been explicitly marked deprecated here
        879 | CARES_EXTERN CARES_DEPRECATED_FOR(ares_getaddrinfo) void ares_gethostbyname(
            |              ^
      /data/data/com.termux/files/usr/tmp/pip-wheel-69w3ph6g/gevent_af108bd97bb548c3871d0b3a36b67bb8/deps/c-ares/include/ares.h:153:22: note: expanded from macro 'CARES_DEPRECATED_FOR'
        153 |       __attribute__((deprecated("Use " #f " instead")))
            |                      ^
      4 warnings generated.
      clang -shared -L/data/data/com.termux/files/usr/lib -Wl,-rpath=/data/data/com.termux/files/usr/lib -Wl,--enable-new-dtags -Wl,-z,relro,-z,now -Wl,--no-as-needed,-landroid-support,--as-needed -L/home/builder/.termux-build/_cache/android-r29-api-24-v4/sysroot/usr/lib -landroid-posix-semaphore -L/data/data/com.termux/files/usr/lib -Wl,-rpath=/data/data/com.termux/files/usr/lib -Wl,--enable-new-dtags -Wl,-z,relro,-z,now -Wl,--no-as-needed,-landroid-support,--as-needed -L/home/builder/.termux-build/_cache/android-r29-api-24-v4/sysroot/usr/lib -landroid-posix-semaphore -fPIC build/temp.android-24-arm64_v8a-cpython-313/deps/c-ares/src/lib/ares_addrinfo2hostent.o build/temp.android-24-arm64_v8a-cpython-313/deps/c-ares/src/lib/ares_addrinfo_localhost.o build/temp.android-24-arm64_v8a-cpython-313/deps/c-ares/src/lib/ares_android.o build/temp.android-24-arm64_v8a-cpython-313/deps/c-ares/src/lib/ares_cancel.o build/temp.android-24-arm64_v8a-cpython-313/deps/c-ares/src/lib/ares_close_sockets.o build/temp.android-24-arm64_v8a-cpython-313/deps/c-ares/src/lib/ares_conn.o build/temp.android-24-arm64_v8a-cpython-313/deps/c-ares/src/lib/ares_cookie.o build/temp.android-24-arm64_v8a-cpython-313/deps/c-ares/src/lib/ares_data.o build/temp.android-24-arm64_v8a-cpython-313/deps/c-ares/src/lib/ares_destroy.o build/temp.android-24-arm64_v8a-cpython-313/deps/c-ares/src/lib/ares_free_hostent.o build/temp.android-24-arm64_v8a-cpython-313/deps/c-ares/src/lib/ares_free_string.o build/temp.android-24-arm64_v8a-cpython-313/deps/c-ares/src/lib/ares_freeaddrinfo.o build/temp.android-24-arm64_v8a-cpython-313/deps/c-ares/src/lib/ares_getaddrinfo.o build/temp.android-24-arm64_v8a-cpython-313/deps/c-ares/src/lib/ares_getenv.o build/temp.android-24-arm64_v8a-cpython-313/deps/c-ares/src/lib/ares_gethostbyaddr.o build/temp.android-24-arm64_v8a-cpython-313/deps/c-ares/src/lib/ares_gethostbyname.o build/temp.android-24-arm64_v8a-cpython-313/deps/c-ares/src/lib/ares_getnameinfo.o build/temp.android-24-arm64_v8a-cpython-313/deps/c-ares/src/lib/ares_hosts_file.o build/temp.android-24-arm64_v8a-cpython-313/deps/c-ares/src/lib/ares_init.o build/temp.android-24-arm64_v8a-cpython-313/deps/c-ares/src/lib/ares_library_init.o build/temp.android-24-arm64_v8a-cpython-313/deps/c-ares/src/lib/ares_metrics.o build/temp.android-24-arm64_v8a-cpython-313/deps/c-ares/src/lib/ares_options.o build/temp.android-24-arm64_v8a-cpython-313/deps/c-ares/src/lib/ares_parse_into_addrinfo.o build/temp.android-24-arm64_v8a-cpython-313/deps/c-ares/src/lib/ares_process.o build/temp.android-24-arm64_v8a-cpython-313/deps/c-ares/src/lib/ares_qcache.o build/temp.android-24-arm64_v8a-cpython-313/deps/c-ares/src/lib/ares_query.o build/temp.android-24-arm64_v8a-cpython-313/deps/c-ares/src/lib/ares_search.o build/temp.android-24-arm64_v8a-cpython-313/deps/c-ares/src/lib/ares_send.o build/temp.android-24-arm64_v8a-cpython-313/deps/c-ares/src/lib/ares_set_socket_functions.o build/temp.android-24-arm64_v8a-cpython-313/deps/c-ares/src/lib/ares_socket.o build/temp.android-24-arm64_v8a-cpython-313/deps/c-ares/src/lib/ares_sortaddrinfo.o build/temp.android-24-arm64_v8a-cpython-313/deps/c-ares/src/lib/ares_strerror.o build/temp.android-24-arm64_v8a-cpython-313/deps/c-ares/src/lib/ares_sysconfig.o build/temp.android-24-arm64_v8a-cpython-313/deps/c-ares/src/lib/ares_sysconfig_files.o build/temp.android-24-arm64_v8a-cpython-313/deps/c-ares/src/lib/ares_sysconfig_mac.o build/temp.android-24-arm64_v8a-cpython-313/deps/c-ares/src/lib/ares_sysconfig_win.o build/temp.android-24-arm64_v8a-cpython-313/deps/c-ares/src/lib/ares_timeout.o build/temp.android-24-arm64_v8a-cpython-313/deps/c-ares/src/lib/ares_update_servers.o build/temp.android-24-arm64_v8a-cpython-313/deps/c-ares/src/lib/ares_version.o build/temp.android-24-arm64_v8a-cpython-313/deps/c-ares/src/lib/dsa/ares_array.o build/temp.android-24-arm64_v8a-cpython-313/deps/c-ares/src/lib/dsa/ares_htable.o build/temp.android-24-arm64_v8a-cpython-313/deps/c-ares/src/lib/dsa/ares_htable_asvp.o build/temp.android-24-arm64_v8a-cpython-313/deps/c-ares/src/lib/dsa/ares_htable_dict.o build/temp.android-24-arm64_v8a-cpython-313/deps/c-ares/src/lib/dsa/ares_htable_strvp.o build/temp.android-24-arm64_v8a-cpython-313/deps/c-ares/src/lib/dsa/ares_htable_szvp.o build/temp.android-24-arm64_v8a-cpython-313/deps/c-ares/src/lib/dsa/ares_htable_vpstr.o build/temp.android-24-arm64_v8a-cpython-313/deps/c-ares/src/lib/dsa/ares_htable_vpvp.o build/temp.android-24-arm64_v8a-cpython-313/deps/c-ares/src/lib/dsa/ares_llist.o build/temp.android-24-arm64_v8a-cpython-313/deps/c-ares/src/lib/dsa/ares_slist.o build/temp.android-24-arm64_v8a-cpython-313/deps/c-ares/src/lib/event/ares_event_configchg.o build/temp.android-24-arm64_v8a-cpython-313/deps/c-ares/src/lib/event/ares_event_epoll.o build/temp.android-24-arm64_v8a-cpython-313/deps/c-ares/src/lib/event/ares_event_kqueue.o build/temp.android-24-arm64_v8a-cpython-313/deps/c-ares/src/lib/event/ares_event_poll.o build/temp.android-24-arm64_v8a-cpython-313/deps/c-ares/src/lib/event/ares_event_select.o build/temp.android-24-arm64_v8a-cpython-313/deps/c-ares/src/lib/event/ares_event_thread.o build/temp.android-24-arm64_v8a-cpython-313/deps/c-ares/src/lib/event/ares_event_wake_pipe.o build/temp.android-24-arm64_v8a-cpython-313/deps/c-ares/src/lib/event/ares_event_win32.o build/temp.android-24-arm64_v8a-cpython-313/deps/c-ares/src/lib/inet_net_pton.o build/temp.android-24-arm64_v8a-cpython-313/deps/c-ares/src/lib/inet_ntop.o build/temp.android-24-arm64_v8a-cpython-313/deps/c-ares/src/lib/legacy/ares_create_query.o build/temp.android-24-arm64_v8a-cpython-313/deps/c-ares/src/lib/legacy/ares_expand_name.o build/temp.android-24-arm64_v8a-cpython-313/deps/c-ares/src/lib/legacy/ares_expand_string.o build/temp.android-24-arm64_v8a-cpython-313/deps/c-ares/src/lib/legacy/ares_fds.o build/temp.android-24-arm64_v8a-cpython-313/deps/c-ares/src/lib/legacy/ares_getsock.o build/temp.android-24-arm64_v8a-cpython-313/deps/c-ares/src/lib/legacy/ares_parse_a_reply.o build/temp.android-24-arm64_v8a-cpython-313/deps/c-ares/src/lib/legacy/ares_parse_aaaa_reply.o build/temp.android-24-arm64_v8a-cpython-313/deps/c-ares/src/lib/legacy/ares_parse_caa_reply.o build/temp.android-24-arm64_v8a-cpython-313/deps/c-ares/src/lib/legacy/ares_parse_mx_reply.o build/temp.android-24-arm64_v8a-cpython-313/deps/c-ares/src/lib/legacy/ares_parse_naptr_reply.o build/temp.android-24-arm64_v8a-cpython-313/deps/c-ares/src/lib/legacy/ares_parse_ns_reply.o build/temp.android-24-arm64_v8a-cpython-313/deps/c-ares/src/lib/legacy/ares_parse_ptr_reply.o build/temp.android-24-arm64_v8a-cpython-313/deps/c-ares/src/lib/legacy/ares_parse_soa_reply.o build/temp.android-24-arm64_v8a-cpython-313/deps/c-ares/src/lib/legacy/ares_parse_srv_reply.o build/temp.android-24-arm64_v8a-cpython-313/deps/c-ares/src/lib/legacy/ares_parse_txt_reply.o build/temp.android-24-arm64_v8a-cpython-313/deps/c-ares/src/lib/legacy/ares_parse_uri_reply.o build/temp.android-24-arm64_v8a-cpython-313/deps/c-ares/src/lib/record/ares_dns_mapping.o build/temp.android-24-arm64_v8a-cpython-313/deps/c-ares/src/lib/record/ares_dns_multistring.o build/temp.android-24-arm64_v8a-cpython-313/deps/c-ares/src/lib/record/ares_dns_name.o build/temp.android-24-arm64_v8a-cpython-313/deps/c-ares/src/lib/record/ares_dns_parse.o build/temp.android-24-arm64_v8a-cpython-313/deps/c-ares/src/lib/record/ares_dns_record.o build/temp.android-24-arm64_v8a-cpython-313/deps/c-ares/src/lib/record/ares_dns_write.o build/temp.android-24-arm64_v8a-cpython-313/deps/c-ares/src/lib/str/ares_buf.o build/temp.android-24-arm64_v8a-cpython-313/deps/c-ares/src/lib/str/ares_str.o build/temp.android-24-arm64_v8a-cpython-313/deps/c-ares/src/lib/str/ares_strsplit.o build/temp.android-24-arm64_v8a-cpython-313/deps/c-ares/src/lib/util/ares_iface_ips.o build/temp.android-24-arm64_v8a-cpython-313/deps/c-ares/src/lib/util/ares_math.o build/temp.android-24-arm64_v8a-cpython-313/deps/c-ares/src/lib/util/ares_rand.o build/temp.android-24-arm64_v8a-cpython-313/deps/c-ares/src/lib/util/ares_threads.o build/temp.android-24-arm64_v8a-cpython-313/deps/c-ares/src/lib/util/ares_timeval.o build/temp.android-24-arm64_v8a-cpython-313/deps/c-ares/src/lib/util/ares_uri.o build/temp.android-24-arm64_v8a-cpython-313/deps/c-ares/src/lib/windows_port.o build/temp.android-24-arm64_v8a-cpython-313/src/gevent/resolver/cares.o -L/data/data/com.termux/files/usr/lib -lrt -lpython3.13 -o build/lib.android-24-arm64_v8a-cpython-313/gevent/resolver/cares.cpython-313-aarch64-linux-android.so
      building 'gevent._gevent_c_greenlet_primitives' extension
      clang -fPIC -fPIC -DCYTHON_FAST_THREAD_STATE=0 -I/data/data/com.termux/files/usr/include/python3.13 -I/data/data/com.termux/files/usr/include/python3.13 -I/data/data/com.termux/files/usr/tmp/pip-wheel-69w3ph6g/gevent_af108bd97bb548c3871d0b3a36b67bb8/deps -Isrc/gevent -Isrc/gevent/libev -Isrc/gevent/resolver -I. -I/data/data/com.termux/files/usr/include/python3.13 -c src/gevent/_greenlet_primitives.c -o build/temp.android-24-arm64_v8a-cpython-313/src/gevent/_greenlet_primitives.o
      clang -shared -L/data/data/com.termux/files/usr/lib -Wl,-rpath=/data/data/com.termux/files/usr/lib -Wl,--enable-new-dtags -Wl,-z,relro,-z,now -Wl,--no-as-needed,-landroid-support,--as-needed -L/home/builder/.termux-build/_cache/android-r29-api-24-v4/sysroot/usr/lib -landroid-posix-semaphore -L/data/data/com.termux/files/usr/lib -Wl,-rpath=/data/data/com.termux/files/usr/lib -Wl,--enable-new-dtags -Wl,-z,relro,-z,now -Wl,--no-as-needed,-landroid-support,--as-needed -L/home/builder/.termux-build/_cache/android-r29-api-24-v4/sysroot/usr/lib -landroid-posix-semaphore -fPIC build/temp.android-24-arm64_v8a-cpython-313/src/gevent/_greenlet_primitives.o -L/data/data/com.termux/files/usr/lib -lpython3.13 -o build/lib.android-24-arm64_v8a-cpython-313/gevent/_gevent_c_greenlet_primitives.cpython-313-aarch64-linux-android.so
      building 'gevent._gevent_c_hub_primitives' extension
      clang -fPIC -fPIC -DCYTHON_FAST_THREAD_STATE=0 -I/data/data/com.termux/files/usr/include/python3.13 -I/data/data/com.termux/files/usr/include/python3.13 -I/data/data/com.termux/files/usr/tmp/pip-wheel-69w3ph6g/gevent_af108bd97bb548c3871d0b3a36b67bb8/deps -Isrc/gevent -Isrc/gevent/libev -Isrc/gevent/resolver -I. -I/data/data/com.termux/files/usr/include/python3.13 -c src/gevent/_hub_primitives.c -o build/temp.android-24-arm64_v8a-cpython-313/src/gevent/_hub_primitives.o
      clang -shared -L/data/data/com.termux/files/usr/lib -Wl,-rpath=/data/data/com.termux/files/usr/lib -Wl,--enable-new-dtags -Wl,-z,relro,-z,now -Wl,--no-as-needed,-landroid-support,--as-needed -L/home/builder/.termux-build/_cache/android-r29-api-24-v4/sysroot/usr/lib -landroid-posix-semaphore -L/data/data/com.termux/files/usr/lib -Wl,-rpath=/data/data/com.termux/files/usr/lib -Wl,--enable-new-dtags -Wl,-z,relro,-z,now -Wl,--no-as-needed,-landroid-support,--as-needed -L/home/builder/.termux-build/_cache/android-r29-api-24-v4/sysroot/usr/lib -landroid-posix-semaphore -fPIC build/temp.android-24-arm64_v8a-cpython-313/src/gevent/_hub_primitives.o -L/data/data/com.termux/files/usr/lib -lpython3.13 -o build/lib.android-24-arm64_v8a-cpython-313/gevent/_gevent_c_hub_primitives.cpython-313-aarch64-linux-android.so
      building 'gevent._gevent_c_hub_local' extension
      clang -fPIC -fPIC -DCYTHON_FAST_THREAD_STATE=0 -I/data/data/com.termux/files/usr/include/python3.13 -I/data/data/com.termux/files/usr/include/python3.13 -I/data/data/com.termux/files/usr/tmp/pip-wheel-69w3ph6g/gevent_af108bd97bb548c3871d0b3a36b67bb8/deps -Isrc/gevent -Isrc/gevent/libev -Isrc/gevent/resolver -I. -I/data/data/com.termux/files/usr/include/python3.13 -c src/gevent/_hub_local.c -o build/temp.android-24-arm64_v8a-cpython-313/src/gevent/_hub_local.o
      clang -shared -L/data/data/com.termux/files/usr/lib -Wl,-rpath=/data/data/com.termux/files/usr/lib -Wl,--enable-new-dtags -Wl,-z,relro,-z,now -Wl,--no-as-needed,-landroid-support,--as-needed -L/home/builder/.termux-build/_cache/android-r29-api-24-v4/sysroot/usr/lib -landroid-posix-semaphore -L/data/data/com.termux/files/usr/lib -Wl,-rpath=/data/data/com.termux/files/usr/lib -Wl,--enable-new-dtags -Wl,-z,relro,-z,now -Wl,--no-as-needed,-landroid-support,--as-needed -L/home/builder/.termux-build/_cache/android-r29-api-24-v4/sysroot/usr/lib -landroid-posix-semaphore -fPIC build/temp.android-24-arm64_v8a-cpython-313/src/gevent/_hub_local.o -L/data/data/com.termux/files/usr/lib -lpython3.13 -o build/lib.android-24-arm64_v8a-cpython-313/gevent/_gevent_c_hub_local.cpython-313-aarch64-linux-android.so
      building 'gevent._gevent_c_waiter' extension
      clang -fPIC -fPIC -DCYTHON_FAST_THREAD_STATE=0 -I/data/data/com.termux/files/usr/include/python3.13 -I/data/data/com.termux/files/usr/include/python3.13 -I/data/data/com.termux/files/usr/tmp/pip-wheel-69w3ph6g/gevent_af108bd97bb548c3871d0b3a36b67bb8/deps -Isrc/gevent -Isrc/gevent/libev -Isrc/gevent/resolver -I. -I/data/data/com.termux/files/usr/include/python3.13 -c src/gevent/_waiter.c -o build/temp.android-24-arm64_v8a-cpython-313/src/gevent/_waiter.o
      clang -shared -L/data/data/com.termux/files/usr/lib -Wl,-rpath=/data/data/com.termux/files/usr/lib -Wl,--enable-new-dtags -Wl,-z,relro,-z,now -Wl,--no-as-needed,-landroid-support,--as-needed -L/home/builder/.termux-build/_cache/android-r29-api-24-v4/sysroot/usr/lib -landroid-posix-semaphore -L/data/data/com.termux/files/usr/lib -Wl,-rpath=/data/data/com.termux/files/usr/lib -Wl,--enable-new-dtags -Wl,-z,relro,-z,now -Wl,--no-as-needed,-landroid-support,--as-needed -L/home/builder/.termux-build/_cache/android-r29-api-24-v4/sysroot/usr/lib -landroid-posix-semaphore -fPIC build/temp.android-24-arm64_v8a-cpython-313/src/gevent/_waiter.o -L/data/data/com.termux/files/usr/lib -lpython3.13 -o build/lib.android-24-arm64_v8a-cpython-313/gevent/_gevent_c_waiter.cpython-313-aarch64-linux-android.so
      building 'gevent._gevent_cgreenlet' extension
      clang -fPIC -fPIC -DCYTHON_FAST_THREAD_STATE=0 -I/data/data/com.termux/files/usr/include/python3.13 -I/data/data/com.termux/files/usr/include/python3.13 -I/data/data/com.termux/files/usr/tmp/pip-wheel-69w3ph6g/gevent_af108bd97bb548c3871d0b3a36b67bb8/deps -Isrc/gevent -Isrc/gevent/libev -Isrc/gevent/resolver -I. -I/data/data/com.termux/files/usr/include/python3.13 -c src/gevent/greenlet.c -o build/temp.android-24-arm64_v8a-cpython-313/src/gevent/greenlet.o
      clang -shared -L/data/data/com.termux/files/usr/lib -Wl,-rpath=/data/data/com.termux/files/usr/lib -Wl,--enable-new-dtags -Wl,-z,relro,-z,now -Wl,--no-as-needed,-landroid-support,--as-needed -L/home/builder/.termux-build/_cache/android-r29-api-24-v4/sysroot/usr/lib -landroid-posix-semaphore -L/data/data/com.termux/files/usr/lib -Wl,-rpath=/data/data/com.termux/files/usr/lib -Wl,--enable-new-dtags -Wl,-z,relro,-z,now -Wl,--no-as-needed,-landroid-support,--as-needed -L/home/builder/.termux-build/_cache/android-r29-api-24-v4/sysroot/usr/lib -landroid-posix-semaphore -fPIC build/temp.android-24-arm64_v8a-cpython-313/src/gevent/greenlet.o -L/data/data/com.termux/files/usr/lib -lpython3.13 -o build/lib.android-24-arm64_v8a-cpython-313/gevent/_gevent_cgreenlet.cpython-313-aarch64-linux-android.so
      building 'gevent._gevent_c_tracer' extension
      clang -fPIC -fPIC -DCYTHON_FAST_THREAD_STATE=0 -I/data/data/com.termux/files/usr/include/python3.13 -I/data/data/com.termux/files/usr/include/python3.13 -I/data/data/com.termux/files/usr/tmp/pip-wheel-69w3ph6g/gevent_af108bd97bb548c3871d0b3a36b67bb8/deps -Isrc/gevent -Isrc/gevent/libev -Isrc/gevent/resolver -I. -I/data/data/com.termux/files/usr/include/python3.13 -c src/gevent/_tracer.c -o build/temp.android-24-arm64_v8a-cpython-313/src/gevent/_tracer.o
      clang -shared -L/data/data/com.termux/files/usr/lib -Wl,-rpath=/data/data/com.termux/files/usr/lib -Wl,--enable-new-dtags -Wl,-z,relro,-z,now -Wl,--no-as-needed,-landroid-support,--as-needed -L/home/builder/.termux-build/_cache/android-r29-api-24-v4/sysroot/usr/lib -landroid-posix-semaphore -L/data/data/com.termux/files/usr/lib -Wl,-rpath=/data/data/com.termux/files/usr/lib -Wl,--enable-new-dtags -Wl,-z,relro,-z,now -Wl,--no-as-needed,-landroid-support,--as-needed -L/home/builder/.termux-build/_cache/android-r29-api-24-v4/sysroot/usr/lib -landroid-posix-semaphore -fPIC build/temp.android-24-arm64_v8a-cpython-313/src/gevent/_tracer.o -L/data/data/com.termux/files/usr/lib -lpython3.13 -o build/lib.android-24-arm64_v8a-cpython-313/gevent/_gevent_c_tracer.cpython-313-aarch64-linux-android.so
      building 'gevent._gevent_c_abstract_linkable' extension
      clang -fPIC -fPIC -DCYTHON_FAST_THREAD_STATE=0 -I/data/data/com.termux/files/usr/include/python3.13 -I/data/data/com.termux/files/usr/include/python3.13 -I/data/data/com.termux/files/usr/tmp/pip-wheel-69w3ph6g/gevent_af108bd97bb548c3871d0b3a36b67bb8/deps -Isrc/gevent -Isrc/gevent/libev -Isrc/gevent/resolver -I. -I/data/data/com.termux/files/usr/include/python3.13 -c src/gevent/_abstract_linkable.c -o build/temp.android-24-arm64_v8a-cpython-313/src/gevent/_abstract_linkable.o
      clang -shared -L/data/data/com.termux/files/usr/lib -Wl,-rpath=/data/data/com.termux/files/usr/lib -Wl,--enable-new-dtags -Wl,-z,relro,-z,now -Wl,--no-as-needed,-landroid-support,--as-needed -L/home/builder/.termux-build/_cache/android-r29-api-24-v4/sysroot/usr/lib -landroid-posix-semaphore -L/data/data/com.termux/files/usr/lib -Wl,-rpath=/data/data/com.termux/files/usr/lib -Wl,--enable-new-dtags -Wl,-z,relro,-z,now -Wl,--no-as-needed,-landroid-support,--as-needed -L/home/builder/.termux-build/_cache/android-r29-api-24-v4/sysroot/usr/lib -landroid-posix-semaphore -fPIC build/temp.android-24-arm64_v8a-cpython-313/src/gevent/_abstract_linkable.o -L/data/data/com.termux/files/usr/lib -lpython3.13 -o build/lib.android-24-arm64_v8a-cpython-313/gevent/_gevent_c_abstract_linkable.cpython-313-aarch64-linux-android.so
      building 'gevent._gevent_c_semaphore' extension
      clang -fPIC -fPIC -DCYTHON_FAST_THREAD_STATE=0 -I/data/data/com.termux/files/usr/include/python3.13 -I/data/data/com.termux/files/usr/include/python3.13 -I/data/data/com.termux/files/usr/tmp/pip-wheel-69w3ph6g/gevent_af108bd97bb548c3871d0b3a36b67bb8/deps -Isrc/gevent -Isrc/gevent/libev -Isrc/gevent/resolver -I. -I/data/data/com.termux/files/usr/include/python3.13 -c src/gevent/_semaphore.c -o build/temp.android-24-arm64_v8a-cpython-313/src/gevent/_semaphore.o
      clang -shared -L/data/data/com.termux/files/usr/lib -Wl,-rpath=/data/data/com.termux/files/usr/lib -Wl,--enable-new-dtags -Wl,-z,relro,-z,now -Wl,--no-as-needed,-landroid-support,--as-needed -L/home/builder/.termux-build/_cache/android-r29-api-24-v4/sysroot/usr/lib -landroid-posix-semaphore -L/data/data/com.termux/files/usr/lib -Wl,-rpath=/data/data/com.termux/files/usr/lib -Wl,--enable-new-dtags -Wl,-z,relro,-z,now -Wl,--no-as-needed,-landroid-support,--as-needed -L/home/builder/.termux-build/_cache/android-r29-api-24-v4/sysroot/usr/lib -landroid-posix-semaphore -fPIC build/temp.android-24-arm64_v8a-cpython-313/src/gevent/_semaphore.o -L/data/data/com.termux/files/usr/lib -lpython3.13 -o build/lib.android-24-arm64_v8a-cpython-313/gevent/_gevent_c_semaphore.cpython-313-aarch64-linux-android.so
      building 'gevent._gevent_clocal' extension
      clang -fPIC -fPIC -DCYTHON_FAST_THREAD_STATE=0 -I/data/data/com.termux/files/usr/include/python3.13 -I/data/data/com.termux/files/usr/include/python3.13 -I/data/data/com.termux/files/usr/tmp/pip-wheel-69w3ph6g/gevent_af108bd97bb548c3871d0b3a36b67bb8/deps -Isrc/gevent -Isrc/gevent/libev -Isrc/gevent/resolver -I. -I/data/data/com.termux/files/usr/include/python3.13 -c src/gevent/local.c -o build/temp.android-24-arm64_v8a-cpython-313/src/gevent/local.o
      clang -shared -L/data/data/com.termux/files/usr/lib -Wl,-rpath=/data/data/com.termux/files/usr/lib -Wl,--enable-new-dtags -Wl,-z,relro,-z,now -Wl,--no-as-needed,-landroid-support,--as-needed -L/home/builder/.termux-build/_cache/android-r29-api-24-v4/sysroot/usr/lib -landroid-posix-semaphore -L/data/data/com.termux/files/usr/lib -Wl,-rpath=/data/data/com.termux/files/usr/lib -Wl,--enable-new-dtags -Wl,-z,relro,-z,now -Wl,--no-as-needed,-landroid-support,--as-needed -L/home/builder/.termux-build/_cache/android-r29-api-24-v4/sysroot/usr/lib -landroid-posix-semaphore -fPIC build/temp.android-24-arm64_v8a-cpython-313/src/gevent/local.o -L/data/data/com.termux/files/usr/lib -lpython3.13 -o build/lib.android-24-arm64_v8a-cpython-313/gevent/_gevent_clocal.cpython-313-aarch64-linux-android.so
      building 'gevent._gevent_c_ident' extension
      clang -fPIC -fPIC -DCYTHON_FAST_THREAD_STATE=0 -I/data/data/com.termux/files/usr/include/python3.13 -I/data/data/com.termux/files/usr/include/python3.13 -I/data/data/com.termux/files/usr/tmp/pip-wheel-69w3ph6g/gevent_af108bd97bb548c3871d0b3a36b67bb8/deps -Isrc/gevent -Isrc/gevent/libev -Isrc/gevent/resolver -I. -I/data/data/com.termux/files/usr/include/python3.13 -c src/gevent/_ident.c -o build/temp.android-24-arm64_v8a-cpython-313/src/gevent/_ident.o
      clang -shared -L/data/data/com.termux/files/usr/lib -Wl,-rpath=/data/data/com.termux/files/usr/lib -Wl,--enable-new-dtags -Wl,-z,relro,-z,now -Wl,--no-as-needed,-landroid-support,--as-needed -L/home/builder/.termux-build/_cache/android-r29-api-24-v4/sysroot/usr/lib -landroid-posix-semaphore -L/data/data/com.termux/files/usr/lib -Wl,-rpath=/data/data/com.termux/files/usr/lib -Wl,--enable-new-dtags -Wl,-z,relro,-z,now -Wl,--no-as-needed,-landroid-support,--as-needed -L/home/builder/.termux-build/_cache/android-r29-api-24-v4/sysroot/usr/lib -landroid-posix-semaphore -fPIC build/temp.android-24-arm64_v8a-cpython-313/src/gevent/_ident.o -L/data/data/com.termux/files/usr/lib -lpython3.13 -o build/lib.android-24-arm64_v8a-cpython-313/gevent/_gevent_c_ident.cpython-313-aarch64-linux-android.so
      building 'gevent._gevent_c_imap' extension
      clang -fPIC -fPIC -DCYTHON_FAST_THREAD_STATE=0 -I/data/data/com.termux/files/usr/include/python3.13 -I/data/data/com.termux/files/usr/include/python3.13 -I/data/data/com.termux/files/usr/tmp/pip-wheel-69w3ph6g/gevent_af108bd97bb548c3871d0b3a36b67bb8/deps -Isrc/gevent -Isrc/gevent/libev -Isrc/gevent/resolver -I. -I/data/data/com.termux/files/usr/include/python3.13 -c src/gevent/_imap.c -o build/temp.android-24-arm64_v8a-cpython-313/src/gevent/_imap.o
      clang -shared -L/data/data/com.termux/files/usr/lib -Wl,-rpath=/data/data/com.termux/files/usr/lib -Wl,--enable-new-dtags -Wl,-z,relro,-z,now -Wl,--no-as-needed,-landroid-support,--as-needed -L/home/builder/.termux-build/_cache/android-r29-api-24-v4/sysroot/usr/lib -landroid-posix-semaphore -L/data/data/com.termux/files/usr/lib -Wl,-rpath=/data/data/com.termux/files/usr/lib -Wl,--enable-new-dtags -Wl,-z,relro,-z,now -Wl,--no-as-needed,-landroid-support,--as-needed -L/home/builder/.termux-build/_cache/android-r29-api-24-v4/sysroot/usr/lib -landroid-posix-semaphore -fPIC build/temp.android-24-arm64_v8a-cpython-313/src/gevent/_imap.o -L/data/data/com.termux/files/usr/lib -lpython3.13 -o build/lib.android-24-arm64_v8a-cpython-313/gevent/_gevent_c_imap.cpython-313-aarch64-linux-android.so
      building 'gevent._gevent_cevent' extension
      clang -fPIC -fPIC -DCYTHON_FAST_THREAD_STATE=0 -I/data/data/com.termux/files/usr/include/python3.13 -I/data/data/com.termux/files/usr/include/python3.13 -I/data/data/com.termux/files/usr/tmp/pip-wheel-69w3ph6g/gevent_af108bd97bb548c3871d0b3a36b67bb8/deps -Isrc/gevent -Isrc/gevent/libev -Isrc/gevent/resolver -I. -I/data/data/com.termux/files/usr/include/python3.13 -c src/gevent/event.c -o build/temp.android-24-arm64_v8a-cpython-313/src/gevent/event.o
      clang -shared -L/data/data/com.termux/files/usr/lib -Wl,-rpath=/data/data/com.termux/files/usr/lib -Wl,--enable-new-dtags -Wl,-z,relro,-z,now -Wl,--no-as-needed,-landroid-support,--as-needed -L/home/builder/.termux-build/_cache/android-r29-api-24-v4/sysroot/usr/lib -landroid-posix-semaphore -L/data/data/com.termux/files/usr/lib -Wl,-rpath=/data/data/com.termux/files/usr/lib -Wl,--enable-new-dtags -Wl,-z,relro,-z,now -Wl,--no-as-needed,-landroid-support,--as-needed -L/home/builder/.termux-build/_cache/android-r29-api-24-v4/sysroot/usr/lib -landroid-posix-semaphore -fPIC build/temp.android-24-arm64_v8a-cpython-313/src/gevent/event.o -L/data/data/com.termux/files/usr/lib -lpython3.13 -o build/lib.android-24-arm64_v8a-cpython-313/gevent/_gevent_cevent.cpython-313-aarch64-linux-android.so
      building 'gevent._gevent_cqueue' extension
      clang -fPIC -fPIC -DCYTHON_FAST_THREAD_STATE=0 -I/data/data/com.termux/files/usr/include/python3.13 -I/data/data/com.termux/files/usr/include/python3.13 -I/data/data/com.termux/files/usr/tmp/pip-wheel-69w3ph6g/gevent_af108bd97bb548c3871d0b3a36b67bb8/deps -Isrc/gevent -Isrc/gevent/libev -Isrc/gevent/resolver -I. -I/data/data/com.termux/files/usr/include/python3.13 -c src/gevent/queue.c -o build/temp.android-24-arm64_v8a-cpython-313/src/gevent/queue.o
      clang -shared -L/data/data/com.termux/files/usr/lib -Wl,-rpath=/data/data/com.termux/files/usr/lib -Wl,--enable-new-dtags -Wl,-z,relro,-z,now -Wl,--no-as-needed,-landroid-support,--as-needed -L/home/builder/.termux-build/_cache/android-r29-api-24-v4/sysroot/usr/lib -landroid-posix-semaphore -L/data/data/com.termux/files/usr/lib -Wl,-rpath=/data/data/com.termux/files/usr/lib -Wl,--enable-new-dtags -Wl,-z,relro,-z,now -Wl,--no-as-needed,-landroid-support,--as-needed -L/home/builder/.termux-build/_cache/android-r29-api-24-v4/sysroot/usr/lib -landroid-posix-semaphore -fPIC build/temp.android-24-arm64_v8a-cpython-313/src/gevent/queue.o -L/data/data/com.termux/files/usr/lib -lpython3.13 -o build/lib.android-24-arm64_v8a-cpython-313/gevent/_gevent_cqueue.cpython-313-aarch64-linux-android.so
      building 'gevent.libev._corecffi' extension
      creating build/temp.android-24-arm64_v8a-cpython-313/build/temp.android-24-arm64_v8a-cpython-313
      clang -fPIC -fPIC -DLIBEV_EMBED=1 -DEV_CLEANUP_ENABLE=0 -DEV_EMBED_ENABLE=0 -DEV_PERIODIC_ENABLE=0 -DEV_USE_REALTIME=1 -DEV_USE_MONOTONIC=1 -DEV_USE_FLOOR=1 -I/data/data/com.termux/files/usr/include/python3.13 -I/data/data/com.termux/files/usr/include/python3.13 -I/data/data/com.termux/files/usr/tmp/pip-wheel-69w3ph6g/gevent_af108bd97bb548c3871d0b3a36b67bb8/deps -I/data/data/com.termux/files/usr/tmp/pip-wheel-69w3ph6g/gevent_af108bd97bb548c3871d0b3a36b67bb8/src/gevent/libev -I/data/data/com.termux/files/usr/tmp/pip-wheel-69w3ph6g/gevent_af108bd97bb548c3871d0b3a36b67bb8/deps/libev -I/data/data/com.termux/files/usr/tmp/pip-wheel-69w3ph6g/gevent_af108bd97bb548c3871d0b3a36b67bb8/src/gevent/libev -I/data/data/com.termux/files/usr/tmp/pip-wheel-69w3ph6g/gevent_af108bd97bb548c3871d0b3a36b67bb8/src/gevent -I/data/data/com.termux/files/usr/include/python3.13 -c build/temp.android-24-arm64_v8a-cpython-313/gevent.libev._corecffi.c -o build/temp.android-24-arm64_v8a-cpython-313/build/temp.android-24-arm64_v8a-cpython-313/gevent.libev._corecffi.o
      In file included from build/temp.android-24-arm64_v8a-cpython-313/gevent.libev._corecffi.c:586:
      In file included from /data/data/com.termux/files/usr/tmp/pip-wheel-69w3ph6g/gevent_af108bd97bb548c3871d0b3a36b67bb8/src/gevent/libev/libev.h:9:
      In file included from /data/data/com.termux/files/usr/tmp/pip-wheel-69w3ph6g/gevent_af108bd97bb548c3871d0b3a36b67bb8/deps/libev/ev.c:3090:
      /data/data/com.termux/files/usr/tmp/pip-wheel-69w3ph6g/gevent_af108bd97bb548c3871d0b3a36b67bb8/deps/libev/ev_epoll.c:134:14: warning: left operand of comma operator has no effect [-Wunused-value]
        134 |     assert (("libev: I/O watcher with invalid fd found in epoll_ctl", errno != EBADF && errno != ELOOP && errno != EINVAL));
            |              ^~~~~~~~~~~~~~~~~~~~~~~~~~~~~~~~~~~~~~~~~~~~~~~~~~~~~~~
      /data/data/com.termux/files/usr/bin/../../usr/include/assert.h:55:23: note: expanded from macro 'assert'
         55 | #  define assert(e) ((e) ? __assert_no_op : __assert2(__FILE__, __LINE__, __PRETTY_FUNCTION__, #e))
            |                       ^
      In file included from build/temp.android-24-arm64_v8a-cpython-313/gevent.libev._corecffi.c:586:
      In file included from /data/data/com.termux/files/usr/tmp/pip-wheel-69w3ph6g/gevent_af108bd97bb548c3871d0b3a36b67bb8/src/gevent/libev/libev.h:9:
      In file included from /data/data/com.termux/files/usr/tmp/pip-wheel-69w3ph6g/gevent_af108bd97bb548c3871d0b3a36b67bb8/deps/libev/ev.c:3096:
      /data/data/com.termux/files/usr/tmp/pip-wheel-69w3ph6g/gevent_af108bd97bb548c3871d0b3a36b67bb8/deps/libev/ev_iouring.c:240:12: warning: left operand of comma operator has no effect [-Wunused-value]
        240 |   assert (("libev: io_uring_enter did not consume all sqes", (res < 0 || res == iouring_to_submit)));
            |            ^~~~~~~~~~~~~~~~~~~~~~~~~~~~~~~~~~~~~~~~~~~~~~~~
      /data/data/com.termux/files/usr/bin/../../usr/include/assert.h:55:23: note: expanded from macro 'assert'
         55 | #  define assert(e) ((e) ? __assert_no_op : __assert2(__FILE__, __LINE__, __PRETTY_FUNCTION__, #e))
            |                       ^
      In file included from build/temp.android-24-arm64_v8a-cpython-313/gevent.libev._corecffi.c:586:
      In file included from /data/data/com.termux/files/usr/tmp/pip-wheel-69w3ph6g/gevent_af108bd97bb548c3871d0b3a36b67bb8/src/gevent/libev/libev.h:9:
      In file included from /data/data/com.termux/files/usr/tmp/pip-wheel-69w3ph6g/gevent_af108bd97bb548c3871d0b3a36b67bb8/deps/libev/ev.c:3096:
      /data/data/com.termux/files/usr/tmp/pip-wheel-69w3ph6g/gevent_af108bd97bb548c3871d0b3a36b67bb8/deps/libev/ev_iouring.c:300:1: warning: non-void function does not return a value [-Wreturn-type]
        300 | }
            | ^
      /data/data/com.termux/files/usr/tmp/pip-wheel-69w3ph6g/gevent_af108bd97bb548c3871d0b3a36b67bb8/deps/libev/ev_iouring.c:331:1: warning: non-void function does not return a value [-Wreturn-type]
        331 | }
            | ^
      /data/data/com.termux/files/usr/tmp/pip-wheel-69w3ph6g/gevent_af108bd97bb548c3871d0b3a36b67bb8/deps/libev/ev_iouring.c:428:16: warning: left operand of comma operator has no effect [-Wunused-value]
        428 |   ev_io_set   (EV_A_ &iouring_tfd_w, iouring_tfd, EV_READ);
            |                ^~~~~
      /data/data/com.termux/files/usr/tmp/pip-wheel-69w3ph6g/gevent_af108bd97bb548c3871d0b3a36b67bb8/deps/libev/ev.h:180:16: note: expanded from macro 'EV_A_'
        180 | # define EV_A_ EV_A,                              /* a loop as first of multiple arguments */
            |                ^~~~
      /data/data/com.termux/files/usr/tmp/pip-wheel-69w3ph6g/gevent_af108bd97bb548c3871d0b3a36b67bb8/deps/libev/ev.h:179:16: note: expanded from macro 'EV_A'
        179 | # define EV_A  loop                               /* a loop as sole argument to a function call */
            |                ^~~~
      /data/data/com.termux/files/usr/tmp/pip-wheel-69w3ph6g/gevent_af108bd97bb548c3871d0b3a36b67bb8/deps/libev/ev.h:698:52: note: expanded from macro 'ev_io_set'
        698 | #define ev_io_set(ev,fd_,events_)            do { (ev)->fd = (fd_); (ev)->events = (events_) | EV__IOFDSET; } while (0)
            |                                                    ^~
      In file included from build/temp.android-24-arm64_v8a-cpython-313/gevent.libev._corecffi.c:586:
      In file included from /data/data/com.termux/files/usr/tmp/pip-wheel-69w3ph6g/gevent_af108bd97bb548c3871d0b3a36b67bb8/src/gevent/libev/libev.h:9:
      In file included from /data/data/com.termux/files/usr/tmp/pip-wheel-69w3ph6g/gevent_af108bd97bb548c3871d0b3a36b67bb8/deps/libev/ev.c:3096:
      /data/data/com.termux/files/usr/tmp/pip-wheel-69w3ph6g/gevent_af108bd97bb548c3871d0b3a36b67bb8/deps/libev/ev_iouring.c:428:16: warning: left operand of comma operator has no effect [-Wunused-value]
        428 |   ev_io_set   (EV_A_ &iouring_tfd_w, iouring_tfd, EV_READ);
            |                ^~~~~
      /data/data/com.termux/files/usr/tmp/pip-wheel-69w3ph6g/gevent_af108bd97bb548c3871d0b3a36b67bb8/deps/libev/ev.h:180:16: note: expanded from macro 'EV_A_'
        180 | # define EV_A_ EV_A,                              /* a loop as first of multiple arguments */
            |                ^~~~
      /data/data/com.termux/files/usr/tmp/pip-wheel-69w3ph6g/gevent_af108bd97bb548c3871d0b3a36b67bb8/deps/libev/ev.h:179:16: note: expanded from macro 'EV_A'
        179 | # define EV_A  loop                               /* a loop as sole argument to a function call */
            |                ^~~~
      /data/data/com.termux/files/usr/tmp/pip-wheel-69w3ph6g/gevent_af108bd97bb548c3871d0b3a36b67bb8/deps/libev/ev.h:698:70: note: expanded from macro 'ev_io_set'
        698 | #define ev_io_set(ev,fd_,events_)            do { (ev)->fd = (fd_); (ev)->events = (events_) | EV__IOFDSET; } while (0)
            |                                                                      ^~
      In file included from build/temp.android-24-arm64_v8a-cpython-313/gevent.libev._corecffi.c:586:
      In file included from /data/data/com.termux/files/usr/tmp/pip-wheel-69w3ph6g/gevent_af108bd97bb548c3871d0b3a36b67bb8/src/gevent/libev/libev.h:9:
      In file included from /data/data/com.termux/files/usr/tmp/pip-wheel-69w3ph6g/gevent_af108bd97bb548c3871d0b3a36b67bb8/deps/libev/ev.c:3096:
      /data/data/com.termux/files/usr/tmp/pip-wheel-69w3ph6g/gevent_af108bd97bb548c3871d0b3a36b67bb8/deps/libev/ev_iouring.c:489:19: warning: left operand of comma operator has no effect [-Wunused-value]
        489 |          assert (("libev: iouring timerfd_settime failed", 0));
            |                   ^~~~~~~~~~~~~~~~~~~~~~~~~~~~~~~~~~~~~~~
      /data/data/com.termux/files/usr/bin/../../usr/include/assert.h:55:23: note: expanded from macro 'assert'
         55 | #  define assert(e) ((e) ? __assert_no_op : __assert2(__FILE__, __LINE__, __PRETTY_FUNCTION__, #e))
            |                       ^
      In file included from build/temp.android-24-arm64_v8a-cpython-313/gevent.libev._corecffi.c:586:
      In file included from /data/data/com.termux/files/usr/tmp/pip-wheel-69w3ph6g/gevent_af108bd97bb548c3871d0b3a36b67bb8/src/gevent/libev/libev.h:9:
      In file included from /data/data/com.termux/files/usr/tmp/pip-wheel-69w3ph6g/gevent_af108bd97bb548c3871d0b3a36b67bb8/deps/libev/ev.c:3096:
      /data/data/com.termux/files/usr/tmp/pip-wheel-69w3ph6g/gevent_af108bd97bb548c3871d0b3a36b67bb8/deps/libev/ev_iouring.c:505:12: warning: left operand of comma operator has no effect [-Wunused-value]
        505 |   assert (("libev: io_uring fd must be in-bounds", fd >= 0 && fd < anfdmax));
            |            ^~~~~~~~~~~~~~~~~~~~~~~~~~~~~~~~~~~~~~
      /data/data/com.termux/files/usr/bin/../../usr/include/assert.h:55:23: note: expanded from macro 'assert'
         55 | #  define assert(e) ((e) ? __assert_no_op : __assert2(__FILE__, __LINE__, __PRETTY_FUNCTION__, #e))
            |                       ^
      In file included from build/temp.android-24-arm64_v8a-cpython-313/gevent.libev._corecffi.c:586:
      In file included from /data/data/com.termux/files/usr/tmp/pip-wheel-69w3ph6g/gevent_af108bd97bb548c3871d0b3a36b67bb8/src/gevent/libev/libev.h:9:
      In file included from /data/data/com.termux/files/usr/tmp/pip-wheel-69w3ph6g/gevent_af108bd97bb548c3871d0b3a36b67bb8/deps/libev/ev.c:3096:
      /data/data/com.termux/files/usr/tmp/pip-wheel-69w3ph6g/gevent_af108bd97bb548c3871d0b3a36b67bb8/deps/libev/ev_iouring.c:525:20: warning: left operand of comma operator has no effect [-Wunused-value]
        525 |           assert (("libev: event loop rejected bad fd", res != -EBADF));
            |                    ^~~~~~~~~~~~~~~~~~~~~~~~~~~~~~~~~~~
      /data/data/com.termux/files/usr/bin/../../usr/include/assert.h:55:23: note: expanded from macro 'assert'
         55 | #  define assert(e) ((e) ? __assert_no_op : __assert2(__FILE__, __LINE__, __PRETTY_FUNCTION__, #e))
            |                       ^
      In file included from build/temp.android-24-arm64_v8a-cpython-313/gevent.libev._corecffi.c:586:
      In file included from /data/data/com.termux/files/usr/tmp/pip-wheel-69w3ph6g/gevent_af108bd97bb548c3871d0b3a36b67bb8/src/gevent/libev/libev.h:9:
      In file included from /data/data/com.termux/files/usr/tmp/pip-wheel-69w3ph6g/gevent_af108bd97bb548c3871d0b3a36b67bb8/deps/libev/ev.c:3099:
      /data/data/com.termux/files/usr/tmp/pip-wheel-69w3ph6g/gevent_af108bd97bb548c3871d0b3a36b67bb8/deps/libev/ev_poll.c:113:18: warning: left operand of comma operator has no effect [-Wunused-value]
        113 |         assert (("libev: poll returned illegal result, broken BSD kernel?", p < polls + pollcnt));
            |                  ^~~~~~~~~~~~~~~~~~~~~~~~~~~~~~~~~~~~~~~~~~~~~~~~~~~~~~~~~
      /data/data/com.termux/files/usr/bin/../../usr/include/assert.h:55:23: note: expanded from macro 'assert'
         55 | #  define assert(e) ((e) ? __assert_no_op : __assert2(__FILE__, __LINE__, __PRETTY_FUNCTION__, #e))
            |                       ^
      In file included from build/temp.android-24-arm64_v8a-cpython-313/gevent.libev._corecffi.c:586:
      In file included from /data/data/com.termux/files/usr/tmp/pip-wheel-69w3ph6g/gevent_af108bd97bb548c3871d0b3a36b67bb8/src/gevent/libev/libev.h:9:
      In file included from /data/data/com.termux/files/usr/tmp/pip-wheel-69w3ph6g/gevent_af108bd97bb548c3871d0b3a36b67bb8/deps/libev/ev.c:3099:
      /data/data/com.termux/files/usr/tmp/pip-wheel-69w3ph6g/gevent_af108bd97bb548c3871d0b3a36b67bb8/deps/libev/ev_poll.c:121:26: warning: left operand of comma operator has no effect [-Wunused-value]
        121 |                 assert (("libev: poll found invalid fd in poll set", 0));
            |                          ^~~~~~~~~~~~~~~~~~~~~~~~~~~~~~~~~~~~~~~~~~
      /data/data/com.termux/files/usr/bin/../../usr/include/assert.h:55:23: note: expanded from macro 'assert'
         55 | #  define assert(e) ((e) ? __assert_no_op : __assert2(__FILE__, __LINE__, __PRETTY_FUNCTION__, #e))
            |                       ^
      In file included from build/temp.android-24-arm64_v8a-cpython-313/gevent.libev._corecffi.c:586:
      In file included from /data/data/com.termux/files/usr/tmp/pip-wheel-69w3ph6g/gevent_af108bd97bb548c3871d0b3a36b67bb8/src/gevent/libev/libev.h:9:
      /data/data/com.termux/files/usr/tmp/pip-wheel-69w3ph6g/gevent_af108bd97bb548c3871d0b3a36b67bb8/deps/libev/ev.c:3573:12: warning: left operand of comma operator has no effect [-Wunused-value]
       3573 |   assert (("libev: watcher has invalid priority", ABSPRI (w) >= 0 && ABSPRI (w) < NUMPRI));
            |            ^~~~~~~~~~~~~~~~~~~~~~~~~~~~~~~~~~~~~
      /data/data/com.termux/files/usr/bin/../../usr/include/assert.h:55:23: note: expanded from macro 'assert'
         55 | #  define assert(e) ((e) ? __assert_no_op : __assert2(__FILE__, __LINE__, __PRETTY_FUNCTION__, #e))
            |                       ^
      In file included from build/temp.android-24-arm64_v8a-cpython-313/gevent.libev._corecffi.c:586:
      In file included from /data/data/com.termux/files/usr/tmp/pip-wheel-69w3ph6g/gevent_af108bd97bb548c3871d0b3a36b67bb8/src/gevent/libev/libev.h:9:
      /data/data/com.termux/files/usr/tmp/pip-wheel-69w3ph6g/gevent_af108bd97bb548c3871d0b3a36b67bb8/deps/libev/ev.c:3576:14: warning: left operand of comma operator has no effect [-Wunused-value]
       3576 |     assert (("libev: pending watcher not on pending queue", pendings [ABSPRI (w)][w->pending - 1].w == w));
            |              ^~~~~~~~~~~~~~~~~~~~~~~~~~~~~~~~~~~~~~~~~~~~~
      /data/data/com.termux/files/usr/bin/../../usr/include/assert.h:55:23: note: expanded from macro 'assert'
         55 | #  define assert(e) ((e) ? __assert_no_op : __assert2(__FILE__, __LINE__, __PRETTY_FUNCTION__, #e))
            |                       ^
      In file included from build/temp.android-24-arm64_v8a-cpython-313/gevent.libev._corecffi.c:586:
      In file included from /data/data/com.termux/files/usr/tmp/pip-wheel-69w3ph6g/gevent_af108bd97bb548c3871d0b3a36b67bb8/src/gevent/libev/libev.h:9:
      /data/data/com.termux/files/usr/tmp/pip-wheel-69w3ph6g/gevent_af108bd97bb548c3871d0b3a36b67bb8/deps/libev/ev.c:3587:16: warning: left operand of comma operator has no effect [-Wunused-value]
       3587 |       assert (("libev: active index mismatch in heap", ev_active (ANHE_w (heap [i])) == i));
            |                ^~~~~~~~~~~~~~~~~~~~~~~~~~~~~~~~~~~~~~
      /data/data/com.termux/files/usr/bin/../../usr/include/assert.h:55:23: note: expanded from macro 'assert'
         55 | #  define assert(e) ((e) ? __assert_no_op : __assert2(__FILE__, __LINE__, __PRETTY_FUNCTION__, #e))
            |                       ^
      In file included from build/temp.android-24-arm64_v8a-cpython-313/gevent.libev._corecffi.c:586:
      In file included from /data/data/com.termux/files/usr/tmp/pip-wheel-69w3ph6g/gevent_af108bd97bb548c3871d0b3a36b67bb8/src/gevent/libev/libev.h:9:
      /data/data/com.termux/files/usr/tmp/pip-wheel-69w3ph6g/gevent_af108bd97bb548c3871d0b3a36b67bb8/deps/libev/ev.c:3588:16: warning: left operand of comma operator has no effect [-Wunused-value]
       3588 |       assert (("libev: heap condition violated", i == HEAP0 || ANHE_at (heap [HPARENT (i)]) <= ANHE_at (heap [i])));
            |                ^~~~~~~~~~~~~~~~~~~~~~~~~~~~~~~~
      /data/data/com.termux/files/usr/bin/../../usr/include/assert.h:55:23: note: expanded from macro 'assert'
         55 | #  define assert(e) ((e) ? __assert_no_op : __assert2(__FILE__, __LINE__, __PRETTY_FUNCTION__, #e))
            |                       ^
      In file included from build/temp.android-24-arm64_v8a-cpython-313/gevent.libev._corecffi.c:586:
      In file included from /data/data/com.termux/files/usr/tmp/pip-wheel-69w3ph6g/gevent_af108bd97bb548c3871d0b3a36b67bb8/src/gevent/libev/libev.h:9:
      /data/data/com.termux/files/usr/tmp/pip-wheel-69w3ph6g/gevent_af108bd97bb548c3871d0b3a36b67bb8/deps/libev/ev.c:3589:16: warning: left operand of comma operator has no effect [-Wunused-value]
       3589 |       assert (("libev: heap at cache mismatch", ANHE_at (heap [i]) == ev_at (ANHE_w (heap [i]))));
            |                ^~~~~~~~~~~~~~~~~~~~~~~~~~~~~~~
      /data/data/com.termux/files/usr/bin/../../usr/include/assert.h:55:23: note: expanded from macro 'assert'
         55 | #  define assert(e) ((e) ? __assert_no_op : __assert2(__FILE__, __LINE__, __PRETTY_FUNCTION__, #e))
            |                       ^
      In file included from build/temp.android-24-arm64_v8a-cpython-313/gevent.libev._corecffi.c:586:
      In file included from /data/data/com.termux/files/usr/tmp/pip-wheel-69w3ph6g/gevent_af108bd97bb548c3871d0b3a36b67bb8/src/gevent/libev/libev.h:9:
      /data/data/com.termux/files/usr/tmp/pip-wheel-69w3ph6g/gevent_af108bd97bb548c3871d0b3a36b67bb8/deps/libev/ev.c:3601:16: warning: left operand of comma operator has no effect [-Wunused-value]
       3601 |       assert (("libev: active index mismatch", ev_active (ws [cnt]) == cnt + 1));
            |                ^~~~~~~~~~~~~~~~~~~~~~~~~~~~~~
      /data/data/com.termux/files/usr/bin/../../usr/include/assert.h:55:23: note: expanded from macro 'assert'
         55 | #  define assert(e) ((e) ? __assert_no_op : __assert2(__FILE__, __LINE__, __PRETTY_FUNCTION__, #e))
            |                       ^
      In file included from build/temp.android-24-arm64_v8a-cpython-313/gevent.libev._corecffi.c:586:
      In file included from /data/data/com.termux/files/usr/tmp/pip-wheel-69w3ph6g/gevent_af108bd97bb548c3871d0b3a36b67bb8/src/gevent/libev/libev.h:9:
      /data/data/com.termux/files/usr/tmp/pip-wheel-69w3ph6g/gevent_af108bd97bb548c3871d0b3a36b67bb8/deps/libev/ev.c:3619:14: warning: left operand of comma operator has no effect [-Wunused-value]
       3619 |     assert (("libev: negative fd in fdchanges", fdchanges [i] >= 0));
            |              ^~~~~~~~~~~~~~~~~~~~~~~~~~~~~~~~~
      /data/data/com.termux/files/usr/bin/../../usr/include/assert.h:55:23: note: expanded from macro 'assert'
         55 | #  define assert(e) ((e) ? __assert_no_op : __assert2(__FILE__, __LINE__, __PRETTY_FUNCTION__, #e))
            |                       ^
      In file included from build/temp.android-24-arm64_v8a-cpython-313/gevent.libev._corecffi.c:586:
      In file included from /data/data/com.termux/files/usr/tmp/pip-wheel-69w3ph6g/gevent_af108bd97bb548c3871d0b3a36b67bb8/src/gevent/libev/libev.h:9:
      /data/data/com.termux/files/usr/tmp/pip-wheel-69w3ph6g/gevent_af108bd97bb548c3871d0b3a36b67bb8/deps/libev/ev.c:3632:24: warning: left operand of comma operator has no effect [-Wunused-value]
       3632 |               assert (("libev: io watcher list contains a loop", w != w2));
            |                        ^~~~~~~~~~~~~~~~~~~~~~~~~~~~~~~~~~~~~~~~
      /data/data/com.termux/files/usr/bin/../../usr/include/assert.h:55:23: note: expanded from macro 'assert'
         55 | #  define assert(e) ((e) ? __assert_no_op : __assert2(__FILE__, __LINE__, __PRETTY_FUNCTION__, #e))
            |                       ^
      In file included from build/temp.android-24-arm64_v8a-cpython-313/gevent.libev._corecffi.c:586:
      In file included from /data/data/com.termux/files/usr/tmp/pip-wheel-69w3ph6g/gevent_af108bd97bb548c3871d0b3a36b67bb8/src/gevent/libev/libev.h:9:
      /data/data/com.termux/files/usr/tmp/pip-wheel-69w3ph6g/gevent_af108bd97bb548c3871d0b3a36b67bb8/deps/libev/ev.c:3636:20: warning: left operand of comma operator has no effect [-Wunused-value]
       3636 |           assert (("libev: inactive fd watcher on anfd list", ev_active (w) == 1));
            |                    ^~~~~~~~~~~~~~~~~~~~~~~~~~~~~~~~~~~~~~~~~
      /data/data/com.termux/files/usr/bin/../../usr/include/assert.h:55:23: note: expanded from macro 'assert'
         55 | #  define assert(e) ((e) ? __assert_no_op : __assert2(__FILE__, __LINE__, __PRETTY_FUNCTION__, #e))
            |                       ^
      In file included from build/temp.android-24-arm64_v8a-cpython-313/gevent.libev._corecffi.c:586:
      In file included from /data/data/com.termux/files/usr/tmp/pip-wheel-69w3ph6g/gevent_af108bd97bb548c3871d0b3a36b67bb8/src/gevent/libev/libev.h:9:
      /data/data/com.termux/files/usr/tmp/pip-wheel-69w3ph6g/gevent_af108bd97bb548c3871d0b3a36b67bb8/deps/libev/ev.c:3637:20: warning: left operand of comma operator has no effect [-Wunused-value]
       3637 |           assert (("libev: fd mismatch between watcher and anfd", ((ev_io *)w)->fd == i));
            |                    ^~~~~~~~~~~~~~~~~~~~~~~~~~~~~~~~~~~~~~~~~~~~~
      /data/data/com.termux/files/usr/bin/../../usr/include/assert.h:55:23: note: expanded from macro 'assert'
         55 | #  define assert(e) ((e) ? __assert_no_op : __assert2(__FILE__, __LINE__, __PRETTY_FUNCTION__, #e))
            |                       ^
      In file included from build/temp.android-24-arm64_v8a-cpython-313/gevent.libev._corecffi.c:586:
      In file included from /data/data/com.termux/files/usr/tmp/pip-wheel-69w3ph6g/gevent_af108bd97bb548c3871d0b3a36b67bb8/src/gevent/libev/libev.h:9:
      /data/data/com.termux/files/usr/tmp/pip-wheel-69w3ph6g/gevent_af108bd97bb548c3871d0b3a36b67bb8/deps/libev/ev.c:3823:24: warning: left operand of comma operator has no effect [-Wunused-value]
       3823 |               assert (("libev: negative ev_timer repeat value found while processing timers", w->repeat > EV_TS_CONST (0.)));
            |                        ^~~~~~~~~~~~~~~~~~~~~~~~~~~~~~~~~~~~~~~~~~~~~~~~~~~~~~~~~~~~~~~~~~~~~
      /data/data/com.termux/files/usr/bin/../../usr/include/assert.h:55:23: note: expanded from macro 'assert'
         55 | #  define assert(e) ((e) ? __assert_no_op : __assert2(__FILE__, __LINE__, __PRETTY_FUNCTION__, #e))
            |                       ^
      In file included from build/temp.android-24-arm64_v8a-cpython-313/gevent.libev._corecffi.c:586:
      In file included from /data/data/com.termux/files/usr/tmp/pip-wheel-69w3ph6g/gevent_af108bd97bb548c3871d0b3a36b67bb8/src/gevent/libev/libev.h:9:
      /data/data/com.termux/files/usr/tmp/pip-wheel-69w3ph6g/gevent_af108bd97bb548c3871d0b3a36b67bb8/deps/libev/ev.c:4027:12: warning: left operand of comma operator has no effect [-Wunused-value]
       4027 |   assert (("libev: ev_loop recursion during release detected", loop_done != EVBREAK_RECURSE));
            |            ^~~~~~~~~~~~~~~~~~~~~~~~~~~~~~~~~~~~~~~~~~~~~~~~~~
      /data/data/com.termux/files/usr/bin/../../usr/include/assert.h:55:23: note: expanded from macro 'assert'
         55 | #  define assert(e) ((e) ? __assert_no_op : __assert2(__FILE__, __LINE__, __PRETTY_FUNCTION__, #e))
            |                       ^
      In file included from build/temp.android-24-arm64_v8a-cpython-313/gevent.libev._corecffi.c:586:
      In file included from /data/data/com.termux/files/usr/tmp/pip-wheel-69w3ph6g/gevent_af108bd97bb548c3871d0b3a36b67bb8/src/gevent/libev/libev.h:9:
      /data/data/com.termux/files/usr/tmp/pip-wheel-69w3ph6g/gevent_af108bd97bb548c3871d0b3a36b67bb8/deps/libev/ev.c:4165:22: warning: left operand of comma operator has no effect [-Wunused-value]
       4165 |             assert (("libev: pipe_w not active, but pipe not written", ev_is_active (&pipe_w)));
            |                      ^~~~~~~~~~~~~~~~~~~~~~~~~~~~~~~~~~~~~~~~~~~~~~~~
      /data/data/com.termux/files/usr/bin/../../usr/include/assert.h:55:23: note: expanded from macro 'assert'
         55 | #  define assert(e) ((e) ? __assert_no_op : __assert2(__FILE__, __LINE__, __PRETTY_FUNCTION__, #e))
            |                       ^
      In file included from build/temp.android-24-arm64_v8a-cpython-313/gevent.libev._corecffi.c:586:
      In file included from /data/data/com.termux/files/usr/tmp/pip-wheel-69w3ph6g/gevent_af108bd97bb548c3871d0b3a36b67bb8/src/gevent/libev/libev.h:9:
      /data/data/com.termux/files/usr/tmp/pip-wheel-69w3ph6g/gevent_af108bd97bb548c3871d0b3a36b67bb8/deps/libev/ev.c:4339:12: warning: left operand of comma operator has no effect [-Wunused-value]
       4339 |   assert (("libev: ev_io_start called with negative fd", fd >= 0));
            |            ^~~~~~~~~~~~~~~~~~~~~~~~~~~~~~~~~~~~~~~~~~~~
      /data/data/com.termux/files/usr/bin/../../usr/include/assert.h:55:23: note: expanded from macro 'assert'
         55 | #  define assert(e) ((e) ? __assert_no_op : __assert2(__FILE__, __LINE__, __PRETTY_FUNCTION__, #e))
            |                       ^
      In file included from build/temp.android-24-arm64_v8a-cpython-313/gevent.libev._corecffi.c:586:
      In file included from /data/data/com.termux/files/usr/tmp/pip-wheel-69w3ph6g/gevent_af108bd97bb548c3871d0b3a36b67bb8/src/gevent/libev/libev.h:9:
      /data/data/com.termux/files/usr/tmp/pip-wheel-69w3ph6g/gevent_af108bd97bb548c3871d0b3a36b67bb8/deps/libev/ev.c:4340:12: warning: left operand of comma operator has no effect [-Wunused-value]
       4340 |   assert (("libev: ev_io_start called with illegal event mask", !(w->events & ~(EV__IOFDSET | EV_READ | EV_WRITE))));
            |            ^~~~~~~~~~~~~~~~~~~~~~~~~~~~~~~~~~~~~~~~~~~~~~~~~~~
      /data/data/com.termux/files/usr/bin/../../usr/include/assert.h:55:23: note: expanded from macro 'assert'
         55 | #  define assert(e) ((e) ? __assert_no_op : __assert2(__FILE__, __LINE__, __PRETTY_FUNCTION__, #e))
            |                       ^
      In file included from build/temp.android-24-arm64_v8a-cpython-313/gevent.libev._corecffi.c:586:
      In file included from /data/data/com.termux/files/usr/tmp/pip-wheel-69w3ph6g/gevent_af108bd97bb548c3871d0b3a36b67bb8/src/gevent/libev/libev.h:9:
      /data/data/com.termux/files/usr/tmp/pip-wheel-69w3ph6g/gevent_af108bd97bb548c3871d0b3a36b67bb8/deps/libev/ev.c:4352:12: warning: left operand of comma operator has no effect [-Wunused-value]
       4352 |   assert (("libev: ev_io_start called with corrupted watcher", ((WL)w)->next != (WL)w));
            |            ^~~~~~~~~~~~~~~~~~~~~~~~~~~~~~~~~~~~~~~~~~~~~~~~~~
      /data/data/com.termux/files/usr/bin/../../usr/include/assert.h:55:23: note: expanded from macro 'assert'
         55 | #  define assert(e) ((e) ? __assert_no_op : __assert2(__FILE__, __LINE__, __PRETTY_FUNCTION__, #e))
            |                       ^
      In file included from build/temp.android-24-arm64_v8a-cpython-313/gevent.libev._corecffi.c:586:
      In file included from /data/data/com.termux/files/usr/tmp/pip-wheel-69w3ph6g/gevent_af108bd97bb548c3871d0b3a36b67bb8/src/gevent/libev/libev.h:9:
      /data/data/com.termux/files/usr/tmp/pip-wheel-69w3ph6g/gevent_af108bd97bb548c3871d0b3a36b67bb8/deps/libev/ev.c:4368:12: warning: left operand of comma operator has no effect [-Wunused-value]
       4368 |   assert (("libev: ev_io_stop called with illegal fd (must stay constant after start!)", w->fd >= 0 && w->fd < anfdmax));
            |            ^~~~~~~~~~~~~~~~~~~~~~~~~~~~~~~~~~~~~~~~~~~~~~~~~~~~~~~~~~~~~~~~~~~~~~~~~~~~
      /data/data/com.termux/files/usr/bin/../../usr/include/assert.h:55:23: note: expanded from macro 'assert'
         55 | #  define assert(e) ((e) ? __assert_no_op : __assert2(__FILE__, __LINE__, __PRETTY_FUNCTION__, #e))
            |                       ^
      In file included from build/temp.android-24-arm64_v8a-cpython-313/gevent.libev._corecffi.c:586:
      In file included from /data/data/com.termux/files/usr/tmp/pip-wheel-69w3ph6g/gevent_af108bd97bb548c3871d0b3a36b67bb8/src/gevent/libev/libev.h:9:
      /data/data/com.termux/files/usr/tmp/pip-wheel-69w3ph6g/gevent_af108bd97bb548c3871d0b3a36b67bb8/deps/libev/ev.c:4392:12: warning: left operand of comma operator has no effect [-Wunused-value]
       4392 |   assert (("libev: ev_timer_start called with negative timer repeat value", w->repeat >= 0.));
            |            ^~~~~~~~~~~~~~~~~~~~~~~~~~~~~~~~~~~~~~~~~~~~~~~~~~~~~~~~~~~~~~~
      /data/data/com.termux/files/usr/bin/../../usr/include/assert.h:55:23: note: expanded from macro 'assert'
         55 | #  define assert(e) ((e) ? __assert_no_op : __assert2(__FILE__, __LINE__, __PRETTY_FUNCTION__, #e))
            |                       ^
      In file included from build/temp.android-24-arm64_v8a-cpython-313/gevent.libev._corecffi.c:586:
      In file included from /data/data/com.termux/files/usr/tmp/pip-wheel-69w3ph6g/gevent_af108bd97bb548c3871d0b3a36b67bb8/src/gevent/libev/libev.h:9:
      /data/data/com.termux/files/usr/tmp/pip-wheel-69w3ph6g/gevent_af108bd97bb548c3871d0b3a36b67bb8/deps/libev/ev.c:4421:14: warning: left operand of comma operator has no effect [-Wunused-value]
       4421 |     assert (("libev: internal timer heap corruption", ANHE_w (timers [active]) == (WT)w));
            |              ^~~~~~~~~~~~~~~~~~~~~~~~~~~~~~~~~~~~~~~
      /data/data/com.termux/files/usr/bin/../../usr/include/assert.h:55:23: note: expanded from macro 'assert'
         55 | #  define assert(e) ((e) ? __assert_no_op : __assert2(__FILE__, __LINE__, __PRETTY_FUNCTION__, #e))
            |                       ^
      In file included from build/temp.android-24-arm64_v8a-cpython-313/gevent.libev._corecffi.c:586:
      In file included from /data/data/com.termux/files/usr/tmp/pip-wheel-69w3ph6g/gevent_af108bd97bb548c3871d0b3a36b67bb8/src/gevent/libev/libev.h:9:
      /data/data/com.termux/files/usr/tmp/pip-wheel-69w3ph6g/gevent_af108bd97bb548c3871d0b3a36b67bb8/deps/libev/ev.c:4562:12: warning: left operand of comma operator has no effect [-Wunused-value]
       4562 |   assert (("libev: ev_signal_start called with illegal signal number", w->signum > 0 && w->signum < EV_NSIG));
            |            ^~~~~~~~~~~~~~~~~~~~~~~~~~~~~~~~~~~~~~~~~~~~~~~~~~~~~~~~~~
      /data/data/com.termux/files/usr/bin/../../usr/include/assert.h:55:23: note: expanded from macro 'assert'
         55 | #  define assert(e) ((e) ? __assert_no_op : __assert2(__FILE__, __LINE__, __PRETTY_FUNCTION__, #e))
            |                       ^
      In file included from build/temp.android-24-arm64_v8a-cpython-313/gevent.libev._corecffi.c:586:
      In file included from /data/data/com.termux/files/usr/tmp/pip-wheel-69w3ph6g/gevent_af108bd97bb548c3871d0b3a36b67bb8/src/gevent/libev/libev.h:9:
      /data/data/com.termux/files/usr/tmp/pip-wheel-69w3ph6g/gevent_af108bd97bb548c3871d0b3a36b67bb8/deps/libev/ev.c:4565:12: warning: left operand of comma operator has no effect [-Wunused-value]
       4565 |   assert (("libev: a signal must not be attached to two different loops",
            |            ^~~~~~~~~~~~~~~~~~~~~~~~~~~~~~~~~~~~~~~~~~~~~~~~~~~~~~~~~~~~~
      /data/data/com.termux/files/usr/bin/../../usr/include/assert.h:55:23: note: expanded from macro 'assert'
         55 | #  define assert(e) ((e) ? __assert_no_op : __assert2(__FILE__, __LINE__, __PRETTY_FUNCTION__, #e))
            |                       ^
      In file included from build/temp.android-24-arm64_v8a-cpython-313/gevent.libev._corecffi.c:586:
      In file included from /data/data/com.termux/files/usr/tmp/pip-wheel-69w3ph6g/gevent_af108bd97bb548c3871d0b3a36b67bb8/src/gevent/libev/libev.h:9:
      /data/data/com.termux/files/usr/tmp/pip-wheel-69w3ph6g/gevent_af108bd97bb548c3871d0b3a36b67bb8/deps/libev/ev.c:4684:12: warning: left operand of comma operator has no effect [-Wunused-value]
       4684 |   assert (("libev: child watchers are only supported in the default loop", loop == ev_default_loop_ptr));
            |            ^~~~~~~~~~~~~~~~~~~~~~~~~~~~~~~~~~~~~~~~~~~~~~~~~~~~~~~~~~~~~~
      /data/data/com.termux/files/usr/bin/../../usr/include/assert.h:55:23: note: expanded from macro 'assert'
         55 | #  define assert(e) ((e) ? __assert_no_op : __assert2(__FILE__, __LINE__, __PRETTY_FUNCTION__, #e))
            |                       ^
      33 warnings generated.
      clang -shared -L/data/data/com.termux/files/usr/lib -Wl,-rpath=/data/data/com.termux/files/usr/lib -Wl,--enable-new-dtags -Wl,-z,relro,-z,now -Wl,--no-as-needed,-landroid-support,--as-needed -L/home/builder/.termux-build/_cache/android-r29-api-24-v4/sysroot/usr/lib -landroid-posix-semaphore -L/data/data/com.termux/files/usr/lib -Wl,-rpath=/data/data/com.termux/files/usr/lib -Wl,--enable-new-dtags -Wl,-z,relro,-z,now -Wl,--no-as-needed,-landroid-support,--as-needed -L/home/builder/.termux-build/_cache/android-r29-api-24-v4/sysroot/usr/lib -landroid-posix-semaphore -fPIC build/temp.android-24-arm64_v8a-cpython-313/build/temp.android-24-arm64_v8a-cpython-313/gevent.libev._corecffi.o -L/data/data/com.termux/files/usr/lib -lpython3.13 -o build/lib.android-24-arm64_v8a-cpython-313/gevent/libev/_corecffi.abi3.so
      building 'gevent.libuv._corecffi' extension
      creating build/temp.android-24-arm64_v8a-cpython-313/deps/libuv/src
      creating build/temp.android-24-arm64_v8a-cpython-313/deps/libuv/src/unix
      clang -fPIC -fPIC -DLIBUV_EMBED=1 -D_LARGEFILE_SOURCE=1 -D_FILE_OFFSET_BITS=64 -I/data/data/com.termux/files/usr/tmp/pip-wheel-69w3ph6g/gevent_af108bd97bb548c3871d0b3a36b67bb8/deps/libuv/include -I/data/data/com.termux/files/usr/tmp/pip-wheel-69w3ph6g/gevent_af108bd97bb548c3871d0b3a36b67bb8/deps/libuv/src -I/data/data/com.termux/files/usr/tmp/pip-wheel-69w3ph6g/gevent_af108bd97bb548c3871d0b3a36b67bb8/src/gevent -I/data/data/com.termux/files/usr/include/python3.13 -c build/temp.android-24-arm64_v8a-cpython-313/gevent.libuv._corecffi.c -o build/temp.android-24-arm64_v8a-cpython-313/build/temp.android-24-arm64_v8a-cpython-313/gevent.libuv._corecffi.o
      clang -fPIC -fPIC -DLIBUV_EMBED=1 -D_LARGEFILE_SOURCE=1 -D_FILE_OFFSET_BITS=64 -I/data/data/com.termux/files/usr/tmp/pip-wheel-69w3ph6g/gevent_af108bd97bb548c3871d0b3a36b67bb8/deps/libuv/include -I/data/data/com.termux/files/usr/tmp/pip-wheel-69w3ph6g/gevent_af108bd97bb548c3871d0b3a36b67bb8/deps/libuv/src -I/data/data/com.termux/files/usr/tmp/pip-wheel-69w3ph6g/gevent_af108bd97bb548c3871d0b3a36b67bb8/src/gevent -I/data/data/com.termux/files/usr/include/python3.13 -c deps/libuv/src/fs-poll.c -o build/temp.android-24-arm64_v8a-cpython-313/deps/libuv/src/fs-poll.o
      clang -fPIC -fPIC -DLIBUV_EMBED=1 -D_LARGEFILE_SOURCE=1 -D_FILE_OFFSET_BITS=64 -I/data/data/com.termux/files/usr/tmp/pip-wheel-69w3ph6g/gevent_af108bd97bb548c3871d0b3a36b67bb8/deps/libuv/include -I/data/data/com.termux/files/usr/tmp/pip-wheel-69w3ph6g/gevent_af108bd97bb548c3871d0b3a36b67bb8/deps/libuv/src -I/data/data/com.termux/files/usr/tmp/pip-wheel-69w3ph6g/gevent_af108bd97bb548c3871d0b3a36b67bb8/src/gevent -I/data/data/com.termux/files/usr/include/python3.13 -c deps/libuv/src/idna.c -o build/temp.android-24-arm64_v8a-cpython-313/deps/libuv/src/idna.o
      clang -fPIC -fPIC -DLIBUV_EMBED=1 -D_LARGEFILE_SOURCE=1 -D_FILE_OFFSET_BITS=64 -I/data/data/com.termux/files/usr/tmp/pip-wheel-69w3ph6g/gevent_af108bd97bb548c3871d0b3a36b67bb8/deps/libuv/include -I/data/data/com.termux/files/usr/tmp/pip-wheel-69w3ph6g/gevent_af108bd97bb548c3871d0b3a36b67bb8/deps/libuv/src -I/data/data/com.termux/files/usr/tmp/pip-wheel-69w3ph6g/gevent_af108bd97bb548c3871d0b3a36b67bb8/src/gevent -I/data/data/com.termux/files/usr/include/python3.13 -c deps/libuv/src/inet.c -o build/temp.android-24-arm64_v8a-cpython-313/deps/libuv/src/inet.o
      clang -fPIC -fPIC -DLIBUV_EMBED=1 -D_LARGEFILE_SOURCE=1 -D_FILE_OFFSET_BITS=64 -I/data/data/com.termux/files/usr/tmp/pip-wheel-69w3ph6g/gevent_af108bd97bb548c3871d0b3a36b67bb8/deps/libuv/include -I/data/data/com.termux/files/usr/tmp/pip-wheel-69w3ph6g/gevent_af108bd97bb548c3871d0b3a36b67bb8/deps/libuv/src -I/data/data/com.termux/files/usr/tmp/pip-wheel-69w3ph6g/gevent_af108bd97bb548c3871d0b3a36b67bb8/src/gevent -I/data/data/com.termux/files/usr/include/python3.13 -c deps/libuv/src/strscpy.c -o build/temp.android-24-arm64_v8a-cpython-313/deps/libuv/src/strscpy.o
      clang -fPIC -fPIC -DLIBUV_EMBED=1 -D_LARGEFILE_SOURCE=1 -D_FILE_OFFSET_BITS=64 -I/data/data/com.termux/files/usr/tmp/pip-wheel-69w3ph6g/gevent_af108bd97bb548c3871d0b3a36b67bb8/deps/libuv/include -I/data/data/com.termux/files/usr/tmp/pip-wheel-69w3ph6g/gevent_af108bd97bb548c3871d0b3a36b67bb8/deps/libuv/src -I/data/data/com.termux/files/usr/tmp/pip-wheel-69w3ph6g/gevent_af108bd97bb548c3871d0b3a36b67bb8/src/gevent -I/data/data/com.termux/files/usr/include/python3.13 -c deps/libuv/src/strtok.c -o build/temp.android-24-arm64_v8a-cpython-313/deps/libuv/src/strtok.o
      clang -fPIC -fPIC -DLIBUV_EMBED=1 -D_LARGEFILE_SOURCE=1 -D_FILE_OFFSET_BITS=64 -I/data/data/com.termux/files/usr/tmp/pip-wheel-69w3ph6g/gevent_af108bd97bb548c3871d0b3a36b67bb8/deps/libuv/include -I/data/data/com.termux/files/usr/tmp/pip-wheel-69w3ph6g/gevent_af108bd97bb548c3871d0b3a36b67bb8/deps/libuv/src -I/data/data/com.termux/files/usr/tmp/pip-wheel-69w3ph6g/gevent_af108bd97bb548c3871d0b3a36b67bb8/src/gevent -I/data/data/com.termux/files/usr/include/python3.13 -c deps/libuv/src/thread-common.c -o build/temp.android-24-arm64_v8a-cpython-313/deps/libuv/src/thread-common.o
      clang -fPIC -fPIC -DLIBUV_EMBED=1 -D_LARGEFILE_SOURCE=1 -D_FILE_OFFSET_BITS=64 -I/data/data/com.termux/files/usr/tmp/pip-wheel-69w3ph6g/gevent_af108bd97bb548c3871d0b3a36b67bb8/deps/libuv/include -I/data/data/com.termux/files/usr/tmp/pip-wheel-69w3ph6g/gevent_af108bd97bb548c3871d0b3a36b67bb8/deps/libuv/src -I/data/data/com.termux/files/usr/tmp/pip-wheel-69w3ph6g/gevent_af108bd97bb548c3871d0b3a36b67bb8/src/gevent -I/data/data/com.termux/files/usr/include/python3.13 -c deps/libuv/src/threadpool.c -o build/temp.android-24-arm64_v8a-cpython-313/deps/libuv/src/threadpool.o
      clang -fPIC -fPIC -DLIBUV_EMBED=1 -D_LARGEFILE_SOURCE=1 -D_FILE_OFFSET_BITS=64 -I/data/data/com.termux/files/usr/tmp/pip-wheel-69w3ph6g/gevent_af108bd97bb548c3871d0b3a36b67bb8/deps/libuv/include -I/data/data/com.termux/files/usr/tmp/pip-wheel-69w3ph6g/gevent_af108bd97bb548c3871d0b3a36b67bb8/deps/libuv/src -I/data/data/com.termux/files/usr/tmp/pip-wheel-69w3ph6g/gevent_af108bd97bb548c3871d0b3a36b67bb8/src/gevent -I/data/data/com.termux/files/usr/include/python3.13 -c deps/libuv/src/timer.c -o build/temp.android-24-arm64_v8a-cpython-313/deps/libuv/src/timer.o
      clang -fPIC -fPIC -DLIBUV_EMBED=1 -D_LARGEFILE_SOURCE=1 -D_FILE_OFFSET_BITS=64 -I/data/data/com.termux/files/usr/tmp/pip-wheel-69w3ph6g/gevent_af108bd97bb548c3871d0b3a36b67bb8/deps/libuv/include -I/data/data/com.termux/files/usr/tmp/pip-wheel-69w3ph6g/gevent_af108bd97bb548c3871d0b3a36b67bb8/deps/libuv/src -I/data/data/com.termux/files/usr/tmp/pip-wheel-69w3ph6g/gevent_af108bd97bb548c3871d0b3a36b67bb8/src/gevent -I/data/data/com.termux/files/usr/include/python3.13 -c deps/libuv/src/unix/async.c -o build/temp.android-24-arm64_v8a-cpython-313/deps/libuv/src/unix/async.o
      clang -fPIC -fPIC -DLIBUV_EMBED=1 -D_LARGEFILE_SOURCE=1 -D_FILE_OFFSET_BITS=64 -I/data/data/com.termux/files/usr/tmp/pip-wheel-69w3ph6g/gevent_af108bd97bb548c3871d0b3a36b67bb8/deps/libuv/include -I/data/data/com.termux/files/usr/tmp/pip-wheel-69w3ph6g/gevent_af108bd97bb548c3871d0b3a36b67bb8/deps/libuv/src -I/data/data/com.termux/files/usr/tmp/pip-wheel-69w3ph6g/gevent_af108bd97bb548c3871d0b3a36b67bb8/src/gevent -I/data/data/com.termux/files/usr/include/python3.13 -c deps/libuv/src/unix/core.c -o build/temp.android-24-arm64_v8a-cpython-313/deps/libuv/src/unix/core.o
      deps/libuv/src/unix/core.c:1607:10: error: use of undeclared identifier 'CPU_SETSIZE'
       1607 |   return CPU_SETSIZE;
            |          ^~~~~~~~~~~
      deps/libuv/src/unix/core.c:1975:3: error: use of undeclared identifier 'cpu_set_t'
       1975 |   cpu_set_t set;
            |   ^~~~~~~~~
      deps/libuv/src/unix/core.c:1977:11: error: use of undeclared identifier 'set'
       1977 |   memset(&set, 0, sizeof(set));
            |           ^~~
      deps/libuv/src/unix/core.c:1977:26: error: use of undeclared identifier 'set'
       1977 |   memset(&set, 0, sizeof(set));
            |                          ^~~
      deps/libuv/src/unix/core.c:1983:12: error: call to undeclared function 'sched_getaffinity'; ISO C99 and later do not support implicit function declarations [-Wimplicit-function-declaration]
       1983 |   if (0 == sched_getaffinity(0, sizeof(set), &set))
            |            ^
      deps/libuv/src/unix/core.c:1983:40: error: use of undeclared identifier 'set'
       1983 |   if (0 == sched_getaffinity(0, sizeof(set), &set))
            |                                        ^~~
      deps/libuv/src/unix/core.c:1983:47: error: use of undeclared identifier 'set'
       1983 |   if (0 == sched_getaffinity(0, sizeof(set), &set))
            |                                               ^~~
      deps/libuv/src/unix/core.c:1984:10: error: call to undeclared function 'CPU_COUNT'; ISO C99 and later do not support implicit function declarations [-Wimplicit-function-declaration]
       1984 |     rc = uv__cpu_count(&set);
            |          ^
      deps/libuv/src/unix/core.c:1952:32: note: expanded from macro 'uv__cpu_count'
       1952 | # define uv__cpu_count(cpuset) CPU_COUNT(cpuset)
            |                                ^
      deps/libuv/src/unix/core.c:1984:25: error: use of undeclared identifier 'set'
       1984 |     rc = uv__cpu_count(&set);
            |                         ^~~
      9 errors generated.
      error: command '/data/data/com.termux/files/usr/bin/clang' failed with exit code 1
      [end of output]
  
  note: This error originates from a subprocess, and is likely not a problem with pip.
  ERROR: Failed building wheel for gevent
ERROR: Failed to build one or more wheels
