  error: subprocess-exited-with-error
  
  × Preparing metadata (pyproject.toml) did not run successfully.
  │ exit code: 1
  ╰─> [1033 lines of output]
      + meson setup /data/data/com.termux/files/usr/tmp/pip-wheel-vc0sty6n/scipy_c745b1466b044a9290c4eea03389ccea /data/data/com.termux/files/usr/tmp/pip-wheel-vc0sty6n/scipy_c745b1466b044a9290c4eea03389ccea/.mesonpy-kakgm58x -Dbuildtype=release -Db_ndebug=if-release -Db_vscrt=md --native-file=/data/data/com.termux/files/usr/tmp/pip-wheel-vc0sty6n/scipy_c745b1466b044a9290c4eea03389ccea/.mesonpy-kakgm58x/meson-python-native-file.ini
      The Meson build system
      Version: 1.12.0
      Source dir: /data/data/com.termux/files/usr/tmp/pip-wheel-vc0sty6n/scipy_c745b1466b044a9290c4eea03389ccea
      Build dir: /data/data/com.termux/files/usr/tmp/pip-wheel-vc0sty6n/scipy_c745b1466b044a9290c4eea03389ccea/.mesonpy-kakgm58x
      Build type: native build
      Project name: scipy
      Project version: 1.18.1
      C compiler for the host machine: clang (clang 21.1.8 "clang version 21.1.8")
      C linker for the host machine: clang ld.lld 21.1.8
      C++ compiler for the host machine: clang++ (clang 21.1.8 "clang version 21.1.8")
      C++ linker for the host machine: clang++ ld.lld 21.1.8
      Cython compiler for the host machine: cython (cython 3.2.9)
      Host machine cpu family: aarch64
      Host machine cpu: aarch64
      Program python found: YES (/data/data/com.termux/files/usr/bin/python3.14)
      Found pkg-config: YES (/data/data/com.termux/files/usr/bin/pkg-config) 0.29.2
      Run-time dependency python found: YES 3.14
      Program cython found: YES (/data/data/com.termux/files/usr/tmp/pip-build-env-kqd8uckh/overlay/bin/cython)
      Compiler for C supports arguments -Wno-unused-but-set-variable: YES
      Compiler for C supports arguments -Wno-unused-function: YES
      Compiler for C supports arguments -Wno-conversion: YES
      Compiler for C supports arguments -Wno-misleading-indentation: YES
      Library m found: YES
      Fortran compiler for the host machine: flang-new (llvm-flang 21.1.8 "flang version 21.1.8")
      Fortran linker for the host machine: flang-new ld.lld 21.1.8
      Compiler for Fortran supports arguments -Wno-conversion: NO
      Checking if "-Wl,--version-script" links: YES
      Program tools/generate_f2pymod.py found: YES (/data/data/com.termux/files/usr/bin/python3.14 /data/data/com.termux/files/usr/tmp/pip-wheel-vc0sty6n/scipy_c745b1466b044a9290c4eea03389ccea/tools/generate_f2pymod.py)
      Program scipy/_build_utils/tempita.py found: YES (/data/data/com.termux/files/usr/bin/python3.14 /data/data/com.termux/files/usr/tmp/pip-wheel-vc0sty6n/scipy_c745b1466b044a9290c4eea03389ccea/scipy/_build_utils/tempita.py)
      Program pythran found: YES 0.19.0 0.19.0 (/data/data/com.termux/files/usr/tmp/pip-build-env-kqd8uckh/overlay/bin/pythran)
      
      Executing subproject array_api_compat for machine: host
      
      array_api_compat| Project name: array_api_compat
      array_api_compat| Project version: 1.13.0
      array_api_compat| Build targets in project: 0
      array_api_compat| Subproject array_api_compat finished.
      
      
      Executing subproject array_api_extra for machine: host
      
      array_api_extra| Project name: array-api-extra
      array_api_extra| Project version: 0.10.1
      array_api_extra| Program python found: YES (/data/data/com.termux/files/usr/bin/python3.14)
      array_api_extra| Build targets in project: 0
      array_api_extra| Subproject array_api_extra finished.
      
      
      Executing subproject cobyqa for machine: host
      
      cobyqa| Project name: cobyqa
      cobyqa| Project version: 1.1.3
      cobyqa| Build targets in project: 0
      cobyqa| Subproject cobyqa finished.
      
      
      Executing subproject duccfft for machine: host
      
      duccfft| Project name: duccfft
      duccfft| Project version: 0.40.0
      duccfft| Build targets in project: 0
      duccfft| Subproject duccfft finished.
      
      
      Executing subproject pyprima for machine: host
      
      pyprima| Project name: pyprima
      pyprima| Project version: undefined
      pyprima| Build targets in project: 0
      pyprima| Subproject pyprima finished.
      
      
      Executing subproject unuran for machine: host
      
      unuran| Project name: unuran
      unuran| Project version: 1.9.0
      unuran| Build targets in project: 0
      unuran| Subproject unuran finished.
      
      
      Executing subproject xsf for machine: host
      
      xsf| Project name: xsf
      xsf| Project version: 0.2.2
      xsf| C++ compiler for the host machine: clang++ (clang 21.1.8 "clang version 21.1.8")
      xsf| C++ linker for the host machine: clang++ ld.lld 21.1.8
      xsf| Build targets in project: 0
      xsf| Subproject xsf finished.
      
      
      Executing subproject boost_math for machine: host
      
      boost_math| Project name: boost-math
      boost_math| Project version: 1.91.0
      boost_math| Build targets in project: 0
      boost_math| Subproject boost_math finished.
      
      
      Executing subproject qhull_r for machine: host
      
      qhull_r| Project name: qhull_r
      qhull_r| Project version: 8.0.2
      qhull_r| C compiler for the host machine: clang (clang 21.1.8 "clang version 21.1.8")
      qhull_r| C linker for the host machine: clang ld.lld 21.1.8
      qhull_r| Compiler for C supports arguments -Wno-unused-but-set-variable: YES (cached)
      qhull_r| Build targets in project: 1
      qhull_r| Subproject qhull_r finished.
      
      Run-time dependency threads found: YES
      numpy-config found: YES (/data/data/com.termux/files/usr/tmp/pip-build-env-kqd8uckh/overlay/bin/numpy-config) 2.5.3
      Run-time dependency numpy found: YES 2.5.3
      Message: f2py free-threading enabled
      pybind11-config found: YES (/data/data/com.termux/files/usr/tmp/pip-build-env-kqd8uckh/overlay/bin/pybind11-config) 3.0.4
      Run-time dependency pybind11 found: YES 3.0.4
      Checking if "thread_local" compiles: NO
      Checking if "_Thread_local" compiles: YES
      Checking if "__thread" compiles: YES
      Configuring scipy_config.h using configuration
      Program f2py found: YES (/data/data/com.termux/files/usr/tmp/pip-build-env-kqd8uckh/overlay/bin/f2py)
      Run-time dependency scipy-openblas found: NO  (tried pkg-config)
      Run-time dependency openblas found: YES 0.3.34
      Dependency openblas for host machine found: YES 0.3.34 (cached)
      Run-time dependency python found: YES 3.14
      Compiler for C supports arguments -Wno-maybe-uninitialized: NO
      Compiler for C supports arguments -Wno-discarded-qualifiers: NO
      Compiler for C supports arguments -Wno-empty-body: YES
      Compiler for C supports arguments -Wno-implicit-function-declaration: YES
      Compiler for C supports arguments -Wno-parentheses: YES
      Compiler for C supports arguments -Wno-switch: YES
      Compiler for C supports arguments -Wno-unused-label: YES
      Compiler for C supports arguments -Wno-unused-result: YES
      Compiler for C supports arguments -Wno-unused-variable: YES
      Compiler for C supports arguments -Wno-unused-but-set-variable: YES (cached)
      Compiler for C++ supports arguments -Wno-bitwise-instead-of-logical: YES
      Compiler for C++ supports arguments -Wno-cpp: YES
      Compiler for C++ supports arguments -Wno-class-memaccess: NO
      Compiler for C++ supports arguments -Wno-deprecated-declarations: YES
      Compiler for C++ supports arguments -Wno-deprecated-builtins: YES
      Compiler for C++ supports arguments -Wno-format-truncation: YES
      Compiler for C++ supports arguments -Wno-maybe-uninitialized: NO
      Compiler for C++ supports arguments -Wno-non-virtual-dtor: YES
      Compiler for C++ supports arguments -Wno-sign-compare: YES
      Compiler for C++ supports arguments -Wno-switch: YES
      Compiler for C++ supports arguments -Wno-terminate: NO
      Compiler for C++ supports arguments -Wno-uninitialized: YES
      Compiler for C++ supports arguments -Wno-unused-but-set-variable: YES
      Compiler for C++ supports arguments -Wno-unused-function: YES
      Compiler for C++ supports arguments -Wno-unused-local-typedefs: YES
      Compiler for C++ supports arguments -Wno-unused-variable: YES
      Compiler for C++ supports arguments -Wno-int-in-bool-context: YES
      Compiler for C++ supports arguments -Wno-unneeded-internal-declaration: YES
      Compiler for Fortran supports arguments -Wno-argument-mismatch: NO
      Compiler for Fortran supports arguments -Wno-conversion: NO (cached)
      Compiler for Fortran supports arguments -Wno-intrinsic-shadow: NO
      Compiler for Fortran supports arguments -Wno-maybe-uninitialized: NO
      Compiler for Fortran supports arguments -Wno-surprising: NO
      Compiler for Fortran supports arguments -Wno-uninitialized: NO
      Compiler for Fortran supports arguments -Wno-unused-dummy-argument: NO
      Compiler for Fortran supports arguments -Wno-unused-label: NO
      Compiler for Fortran supports arguments -Wno-unused-variable: NO
      Compiler for Fortran supports arguments -Wno-tabs: NO
      Compiler for Fortran supports arguments -cpp -ffree-line-length-none -ffixed-line-length-none: NO
      Compiler for Fortran supports arguments -fpp: NO
      Compiler for Fortran supports arguments /fpp: NO
      Compiler for Fortran supports arguments -cpp: NO
      First supported argument: None
      Checking if "Check atomic builtins without -latomic" links: YES
      Configuring __config__.py using configuration
      Program _generate_blas_wrapper.py found: YES (/data/data/com.termux/files/usr/bin/python3.14 /data/data/com.termux/files/usr/tmp/pip-wheel-vc0sty6n/scipy_c745b1466b044a9290c4eea03389ccea/scipy/_build_utils/_generate_blas_wrapper.py)
      Checking for function "open_memstream" : YES
      Configuring messagestream_config.h using configuration
      Program _generate_pyx.py found: YES (/data/data/com.termux/files/usr/bin/python3.14 /data/data/com.termux/files/usr/tmp/pip-wheel-vc0sty6n/scipy_c745b1466b044a9290c4eea03389ccea/scipy/linalg/_generate_pyx.py)
      Program _generate_pyx.py found: YES (/data/data/com.termux/files/usr/bin/python3.14 /data/data/com.termux/files/usr/tmp/pip-wheel-vc0sty6n/scipy_c745b1466b044a9290c4eea03389ccea/scipy/special/_generate_pyx.py)
      Program ../_generate_sparsetools.py found: YES (/data/data/com.termux/files/usr/bin/python3.14 /data/data/com.termux/files/usr/tmp/pip-wheel-vc0sty6n/scipy_c745b1466b044a9290c4eea03389ccea/scipy/sparse/sparsetools/../_generate_sparsetools.py)
      Configuring superlu_config.h using configuration
      Checking for size of "void*" : 8
      
      Executing subproject highs for machine: host
      
      highs| Project name: highs
      highs| Project version: 1.12.0
      highs| C compiler for the host machine: clang (clang 21.1.8 "clang version 21.1.8")
      highs| C linker for the host machine: clang ld.lld 21.1.8
      highs| C++ compiler for the host machine: clang++ (clang 21.1.8 "clang version 21.1.8")
      highs| C++ linker for the host machine: clang++ ld.lld 21.1.8
      highs| Compiler for C++ supports arguments -Wno-invalid-offsetof: YES
      highs| Compiler for C++ supports arguments -Wno-maybe-uninitialized: NO (cached)
      highs| Compiler for C++ supports arguments -Wno-reorder: YES
      highs| Compiler for C++ supports arguments -Wno-reorder-ctor: YES
      highs| Compiler for C++ supports arguments -Wno-sometimes-uninitialized: YES
      highs| Compiler for C++ supports arguments -Wno-unused-but-set-variable: YES (cached)
      highs| Compiler for C++ supports arguments -Wno-unused-variable: YES (cached)
      highs| Compiler for C++ supports arguments -Wno-use-after-free: NO
      highs| Compiler for C++ supports arguments -Wno-comment: YES
      highs| Compiler for C supports arguments -Wno-comment: YES
      highs| Compiler for C supports arguments -Wno-invalid-offsetof: YES
      highs| Compiler for C supports arguments -Wno-maybe-uninitialized: NO (cached)
      highs| Compiler for C supports arguments -Wno-sometimes-uninitialized: YES
      highs| Compiler for C supports arguments -Wno-unused-label: YES (cached)
      highs| Compiler for C supports arguments -Wno-unused-but-set-variable: YES (cached)
      highs| Compiler for C supports arguments -Wno-unused-variable: YES (cached)
      highs| Compiler for C supports arguments -Wno-use-after-free: NO
      highs| Dependency threads for host machine found: YES unknown (cached)
      highs| Checking if "Check atomic builtins without -latomic" links: YES (cached)
      highs| Dependency zlib for host machine skipped: feature use_zlib disabled
      highs| Checking if "mm_pause check" compiles: NO
      highs| Checking if "builtin_clz check" compiles: YES
      highs| Configuring HConfig.h.meson.interim using configuration
      highs| Build targets in project: 134
      highs| Subproject highs finished.
      
      Build targets in project: 176
      
      scipy 1.18.1
      
        Subprojects (for host machine)
          array_api_compat: YES
          array_api_extra : YES
          boost_math      : YES
          cobyqa          : YES
          duccfft         : YES
          highs           : YES
          pyprima         : YES
          qhull_r         : YES
          unuran          : YES
          xsf             : YES
      
        User defined options
          Native files    : /data/data/com.termux/files/usr/tmp/pip-wheel-vc0sty6n/scipy_c745b1466b044a9290c4eea03389ccea/.mesonpy-kakgm58x/meson-python-native-file.ini
          b_ndebug        : if-release
          b_vscrt         : md
          buildtype       : release
      
      Found ninja-1.13.2 at /data/data/com.termux/files/usr/bin/ninja
      + /data/data/com.termux/files/usr/bin/ninja
      [1/1162] Copying file scipy/optimize/cython_optimize/__init__.py
      [2/1162] Copying file scipy/_lib/messagestream.pxd
      [3/1162] Copying file scipy/_lib/_ccallback_c.pxd
      [4/1162] Copying file scipy/linalg/__init__.py
      [5/1162] Copying file scipy/_lib/ccallback.pxd
      [6/1162] Copying file scipy/__init__.py
      [7/1162] Copying file scipy/linalg/_cythonized_array_utils.pxd
      [8/1162] Copying file scipy/_lib/__init__.py
      [9/1162] Generating scipy/linalg/cython_linalg with a custom command
      [10/1162] Copying file scipy/special/__init__.py
      [11/1162] Generating scipy/linalg/_decomp_update with a custom command
      [12/1162] Copying file scipy/linalg/__init__.pxd
      [13/1162] Copying file scipy/special/_boxcox.pxd
      [14/1162] Copying file scipy/special/_cdflib_wrappers.pxd
      [15/1162] Copying file scipy/special/_agm.pxd
      [16/1162] Copying file scipy/special/_complexstuff.pxd
      [17/1162] Scanning target odrpack for modules
      [18/1162] Copying file scipy/special/_convex_analysis.pxd
      [19/1162] Copying file scipy/special/_ellip_harm.pxd
      [20/1162] Copying file scipy/special/_ellip_harm_2.pxd
      [21/1162] Copying file scipy/special/_ellipk.pxd
      [22/1162] Copying file scipy/special/_factorial.pxd
      [23/1162] Copying file scipy/special/_hyp0f1.pxd
      [24/1162] Copying file scipy/special/_hypergeometric.pxd
      [25/1162] Copying file scipy/special/_legacy.pxd
      [26/1162] Copying file scipy/special/_ndtri_exp.pxd
      [27/1162] Copying file scipy/special/_spence.pxd
      [28/1162] Copying file scipy/special/orthogonal_eval.pxd
      [29/1162] Copying file scipy/special/_sici.pxd
      [30/1162] Copying file scipy/special/sf_error.pxd
      [31/1162] Copying file scipy/special/_ufuncs_extra_code_common.pxi
      [32/1162] Copying file scipy/special/_ufuncs_extra_code.pxi
      [33/1162] Generating scipy/special/cython_special with a custom command
      [34/1162] Copying file scipy/special/cython_special.pxd
      [35/1162] Copying file scipy/special/__init__.pxd
      [36/1162] Generating scipy/sparse/_csparsetools_pyx with a custom command
      [37/1162] Copying file scipy/stats/__init__.py
      [38/1162] Copying file scipy/stats/_stats.pxd
      [39/1162] Copying file scipy/sparse/csgraph/parameters.pxi
      [40/1162] Copying file scipy/stats/_biasedurn.pxd
      [41/1162] Copying file scipy/stats/_unuran/__init__.py
      [42/1162] Copying file scipy/stats/_unuran/unuran.pxd
      [43/1162] Copying file scipy/optimize/__init__.py
      [44/1162] Copying file scipy/optimize/cython_optimize.pxd
      [45/1162] Copying file scipy/optimize/__init__.pxd
      [46/1162] Copying file scipy/optimize/cython_optimize/c_zeros.pxd
      [47/1162] Generating scipy/optimize/cython_optimize/_zeros_pyx with a custom command
      [48/1162] Copying file scipy/optimize/cython_optimize/_zeros.pxd
      [49/1162] Copying file scipy/spatial/_qhull.pxd
      [50/1162] Copying file scipy/spatial/setlist.pxd
      [51/1162] Generating subprojects/highs/highs/HConfig.h with a custom command
      [52/1162] Generating dynamic dependency information for target odrpack
      [53/1162] Compiling C object subprojects/qhull_r/liblibqhull_r.a.p/libqhull_r_mem_r.c.o
      [54/1162] Compiling C object subprojects/qhull_r/liblibqhull_r.a.p/libqhull_r_geom_r.c.o
      [55/1162] Compiling C object subprojects/qhull_r/liblibqhull_r.a.p/libqhull_r_libqhull_r.c.o
      [56/1162] Compiling C object subprojects/qhull_r/liblibqhull_r.a.p/libqhull_r_poly_r.c.o
      [57/1162] Compiling C object subprojects/qhull_r/liblibqhull_r.a.p/libqhull_r_random_r.c.o
      [58/1162] Compiling C object subprojects/qhull_r/liblibqhull_r.a.p/libqhull_r_qset_r.c.o
      [59/1162] Compiling C object subprojects/qhull_r/liblibqhull_r.a.p/libqhull_r_geom2_r.c.o
      [60/1162] Compiling C object subprojects/qhull_r/liblibqhull_r.a.p/libqhull_r_usermem_r.c.o
      [61/1162] Compiling C object subprojects/qhull_r/liblibqhull_r.a.p/libqhull_r_user_r.c.o
      [62/1162] Compiling C object subprojects/qhull_r/liblibqhull_r.a.p/libqhull_r_userprintf_r.c.o
      [63/1162] Compiling C object subprojects/qhull_r/liblibqhull_r.a.p/libqhull_r_userprintf_rbox_r.c.o
      [64/1162] Compiling C object scipy/libdummy_g77_abi_wrappers.a.p/_build_utils_src_wrap_dummy_g77_abi.c.o
      [65/1162] Compiling C object subprojects/qhull_r/liblibqhull_r.a.p/libqhull_r_rboxlib_r.c.o
      [66/1162] Compiling C object subprojects/qhull_r/liblibqhull_r.a.p/libqhull_r_stat_r.c.o
      [67/1162] Compiling C object subprojects/qhull_r/liblibqhull_r.a.p/libqhull_r_poly2_r.c.o
      [68/1162] Compiling C object subprojects/qhull_r/liblibqhull_r.a.p/libqhull_r_io_r.c.o
      [69/1162] Compiling C object subprojects/qhull_r/liblibqhull_r.a.p/libqhull_r_merge_r.c.o
      [70/1162] Compiling C object scipy/lib_fortranobject.a.p/fa118f4fdc7ce41b139ca7719a17d24b3e4a8f8f_site-packages_numpy_f2py_src_fortranobject.c.o
      [71/1162] Generating scipy/_cyutility.c with a custom command
      [72/1162] Compiling C object subprojects/qhull_r/liblibqhull_r.a.p/libqhull_r_global_r.c.o
      [73/1162] Generating 'scipy/_lib/_ccallback_c.cpython-314-aarch64-linux-android.so.p/_ccallback_c.c'
      [74/1162] Generating 'scipy/_lib/messagestream.cpython-314-aarch64-linux-android.so.p/messagestream.c'
      [75/1162] Generating 'scipy/linalg/_solve_toeplitz.cpython-314-aarch64-linux-android.so.p/_solve_toeplitz.c'
      [76/1162] Generating 'scipy/linalg/_matfuncs_sqrtm_triu.cpython-314-aarch64-linux-android.so.p/_matfuncs_sqrtm_triu.c'
      [77/1162] Generating scipy/linalg/fblas_module with a custom command
      [78/1162] Compiling C object scipy/special/libcdflib.a.p/cdflib.c.o
      [79/1162] Generating 'scipy/linalg/cython_blas.cpython-314-aarch64-linux-android.so.p/cython_blas.c'
      [80/1162] Compiling C object scipy/_cyutility.cpython-314-aarch64-linux-android.so.p/meson-generated_..__cyutility.c.o
      [81/1162] Linking target scipy/_cyutility.cpython-314-aarch64-linux-android.so
      [82/1162] Generating 'scipy/linalg/_cythonized_array_utils.cpython-314-aarch64-linux-android.so.p/_cythonized_array_utils.c'
      [83/1162] Generating 'scipy/_lib/_test_deprecation_call.cpython-314-aarch64-linux-android.so.p/_test_deprecation_call.c'
      [84/1162] Generating 'scipy/special/_ufuncs_cxx.cpython-314-aarch64-linux-android.so.p/_ufuncs_cxx.cpp'
      [85/1162] Generating 'scipy/linalg/_decomp_interpolative.cpython-314-aarch64-linux-android.so.p/_decomp_interpolative.c'
      [86/1162] Generating 'scipy/_lib/_test_deprecation_def.cpython-314-aarch64-linux-android.so.p/_test_deprecation_def.c'
      [87/1162] Generating 'scipy/special/_comb.cpython-314-aarch64-linux-android.so.p/_comb.c'
      [88/1162] Generating 'scipy/special/_specfun.cpython-314-aarch64-linux-android.so.p/_specfun.cpp'
      [89/1162] Generating scipy/sparse/sparsetools/_sparsetools_headers with a custom command
      [90/1162] Generating 'scipy/special/_test_internal.cpython-314-aarch64-linux-android.so.p/_test_internal.c'
      [91/1162] Generating 'scipy/special/_ellip_harm_2.cpython-314-aarch64-linux-android.so.p/_ellip_harm_2.c'
      [92/1162] Generating 'scipy/linalg/_decomp_update.cpython-314-aarch64-linux-android.so.p/_decomp_update.c'
      [93/1162] Generating 'scipy/sparse/csgraph/_flow.cpython-314-aarch64-linux-android.so.p/_flow.c'
      [94/1162] Generating 'scipy/sparse/csgraph/_min_spanning_tree.cpython-314-aarch64-linux-android.so.p/_min_spanning_tree.c'
      [95/1162] Generating 'scipy/sparse/csgraph/_matching.cpython-314-aarch64-linux-android.so.p/_matching.c'
      [96/1162] Generating 'scipy/sparse/_csparsetools.cpython-314-aarch64-linux-android.so.p/_csparsetools.c'
      [97/1162] Compiling C object scipy/sparse/linalg/_dsolve/libsuperlu_lib.a.p/SuperLU_SRC_ccolumn_bmod.c.o
      [98/1162] Compiling C object scipy/sparse/linalg/_dsolve/libsuperlu_lib.a.p/SuperLU_SRC_ccolumn_dfs.c.o
      [99/1162] Compiling C object scipy/sparse/linalg/_dsolve/libsuperlu_lib.a.p/SuperLU_SRC_ccopy_to_ucol.c.o
      [100/1162] Compiling C object scipy/sparse/linalg/_dsolve/libsuperlu_lib.a.p/SuperLU_SRC_cdiagonal.c.o
      [101/1162] Compiling C object scipy/sparse/linalg/_dsolve/libsuperlu_lib.a.p/SuperLU_SRC_cgscon.c.o
      [102/1162] Compiling C object scipy/sparse/linalg/_dsolve/libsuperlu_lib.a.p/SuperLU_SRC_cgsequ.c.o
      [103/1162] Compiling C object scipy/sparse/linalg/_dsolve/libsuperlu_lib.a.p/SuperLU_SRC_cgsisx.c.o
      [104/1162] Compiling C object scipy/sparse/linalg/_dsolve/libsuperlu_lib.a.p/SuperLU_SRC_cgsitrf.c.o
      [105/1162] Generating 'scipy/sparse/csgraph/_reordering.cpython-314-aarch64-linux-android.so.p/_reordering.c'
      [106/1162] Compiling C object scipy/sparse/linalg/_dsolve/libsuperlu_lib.a.p/SuperLU_SRC_cgssv.c.o
      [107/1162] Compiling C object scipy/sparse/linalg/_dsolve/libsuperlu_lib.a.p/SuperLU_SRC_cgsrfs.c.o
      [108/1162] Compiling C object scipy/sparse/linalg/_dsolve/libsuperlu_lib.a.p/SuperLU_SRC_cgstrf.c.o
      [109/1162] Compiling C object scipy/sparse/linalg/_dsolve/libsuperlu_lib.a.p/SuperLU_SRC_cgssvx.c.o
      [110/1162] Compiling C object scipy/sparse/linalg/_dsolve/libsuperlu_lib.a.p/SuperLU_SRC_clacon2.c.o
      [111/1162] Generating 'scipy/sparse/csgraph/_tools.cpython-314-aarch64-linux-android.so.p/_tools.c'
      [112/1162] Compiling C object scipy/sparse/linalg/_dsolve/libsuperlu_lib.a.p/SuperLU_SRC_cgstrs.c.o
      [113/1162] Compiling C object scipy/sparse/linalg/_dsolve/libsuperlu_lib.a.p/SuperLU_SRC_clangs.c.o
      [114/1162] Compiling C object scipy/sparse/linalg/_dsolve/libsuperlu_lib.a.p/SuperLU_SRC_claqgs.c.o
      [115/1162] Compiling C object scipy/sparse/linalg/_dsolve/libsuperlu_lib.a.p/SuperLU_SRC_cldperm.c.o
      [116/1162] Generating 'scipy/linalg/_linalg_pythran.cpython-314-aarch64-linux-android.so.p/_linalg_pythran.cpp'
      [117/1162] Compiling C object scipy/sparse/linalg/_dsolve/libsuperlu_lib.a.p/SuperLU_SRC_cmyblas2.c.o
      [118/1162] Compiling C object scipy/sparse/linalg/_dsolve/libsuperlu_lib.a.p/SuperLU_SRC_cmemory.c.o
      [119/1162] Generating 'scipy/special/_ufuncs.cpython-314-aarch64-linux-android.so.p/_ufuncs.c'
      [120/1162] Compiling C object scipy/sparse/linalg/_dsolve/libsuperlu_lib.a.p/SuperLU_SRC_cpanel_dfs.c.o
      [121/1162] Compiling C object scipy/sparse/linalg/_dsolve/libsuperlu_lib.a.p/SuperLU_SRC_cpivotL.c.o
      [122/1162] Compiling C object scipy/sparse/linalg/_dsolve/libsuperlu_lib.a.p/SuperLU_SRC_cpanel_bmod.c.o
      [123/1162] Compiling C object scipy/sparse/linalg/_dsolve/libsuperlu_lib.a.p/SuperLU_SRC_cpivotgrowth.c.o
      [124/1162] Compiling C object scipy/sparse/linalg/_dsolve/libsuperlu_lib.a.p/SuperLU_SRC_cpruneL.c.o
      [125/1162] Compiling C object scipy/sparse/linalg/_dsolve/libsuperlu_lib.a.p/SuperLU_SRC_creadMM.c.o
      [126/1162] Compiling C object scipy/sparse/linalg/_dsolve/libsuperlu_lib.a.p/SuperLU_SRC_colamd.c.o
      [127/1162] Compiling C object scipy/sparse/linalg/_dsolve/libsuperlu_lib.a.p/SuperLU_SRC_creadtriple.c.o
      [128/1162] Compiling C object scipy/sparse/linalg/_dsolve/libsuperlu_lib.a.p/SuperLU_SRC_creadhb.c.o
      [129/1162] Compiling C object scipy/sparse/linalg/_dsolve/libsuperlu_lib.a.p/SuperLU_SRC_csnode_bmod.c.o
      [130/1162] Compiling C object scipy/sparse/linalg/_dsolve/libsuperlu_lib.a.p/SuperLU_SRC_creadrb.c.o
      [131/1162] Compiling C object scipy/sparse/linalg/_dsolve/libsuperlu_lib.a.p/SuperLU_SRC_csnode_dfs.c.o
      [132/1162] Compiling C object scipy/sparse/linalg/_dsolve/libsuperlu_lib.a.p/SuperLU_SRC_csp_blas3.c.o
      [133/1162] Compiling C object scipy/sparse/linalg/_dsolve/libsuperlu_lib.a.p/SuperLU_SRC_dGetDiagU.c.o
      [134/1162] Compiling C object scipy/sparse/linalg/_dsolve/libsuperlu_lib.a.p/SuperLU_SRC_dcolumn_bmod.c.o
      [135/1162] Compiling C object scipy/sparse/linalg/_dsolve/libsuperlu_lib.a.p/SuperLU_SRC_csp_blas2.c.o
      [136/1162] Compiling C object scipy/sparse/linalg/_dsolve/libsuperlu_lib.a.p/SuperLU_SRC_dcolumn_dfs.c.o
      [137/1162] Compiling C object scipy/sparse/linalg/_dsolve/libsuperlu_lib.a.p/SuperLU_SRC_dcomplex.c.o
      [138/1162] Compiling C object scipy/sparse/linalg/_dsolve/libsuperlu_lib.a.p/SuperLU_SRC_cutil.c.o
      [139/1162] Compiling C object scipy/sparse/linalg/_dsolve/libsuperlu_lib.a.p/SuperLU_SRC_dcopy_to_ucol.c.o
      [140/1162] Compiling C object scipy/sparse/linalg/_dsolve/libsuperlu_lib.a.p/SuperLU_SRC_ddiagonal.c.o
      [141/1162] Compiling C object scipy/sparse/linalg/_dsolve/libsuperlu_lib.a.p/SuperLU_SRC_dgscon.c.o
      [142/1162] Compiling C object scipy/sparse/linalg/_dsolve/libsuperlu_lib.a.p/SuperLU_SRC_dgsequ.c.o
      [143/1162] Compiling C object scipy/sparse/linalg/_dsolve/libsuperlu_lib.a.p/SuperLU_SRC_dgssv.c.o
      [144/1162] Compiling C object scipy/sparse/linalg/_dsolve/libsuperlu_lib.a.p/SuperLU_SRC_dgsisx.c.o
      [145/1162] Compiling C object scipy/sparse/linalg/_dsolve/libsuperlu_lib.a.p/SuperLU_SRC_dgsitrf.c.o
      [146/1162] Compiling C object scipy/sparse/linalg/_dsolve/libsuperlu_lib.a.p/SuperLU_SRC_dgsrfs.c.o
      [147/1162] Compiling C object scipy/sparse/linalg/_dsolve/libsuperlu_lib.a.p/SuperLU_SRC_dgstrf.c.o
      [148/1162] Generating 'scipy/sparse/csgraph/_shortest_path.cpython-314-aarch64-linux-android.so.p/_shortest_path.cpp'
      [149/1162] Compiling C object scipy/sparse/linalg/_dsolve/libsuperlu_lib.a.p/SuperLU_SRC_dgssvx.c.o
      [150/1162] Compiling C object scipy/sparse/linalg/_dsolve/libsuperlu_lib.a.p/SuperLU_SRC_dgstrs.c.o
      [151/1162] Compiling C object scipy/sparse/linalg/_dsolve/libsuperlu_lib.a.p/SuperLU_SRC_dlacon2.c.o
      [152/1162] Generating 'scipy/sparse/csgraph/_traversal.cpython-314-aarch64-linux-android.so.p/_traversal.cpp'
      [153/1162] Compiling C object scipy/sparse/linalg/_dsolve/libsuperlu_lib.a.p/SuperLU_SRC_dlaqgs.c.o
      [154/1162] Compiling C object scipy/sparse/linalg/_dsolve/libsuperlu_lib.a.p/SuperLU_SRC_dlangs.c.o
      [155/1162] Compiling C object scipy/sparse/linalg/_dsolve/libsuperlu_lib.a.p/SuperLU_SRC_dmach.c.o
      [156/1162] Compiling C object scipy/sparse/linalg/_dsolve/libsuperlu_lib.a.p/SuperLU_SRC_dldperm.c.o
      [157/1162] Compiling C object scipy/sparse/linalg/_dsolve/libsuperlu_lib.a.p/SuperLU_SRC_dpanel_dfs.c.o
      [158/1162] Compiling C object scipy/sparse/linalg/_dsolve/libsuperlu_lib.a.p/SuperLU_SRC_dpivotL.c.o
      [159/1162] Compiling C object scipy/sparse/linalg/_dsolve/libsuperlu_lib.a.p/SuperLU_SRC_dpruneL.c.o
      [160/1162] Compiling C object scipy/sparse/linalg/_dsolve/libsuperlu_lib.a.p/SuperLU_SRC_dpivotgrowth.c.o
      [161/1162] Compiling C object scipy/sparse/linalg/_dsolve/libsuperlu_lib.a.p/SuperLU_SRC_dmyblas2.c.o
      [162/1162] Compiling C object scipy/sparse/linalg/_dsolve/libsuperlu_lib.a.p/SuperLU_SRC_dpanel_bmod.c.o
      [163/1162] Compiling C object scipy/sparse/linalg/_dsolve/libsuperlu_lib.a.p/SuperLU_SRC_dreadtriple.c.o
      [164/1162] Compiling C object scipy/sparse/linalg/_dsolve/libsuperlu_lib.a.p/SuperLU_SRC_dmemory.c.o
      [165/1162] Compiling C object scipy/sparse/linalg/_dsolve/libsuperlu_lib.a.p/SuperLU_SRC_dreadMM.c.o
      [166/1162] Compiling C object scipy/sparse/linalg/_dsolve/libsuperlu_lib.a.p/SuperLU_SRC_dsnode_bmod.c.o
      [167/1162] Compiling C object scipy/sparse/linalg/_dsolve/libsuperlu_lib.a.p/SuperLU_SRC_dsnode_dfs.c.o
      [168/1162] Compiling C object scipy/sparse/linalg/_dsolve/libsuperlu_lib.a.p/SuperLU_SRC_dreadrb.c.o
      [169/1162] Compiling C object scipy/sparse/linalg/_dsolve/libsuperlu_lib.a.p/SuperLU_SRC_dsp_blas3.c.o
      [170/1162] Compiling C object scipy/sparse/linalg/_dsolve/libsuperlu_lib.a.p/SuperLU_SRC_dzsum1.c.o
      [171/1162] Compiling C object scipy/sparse/linalg/_dsolve/libsuperlu_lib.a.p/SuperLU_SRC_dreadhb.c.o
      [172/1162] Compiling C object scipy/sparse/linalg/_dsolve/libsuperlu_lib.a.p/SuperLU_SRC_icmax1.c.o
      [173/1162] Compiling C object scipy/sparse/linalg/_dsolve/libsuperlu_lib.a.p/SuperLU_SRC_dsp_blas2.c.o
      [174/1162] Compiling C object scipy/sparse/linalg/_dsolve/libsuperlu_lib.a.p/SuperLU_SRC_heap_relax_snode.c.o
      [175/1162] Compiling C object scipy/sparse/linalg/_dsolve/libsuperlu_lib.a.p/SuperLU_SRC_ilu_ccolumn_dfs.c.o
      [176/1162] Compiling C object scipy/sparse/linalg/_dsolve/libsuperlu_lib.a.p/SuperLU_SRC_get_perm_c.c.o
      [177/1162] Compiling C object scipy/sparse/linalg/_dsolve/libsuperlu_lib.a.p/SuperLU_SRC_dutil.c.o
      [178/1162] Compiling C object scipy/sparse/linalg/_dsolve/libsuperlu_lib.a.p/SuperLU_SRC_ilu_ccopy_to_ucol.c.o
      [179/1162] Compiling C object scipy/sparse/linalg/_dsolve/libsuperlu_lib.a.p/SuperLU_SRC_ilu_cpanel_dfs.c.o
      [180/1162] Compiling C object scipy/sparse/linalg/_dsolve/libsuperlu_lib.a.p/SuperLU_SRC_ilu_csnode_dfs.c.o
      [181/1162] Compiling C object scipy/sparse/linalg/_dsolve/libsuperlu_lib.a.p/SuperLU_SRC_ilu_cpivotL.c.o
      [182/1162] Compiling C object scipy/sparse/linalg/_dsolve/libsuperlu_lib.a.p/SuperLU_SRC_ilu_dcolumn_dfs.c.o
      [183/1162] Compiling C object scipy/sparse/linalg/_dsolve/libsuperlu_lib.a.p/SuperLU_SRC_ilu_dcopy_to_ucol.c.o
      [184/1162] Compiling C object scipy/sparse/linalg/_dsolve/libsuperlu_lib.a.p/SuperLU_SRC_ilu_cdrop_row.c.o
      [185/1162] Compiling C object scipy/sparse/linalg/_dsolve/libsuperlu_lib.a.p/SuperLU_SRC_ilu_dpanel_dfs.c.o
      [186/1162] Compiling C object scipy/sparse/linalg/_dsolve/libsuperlu_lib.a.p/SuperLU_SRC_ilu_dpivotL.c.o
      [187/1162] Compiling C object scipy/sparse/linalg/_dsolve/libsuperlu_lib.a.p/SuperLU_SRC_ilu_dsnode_dfs.c.o
      [188/1162] Compiling C object scipy/sparse/linalg/_dsolve/libsuperlu_lib.a.p/SuperLU_SRC_ilu_relax_snode.c.o
      [189/1162] Compiling C object scipy/sparse/linalg/_dsolve/libsuperlu_lib.a.p/SuperLU_SRC_ilu_ddrop_row.c.o
      [190/1162] Compiling C object scipy/sparse/linalg/_dsolve/libsuperlu_lib.a.p/SuperLU_SRC_ilu_scopy_to_ucol.c.o
      [191/1162] Compiling C object scipy/sparse/linalg/_dsolve/libsuperlu_lib.a.p/SuperLU_SRC_ilu_scolumn_dfs.c.o
      [192/1162] Compiling C object scipy/sparse/linalg/_dsolve/libsuperlu_lib.a.p/SuperLU_SRC_ilu_heap_relax_snode.c.o
      [193/1162] Compiling C object scipy/sparse/linalg/_dsolve/libsuperlu_lib.a.p/SuperLU_SRC_ilu_spanel_dfs.c.o
      [194/1162] Compiling C object scipy/sparse/linalg/_dsolve/libsuperlu_lib.a.p/SuperLU_SRC_ilu_ssnode_dfs.c.o
      [195/1162] Compiling C object scipy/sparse/linalg/_dsolve/libsuperlu_lib.a.p/SuperLU_SRC_ilu_spivotL.c.o
      [196/1162] Compiling C object scipy/sparse/linalg/_dsolve/libsuperlu_lib.a.p/SuperLU_SRC_ilu_zcopy_to_ucol.c.o
      [197/1162] Compiling C object scipy/sparse/linalg/_dsolve/libsuperlu_lib.a.p/SuperLU_SRC_ilu_zcolumn_dfs.c.o
      [198/1162] Compiling C object scipy/sparse/linalg/_dsolve/libsuperlu_lib.a.p/SuperLU_SRC_ilu_sdrop_row.c.o
      [199/1162] Compiling C object scipy/sparse/linalg/_dsolve/libsuperlu_lib.a.p/SuperLU_SRC_ilu_zpanel_dfs.c.o
      [200/1162] Compiling C object scipy/sparse/linalg/_dsolve/libsuperlu_lib.a.p/SuperLU_SRC_ilu_zdrop_row.c.o
      [201/1162] Compiling C object scipy/sparse/linalg/_dsolve/libsuperlu_lib.a.p/SuperLU_SRC_input_error.c.o
      [202/1162] Compiling C object scipy/sparse/linalg/_dsolve/libsuperlu_lib.a.p/SuperLU_SRC_ilu_zsnode_dfs.c.o
      [203/1162] Compiling C object scipy/sparse/linalg/_dsolve/libsuperlu_lib.a.p/SuperLU_SRC_izmax1.c.o
      [204/1162] Compiling C object scipy/sparse/linalg/_dsolve/libsuperlu_lib.a.p/SuperLU_SRC_ilu_zpivotL.c.o
      [205/1162] Compiling C object scipy/sparse/linalg/_dsolve/libsuperlu_lib.a.p/SuperLU_SRC_mark_relax.c.o
      [206/1162] Compiling C object scipy/sparse/linalg/_dsolve/libsuperlu_lib.a.p/SuperLU_SRC_relax_snode.c.o
      [207/1162] Compiling C object scipy/sparse/linalg/_dsolve/libsuperlu_lib.a.p/SuperLU_SRC_memory.c.o
      [208/1162] Compiling C object scipy/sparse/linalg/_dsolve/libsuperlu_lib.a.p/SuperLU_SRC_qselect.c.o
      [209/1162] Compiling C object scipy/sparse/linalg/_dsolve/libsuperlu_lib.a.p/SuperLU_SRC_scolumn_dfs.c.o
      [210/1162] Compiling C object scipy/sparse/linalg/_dsolve/libsuperlu_lib.a.p/SuperLU_SRC_scolumn_bmod.c.o
      [211/1162] Compiling C object scipy/sparse/linalg/_dsolve/libsuperlu_lib.a.p/SuperLU_SRC_scomplex.c.o
      [212/1162] Compiling C object scipy/sparse/linalg/_dsolve/libsuperlu_lib.a.p/SuperLU_SRC_scsum1.c.o
      [213/1162] Compiling C object scipy/sparse/linalg/_dsolve/libsuperlu_lib.a.p/SuperLU_SRC_scopy_to_ucol.c.o
      [214/1162] Compiling C object scipy/sparse/linalg/_dsolve/libsuperlu_lib.a.p/SuperLU_SRC_mmd.c.o
      [215/1162] Compiling C object scipy/sparse/linalg/_dsolve/libsuperlu_lib.a.p/SuperLU_SRC_sgscon.c.o
      [216/1162] Compiling C object scipy/sparse/linalg/_dsolve/libsuperlu_lib.a.p/SuperLU_SRC_sdiagonal.c.o
      [217/1162] Compiling C object scipy/sparse/linalg/_dsolve/libsuperlu_lib.a.p/SuperLU_SRC_sgsequ.c.o
      [218/1162] Compiling C object scipy/sparse/linalg/_dsolve/libsuperlu_lib.a.p/SuperLU_SRC_sgssv.c.o
      [219/1162] Compiling C object scipy/sparse/linalg/_dsolve/libsuperlu_lib.a.p/SuperLU_SRC_sgstrf.c.o
      [220/1162] Compiling C object scipy/sparse/linalg/_dsolve/libsuperlu_lib.a.p/SuperLU_SRC_slacon2.c.o
      [221/1162] Compiling C object scipy/sparse/linalg/_dsolve/libsuperlu_lib.a.p/SuperLU_SRC_sgsisx.c.o
      [222/1162] Compiling C object scipy/sparse/linalg/_dsolve/libsuperlu_lib.a.p/SuperLU_SRC_sgsitrf.c.o
      [223/1162] Compiling C object scipy/sparse/linalg/_dsolve/libsuperlu_lib.a.p/SuperLU_SRC_sgsrfs.c.o
      [224/1162] Compiling C object scipy/sparse/linalg/_dsolve/libsuperlu_lib.a.p/SuperLU_SRC_sgssvx.c.o
      [225/1162] Compiling C object scipy/sparse/linalg/_dsolve/libsuperlu_lib.a.p/SuperLU_SRC_sgstrs.c.o
      [226/1162] Compiling C object scipy/sparse/linalg/_dsolve/libsuperlu_lib.a.p/SuperLU_SRC_slaqgs.c.o
      [227/1162] Compiling C object scipy/sparse/linalg/_dsolve/libsuperlu_lib.a.p/SuperLU_SRC_slangs.c.o
      [228/1162] Compiling C object scipy/sparse/linalg/_dsolve/libsuperlu_lib.a.p/SuperLU_SRC_sldperm.c.o
      [229/1162] Compiling C object scipy/sparse/linalg/_dsolve/libsuperlu_lib.a.p/SuperLU_SRC_smach.c.o
      [230/1162] Compiling C object scipy/sparse/linalg/_dsolve/libsuperlu_lib.a.p/SuperLU_SRC_sp_coletree.c.o
      [231/1162] Compiling C object scipy/sparse/linalg/_dsolve/libsuperlu_lib.a.p/SuperLU_SRC_sp_ienv.c.o
      [232/1162] Compiling C object scipy/sparse/linalg/_dsolve/libsuperlu_lib.a.p/SuperLU_SRC_spanel_dfs.c.o
      [233/1162] Compiling C object scipy/sparse/linalg/_dsolve/libsuperlu_lib.a.p/SuperLU_SRC_sp_preorder.c.o
      [234/1162] Compiling C object scipy/sparse/linalg/_dsolve/libsuperlu_lib.a.p/SuperLU_SRC_smyblas2.c.o
      [235/1162] Compiling C object scipy/sparse/linalg/_dsolve/libsuperlu_lib.a.p/SuperLU_SRC_spivotL.c.o
      [236/1162] Compiling C object scipy/sparse/linalg/_dsolve/libsuperlu_lib.a.p/SuperLU_SRC_smemory.c.o
      [237/1162] Compiling C object scipy/sparse/linalg/_dsolve/libsuperlu_lib.a.p/SuperLU_SRC_spivotgrowth.c.o
      [238/1162] Compiling C object scipy/sparse/linalg/_dsolve/libsuperlu_lib.a.p/SuperLU_SRC_spruneL.c.o
      [239/1162] Compiling C object scipy/sparse/linalg/_dsolve/libsuperlu_lib.a.p/SuperLU_SRC_spanel_bmod.c.o
      [240/1162] Compiling C object scipy/sparse/linalg/_dsolve/libsuperlu_lib.a.p/SuperLU_SRC_ssnode_bmod.c.o
      [241/1162] Compiling C object scipy/sparse/linalg/_dsolve/libsuperlu_lib.a.p/SuperLU_SRC_sreadMM.c.o
      [242/1162] Compiling C object scipy/sparse/linalg/_dsolve/libsuperlu_lib.a.p/SuperLU_SRC_sreadtriple.c.o
      [243/1162] Compiling C object scipy/sparse/linalg/_dsolve/libsuperlu_lib.a.p/SuperLU_SRC_ssnode_dfs.c.o
      [244/1162] Compiling C object scipy/sparse/linalg/_dsolve/libsuperlu_lib.a.p/SuperLU_SRC_sreadrb.c.o
      [245/1162] Compiling C object scipy/sparse/linalg/_dsolve/libsuperlu_lib.a.p/SuperLU_SRC_ssp_blas3.c.o
      [246/1162] Compiling C object scipy/sparse/linalg/_dsolve/libsuperlu_lib.a.p/SuperLU_SRC_superlu_timer.c.o
      [247/1162] Compiling C object scipy/sparse/linalg/_dsolve/libsuperlu_lib.a.p/SuperLU_SRC_sreadhb.c.o
      [248/1162] Compiling C object scipy/sparse/linalg/_dsolve/libsuperlu_lib.a.p/SuperLU_SRC_ssp_blas2.c.o
      [249/1162] Compiling C object scipy/sparse/linalg/_dsolve/libsuperlu_lib.a.p/SuperLU_SRC_zcolumn_dfs.c.o
      [250/1162] Compiling C object scipy/sparse/linalg/_dsolve/libsuperlu_lib.a.p/SuperLU_SRC_zcopy_to_ucol.c.o
      [251/1162] Compiling C object scipy/sparse/linalg/_dsolve/libsuperlu_lib.a.p/SuperLU_SRC_zgscon.c.o
      [252/1162] Compiling C object scipy/sparse/linalg/_dsolve/libsuperlu_lib.a.p/SuperLU_SRC_zdiagonal.c.o
      [253/1162] Compiling C object scipy/sparse/linalg/_dsolve/libsuperlu_lib.a.p/SuperLU_SRC_zcolumn_bmod.c.o
      [254/1162] Compiling C object scipy/sparse/linalg/_dsolve/libsuperlu_lib.a.p/SuperLU_SRC_util.c.o
      [255/1162] Compiling C object scipy/sparse/linalg/_dsolve/libsuperlu_lib.a.p/SuperLU_SRC_sutil.c.o
      [256/1162] Compiling C object scipy/sparse/linalg/_dsolve/libsuperlu_lib.a.p/SuperLU_SRC_zgsequ.c.o
      [257/1162] Compiling C object scipy/sparse/linalg/_dsolve/libsuperlu_lib.a.p/SuperLU_SRC_zgssv.c.o
      [258/1162] Compiling C object scipy/sparse/linalg/_dsolve/libsuperlu_lib.a.p/SuperLU_SRC_zgstrf.c.o
      [259/1162] Compiling C object scipy/sparse/linalg/_dsolve/libsuperlu_lib.a.p/SuperLU_SRC_zgsisx.c.o
      [260/1162] Compiling C object scipy/sparse/linalg/_dsolve/libsuperlu_lib.a.p/SuperLU_SRC_zgssvx.c.o
      [261/1162] Compiling C object scipy/sparse/linalg/_dsolve/libsuperlu_lib.a.p/SuperLU_SRC_zlacon2.c.o
      [262/1162] Compiling C object scipy/sparse/linalg/_dsolve/libsuperlu_lib.a.p/SuperLU_SRC_zgsitrf.c.o
      [263/1162] Compiling C object scipy/sparse/linalg/_dsolve/libsuperlu_lib.a.p/SuperLU_SRC_zgsrfs.c.o
      [264/1162] Compiling C object scipy/sparse/linalg/_dsolve/libsuperlu_lib.a.p/SuperLU_SRC_zlangs.c.o
      [265/1162] Compiling C object scipy/sparse/linalg/_dsolve/libsuperlu_lib.a.p/SuperLU_SRC_zlaqgs.c.o
      [266/1162] Compiling C object scipy/sparse/linalg/_dsolve/libsuperlu_lib.a.p/SuperLU_SRC_zgstrs.c.o
      [267/1162] Compiling C object scipy/sparse/linalg/_dsolve/libsuperlu_lib.a.p/SuperLU_SRC_zldperm.c.o
      [268/1162] Compiling C object scipy/sparse/linalg/_dsolve/libsuperlu_lib.a.p/SuperLU_SRC_zpanel_dfs.c.o
      [269/1162] Compiling C object scipy/sparse/linalg/_dsolve/libsuperlu_lib.a.p/SuperLU_SRC_zpivotgrowth.c.o
      [270/1162] Compiling C object scipy/sparse/linalg/_dsolve/libsuperlu_lib.a.p/SuperLU_SRC_zpivotL.c.o
      [271/1162] Compiling C object scipy/sparse/linalg/_dsolve/libsuperlu_lib.a.p/SuperLU_SRC_zmyblas2.c.o
      [272/1162] Compiling C object scipy/sparse/linalg/_dsolve/libsuperlu_lib.a.p/SuperLU_SRC_zpruneL.c.o
      [273/1162] Compiling C object scipy/sparse/linalg/_dsolve/libsuperlu_lib.a.p/SuperLU_SRC_zpanel_bmod.c.o
      [274/1162] Compiling C object scipy/sparse/linalg/_dsolve/libsuperlu_lib.a.p/SuperLU_SRC_zmemory.c.o
      [275/1162] Compiling C object scipy/sparse/linalg/_dsolve/libsuperlu_lib.a.p/SuperLU_SRC_zreadMM.c.o
      [276/1162] Compiling C object scipy/sparse/linalg/_dsolve/libsuperlu_lib.a.p/SuperLU_SRC_zreadtriple.c.o
      [277/1162] Compiling C object scipy/sparse/linalg/_dsolve/libsuperlu_lib.a.p/SuperLU_SRC_zsnode_bmod.c.o
      [278/1162] Compiling C object scipy/sparse/linalg/_dsolve/libsuperlu_lib.a.p/SuperLU_SRC_zsnode_dfs.c.o
      [279/1162] Compiling C object scipy/sparse/linalg/_dsolve/libsuperlu_lib.a.p/SuperLU_SRC_zreadhb.c.o
      [280/1162] Compiling C object scipy/sparse/linalg/_dsolve/libsuperlu_lib.a.p/SuperLU_SRC_zsp_blas3.c.o
      [281/1162] Compiling C object scipy/sparse/linalg/_dsolve/libsuperlu_lib.a.p/SuperLU_SRC_zreadrb.c.o
      [282/1162] Compiling C object scipy/sparse/linalg/_dsolve/libsuperlu_lib.a.p/SuperLU_SRC_zsp_blas2.c.o
      [283/1162] Compiling C object scipy/sparse/linalg/_dsolve/libsuperlu_lib.a.p/SuperLU_SRC_zutil.c.o
      [284/1162] Compiling C object scipy/sparse/linalg/_eigen/arpack/libarnaud.a.p/arnaud_src_arnaud_n_single_complex.c.o
      [285/1162] Compiling C object scipy/sparse/linalg/_eigen/arpack/libarnaud.a.p/arnaud_src_arnaud_n_double_complex.c.o
      [286/1162] Compiling C object scipy/sparse/linalg/_eigen/arpack/libarnaud.a.p/arnaud_src_arnaud_n_single.c.o
      [287/1162] Compiling C object scipy/sparse/linalg/_eigen/arpack/libarnaud.a.p/arnaud_src_arnaud_n_double.c.o
      [288/1162] Generating 'scipy/linalg/cython_lapack.cpython-314-aarch64-linux-android.so.p/cython_lapack.c'
      [289/1162] Compiling C object scipy/sparse/linalg/_eigen/arpack/libarnaud.a.p/arnaud_src_arnaud_s_single.c.o
      [290/1162] Compiling C object scipy/sparse/linalg/_eigen/arpack/libarnaud.a.p/arnaud_src_arnaud_s_double.c.o
      [291/1162] Compiling C object scipy/stats/_levy_stable/lib_levyst.a.p/c_src_levyst.c.o
      [292/1162] Generating 'scipy/special/cython_special.cpython-314-aarch64-linux-android.so.p/cython_special.c'
      [293/1162] Generating 'scipy/stats/_levy_stable/levyst.cpython-314-aarch64-linux-android.so.p/levyst.c'
      [294/1162] Generating scipy/linalg/flapack_module with a custom command
      [295/1162] Generating 'scipy/stats/_biasedurn.cpython-314-aarch64-linux-android.so.p/_biasedurn.cpp'
      [296/1162] Generating 'scipy/stats/_ansari_swilk_statistics.cpython-314-aarch64-linux-android.so.p/_ansari_swilk_statistics.c'
      [297/1162] Generating 'scipy/stats/_qmc_cy.cpython-314-aarch64-linux-android.so.p/_qmc_cy.cpp'
      [298/1162] Generating 'scipy/stats/_sobol.cpython-314-aarch64-linux-android.so.p/_sobol.c'
      [299/1162] Compiling C object scipy/optimize/librootfind.a.p/Zeros_bisect.c.o
      [300/1162] Generating 'scipy/stats/_qmvnt_cy.cpython-314-aarch64-linux-android.so.p/_qmvnt_cy.cpp'
      [301/1162] Compiling C object scipy/optimize/librootfind.a.p/Zeros_brenth.c.o
      [302/1162] Compiling C object scipy/optimize/librootfind.a.p/Zeros_brentq.c.o
      [303/1162] Compiling C object scipy/optimize/librootfind.a.p/Zeros_ridder.c.o
      [304/1162] Generating 'scipy/stats/_rcont/rcont.cpython-314-aarch64-linux-android.so.p/rcont.c'
      [305/1162] Generating 'scipy/stats/_stats.cpython-314-aarch64-linux-android.so.p/_stats.c'
      [306/1162] Generating 'scipy/io/matlab/_mio_utils.cpython-314-aarch64-linux-android.so.p/_mio_utils.c'
      [307/1162] Generating 'scipy/io/matlab/_streams.cpython-314-aarch64-linux-android.so.p/_streams.c'
      [308/1162] Generating 'scipy/stats/_unuran/unuran_wrapper.cpython-314-aarch64-linux-android.so.p/unuran_wrapper.c'
      [309/1162] Generating 'scipy/optimize/_moduleTNC.cpython-314-aarch64-linux-android.so.p/_moduleTNC.c'
      [310/1162] Generating 'scipy/io/matlab/_mio5_utils.cpython-314-aarch64-linux-android.so.p/_mio5_utils.c'
      [311/1162] Compiling C++ object scipy/optimize/librectangular_lsap.a.p/rectangular_lsap_rectangular_lsap.cpp.o
      [312/1162] Generating 'scipy/optimize/cython_optimize/_zeros.cpython-314-aarch64-linux-android.so.p/_zeros.c'
      [313/1162] Generating 'scipy/optimize/_trlib/_trlib.cpython-314-aarch64-linux-android.so.p/_trlib.c'
      [314/1162] Generating 'scipy/optimize/_bglu_dense.cpython-314-aarch64-linux-android.so.p/_bglu_dense.c'
      [315/1162] Compiling C++ object scipy/optimize/_highspy/libhighs.a.p/.._.._.._subprojects_highs_highs_io_Filereader.cpp.o
      [316/1162] Generating 'scipy/optimize/_lsq/givens_elimination.cpython-314-aarch64-linux-android.so.p/givens_elimination.c'
      [317/1162] Compiling C++ object scipy/optimize/_highspy/libhighs.a.p/.._.._.._subprojects_highs_highs_io_FilereaderEms.cpp.o
      [318/1162] Compiling C++ object scipy/optimize/_highspy/libhighs.a.p/.._.._.._subprojects_highs_highs_io_FilereaderMps.cpp.o
      [319/1162] Compiling C++ object scipy/optimize/_highspy/libhighs.a.p/.._.._.._subprojects_highs_highs_interfaces_highs_c_api.cpp.o
      [320/1162] Compiling C++ object scipy/optimize/_highspy/libhighs.a.p/.._.._.._subprojects_highs_highs_io_HighsIO.cpp.o
      [321/1162] Compiling C++ object scipy/optimize/_highspy/libhighs.a.p/.._.._.._subprojects_highs_extern_filereaderlp_reader.cpp.o
      [322/1162] Compiling C++ object scipy/optimize/_highspy/libhighs.a.p/.._.._.._subprojects_highs_highs_io_FilereaderLp.cpp.o
      [323/1162] Compiling C++ object scipy/optimize/_highspy/libhighs.a.p/.._.._.._subprojects_highs_highs_io_HMPSIO.cpp.o
      [324/1162] Generating 'scipy/stats/_stats_pythran.cpython-314-aarch64-linux-android.so.p/_stats_pythran.cpp'
      [325/1162] Compiling C++ object scipy/optimize/_highspy/libhighs.a.p/.._.._.._subprojects_highs_highs_io_LoadOptions.cpp.o
      [326/1162] Compiling C++ object scipy/optimize/_highspy/libhighs.a.p/.._.._.._subprojects_highs_highs_lp_data_HighsDebug.cpp.o
      [327/1162] Compiling C++ object scipy/optimize/_highspy/libhighs.a.p/.._.._.._subprojects_highs_highs_lp_data_HighsInfo.cpp.o
      [328/1162] Compiling C++ object scipy/optimize/_highspy/libhighs.a.p/.._.._.._subprojects_highs_highs_ipm_IpxWrapper.cpp.o
      [329/1162] Generating 'scipy/optimize/_group_columns.cpython-314-aarch64-linux-android.so.p/_group_columns.cpp'
      [330/1162] Compiling C++ object scipy/optimize/_highspy/libhighs.a.p/.._.._.._subprojects_highs_highs_lp_data_HighsDeprecated.cpp.o
      [331/1162] Compiling C++ object scipy/optimize/_highspy/libhighs.a.p/.._.._.._subprojects_highs_highs_lp_data_HighsInfoDebug.cpp.o
      [332/1162] Compiling C++ object scipy/optimize/_highspy/libhighs.a.p/.._.._.._subprojects_highs_highs_io_HMpsFF.cpp.o
      [333/1162] Compiling C++ object scipy/optimize/_highspy/libhighs.a.p/.._.._.._subprojects_highs_highs_lp_data_HighsCallback.cpp.o
      [334/1162] Compiling C++ object scipy/optimize/_highspy/libhighs.a.p/.._.._.._subprojects_highs_highs_lp_data_HighsIis.cpp.o
      [335/1162] Compiling C++ object scipy/optimize/_highspy/libhighs.a.p/.._.._.._subprojects_highs_highs_lp_data_HighsOptions.cpp.o
      [336/1162] Compiling C++ object scipy/optimize/_highspy/libhighs.a.p/.._.._.._subprojects_highs_highs_lp_data_HighsLp.cpp.o
      [337/1162] Compiling C++ object scipy/optimize/_highspy/libhighs.a.p/.._.._.._subprojects_highs_highs_lp_data_HighsRanging.cpp.o
      [338/1162] Compiling C++ object scipy/optimize/_highspy/libhighs.a.p/.._.._.._subprojects_highs_highs_lp_data_HighsSolutionDebug.cpp.o
      [339/1162] Compiling C++ object scipy/optimize/_highspy/libhighs.a.p/.._.._.._subprojects_highs_highs_lp_data_HighsSolution.cpp.o
      [340/1162] Compiling C++ object scipy/optimize/_highspy/libhighs.a.p/.._.._.._subprojects_highs_highs_lp_data_HighsStatus.cpp.o
      [341/1162] Compiling C++ object scipy/optimize/_highspy/libhighs.a.p/.._.._.._subprojects_highs_highs_lp_data_HighsModelUtils.cpp.o
      [342/1162] Compiling C++ object scipy/optimize/_highspy/libhighs.a.p/.._.._.._subprojects_highs_highs_lp_data_HighsLpUtils.cpp.o
      [343/1162] Compiling C++ object scipy/optimize/_highspy/libhighs.a.p/.._.._.._subprojects_highs_highs_lp_data_HighsSolve.cpp.o
      [344/1162] Compiling C++ object scipy/optimize/_highspy/libhighs.a.p/.._.._.._subprojects_highs_highs_mip_HighsConflictPool.cpp.o
      [345/1162] Compiling C++ object scipy/optimize/_highspy/libhighs.a.p/.._.._.._subprojects_highs_highs_mip_HighsDebugSol.cpp.o
      [346/1162] Compiling C++ object scipy/optimize/_highspy/libhighs.a.p/.._.._.._subprojects_highs_highs_mip_HighsDynamicRowMatrix.cpp.o
      [347/1162] Compiling C++ object scipy/optimize/_highspy/libhighs.a.p/.._.._.._subprojects_highs_highs_mip_HighsGFkSolve.cpp.o
      [348/1162] Compiling C++ object scipy/optimize/_highspy/libhighs.a.p/.._.._.._subprojects_highs_highs_lp_data_Highs.cpp.o
      [349/1162] Compiling C++ object scipy/optimize/_highspy/libhighs.a.p/.._.._.._subprojects_highs_highs_mip_HighsCutPool.cpp.o
      [350/1162] Compiling C++ object scipy/optimize/_highspy/libhighs.a.p/.._.._.._subprojects_highs_highs_mip_HighsLpAggregator.cpp.o
      [351/1162] Compiling C++ object scipy/optimize/_highspy/libhighs.a.p/.._.._.._subprojects_highs_highs_lp_data_HighsInterface.cpp.o
      [352/1162] Compiling C++ object scipy/optimize/_highspy/libhighs.a.p/.._.._.._subprojects_highs_highs_mip_HighsCutGeneration.cpp.o
      [353/1162] Compiling C++ object scipy/optimize/_highspy/libhighs.a.p/.._.._.._subprojects_highs_highs_mip_HighsMipAnalysis.cpp.o
      [354/1162] Compiling C++ object scipy/optimize/_highspy/libhighs.a.p/.._.._.._subprojects_highs_highs_mip_HighsFeasibilityJump.cpp.o
      [355/1162] Compiling C++ object scipy/optimize/_highspy/libhighs.a.p/.._.._.._subprojects_highs_highs_mip_HighsDomain.cpp.o
      [356/1162] Compiling C++ object scipy/optimize/_highspy/libhighs.a.p/.._.._.._subprojects_highs_highs_mip_HighsImplications.cpp.o
      [357/1162] Compiling C++ object scipy/optimize/_highspy/libhighs.a.p/.._.._.._subprojects_highs_highs_mip_HighsLpRelaxation.cpp.o
      [358/1162] Compiling C++ object scipy/optimize/_highspy/libhighs.a.p/.._.._.._subprojects_highs_highs_mip_HighsCliqueTable.cpp.o
      [359/1162] Compiling C++ object scipy/optimize/_highspy/libhighs.a.p/.._.._.._subprojects_highs_highs_mip_HighsObjectiveFunction.cpp.o
      [360/1162] Compiling C++ object scipy/optimize/_highspy/libhighs.a.p/.._.._.._subprojects_highs_highs_mip_HighsMipSolver.cpp.o
      [361/1162] Compiling C++ object scipy/optimize/_highspy/libhighs.a.p/.._.._.._subprojects_highs_highs_mip_HighsNodeQueue.cpp.o
      [362/1162] Compiling C++ object scipy/optimize/_highspy/libhighs.a.p/.._.._.._subprojects_highs_highs_mip_HighsPathSeparator.cpp.o
      [363/1162] Compiling C++ object scipy/optimize/_highspy/libhighs.a.p/.._.._.._subprojects_highs_highs_mip_HighsModkSeparator.cpp.o
      [364/1162] Compiling C++ object scipy/optimize/_highspy/libhighs.a.p/.._.._.._subprojects_highs_highs_mip_HighsPseudocost.cpp.o
      [365/1162] Compiling C++ object scipy/optimize/_highspy/libhighs.a.p/.._.._.._subprojects_highs_highs_model_HighsHessian.cpp.o
      [366/1162] Compiling C++ object scipy/optimize/_highspy/libhighs.a.p/.._.._.._subprojects_highs_highs_mip_HighsSeparator.cpp.o
      [367/1162] Compiling C++ object scipy/optimize/_highspy/libhighs.a.p/.._.._.._subprojects_highs_highs_mip_HighsSeparation.cpp.o
      [368/1162] Compiling C++ object scipy/optimize/_highspy/libhighs.a.p/.._.._.._subprojects_highs_highs_mip_HighsRedcostFixing.cpp.o
      [369/1162] Compiling C++ object scipy/optimize/_highspy/libhighs.a.p/.._.._.._subprojects_highs_highs_mip_HighsMipSolverData.cpp.o
      [370/1162] Compiling C++ object scipy/optimize/_highspy/libhighs.a.p/.._.._.._subprojects_highs_highs_model_HighsHessianUtils.cpp.o
      [371/1162] Compiling C++ object scipy/optimize/_highspy/libhighs.a.p/.._.._.._subprojects_highs_highs_parallel_HighsTaskExecutor.cpp.o
      [372/1162] Compiling C++ object scipy/optimize/_highspy/libhighs.a.p/.._.._.._subprojects_highs_highs_model_HighsModel.cpp.o
      [373/1162] Compiling C++ object scipy/optimize/_highspy/libhighs.a.p/.._.._.._subprojects_highs_highs_mip_HighsTransformedLp.cpp.o
      [374/1162] Compiling C++ object scipy/optimize/_highspy/libhighs.a.p/.._.._.._subprojects_highs_highs_mip_HighsTableauSeparator.cpp.o
      [375/1162] Compiling C++ object scipy/optimize/_highspy/libhighs.a.p/.._.._.._subprojects_highs_highs_pdlp_CupdlpWrapper.cpp.o
      [376/1162] Compiling C++ object scipy/optimize/_highspy/libhighs.a.p/.._.._.._subprojects_highs_highs_presolve_HPresolveAnalysis.cpp.o
      [377/1162] Compiling C++ object scipy/optimize/_highspy/libhighs.a.p/.._.._.._subprojects_highs_highs_presolve_HighsPostsolveStack.cpp.o
      [378/1162] Compiling C++ object scipy/optimize/_highspy/libhighs.a.p/.._.._.._subprojects_highs_highs_presolve_ICrashUtil.cpp.o
      [379/1162] Compiling C++ object scipy/optimize/_highspy/libhighs.a.p/.._.._.._subprojects_highs_highs_mip_HighsSearch.cpp.o
      [380/1162] Compiling C++ object scipy/optimize/_highspy/libhighs.a.p/.._.._.._subprojects_highs_highs_presolve_ICrash.cpp.o
      [381/1162] Compiling C++ object scipy/optimize/_highspy/libhighs.a.p/.._.._.._subprojects_highs_highs_presolve_ICrashX.cpp.o
      [382/1162] Compiling C++ object scipy/optimize/_highspy/libhighs.a.p/.._.._.._subprojects_highs_highs_mip_HighsPrimalHeuristics.cpp.o
      [383/1162] Compiling C++ object scipy/optimize/_highspy/libhighs.a.p/.._.._.._subprojects_highs_highs_qpsolver_perturbation.cpp.o
      [384/1162] Compiling C++ object scipy/optimize/_highspy/libhighs.a.p/.._.._.._subprojects_highs_highs_presolve_PresolveComponent.cpp.o
      [385/1162] Compiling C++ object scipy/optimize/_highspy/libhighs.a.p/.._.._.._subprojects_highs_highs_qpsolver_a_asm.cpp.o
      [386/1162] Compiling C++ object scipy/optimize/_highspy/libhighs.a.p/.._.._.._subprojects_highs_highs_qpsolver_ratiotest.cpp.o
      [387/1162] Compiling C++ object scipy/optimize/_highspy/libhighs.a.p/.._.._.._subprojects_highs_highs_qpsolver_basis.cpp.o
      [388/1162] Compiling C++ object scipy/optimize/_highspy/libhighs.a.p/.._.._.._subprojects_highs_highs_qpsolver_scaling.cpp.o
      [389/1162] Compiling C++ object scipy/optimize/_highspy/libhighs.a.p/.._.._.._subprojects_highs_highs_simplex_HEkkControl.cpp.o
      [390/1162] Compiling C++ object scipy/optimize/_highspy/libhighs.a.p/.._.._.._subprojects_highs_highs_qpsolver_a_quass.cpp.o
      [391/1162] Compiling C++ object scipy/optimize/_highspy/libhighs.a.p/.._.._.._subprojects_highs_highs_qpsolver_quass.cpp.o
      [392/1162] Compiling C++ object scipy/optimize/_highspy/libhighs.a.p/.._.._.._subprojects_highs_highs_simplex_HEkkDebug.cpp.o
      [393/1162] Compiling C++ object scipy/optimize/_highspy/libhighs.a.p/.._.._.._subprojects_highs_highs_simplex_HEkkInterface.cpp.o
      [394/1162] Compiling C++ object scipy/optimize/_highspy/libhighs.a.p/.._.._.._subprojects_highs_highs_simplex_HEkkDual.cpp.o
      [395/1162] Compiling C++ object scipy/optimize/_highspy/libhighs.a.p/.._.._.._subprojects_highs_highs_simplex_HEkkDualRHS.cpp.o
      [396/1162] Compiling C++ object scipy/optimize/_highspy/libhighs.a.p/.._.._.._subprojects_highs_highs_simplex_HEkkDualMulti.cpp.o
      [397/1162] Compiling C++ object scipy/optimize/_highspy/libhighs.a.p/.._.._.._subprojects_highs_highs_simplex_HEkkDualRow.cpp.o
      [398/1162] Compiling C++ object scipy/optimize/_highspy/libhighs.a.p/.._.._.._subprojects_highs_highs_presolve_HighsSymmetry.cpp.o
      [399/1162] Compiling C++ object scipy/optimize/_highspy/libhighs.a.p/.._.._.._subprojects_highs_highs_simplex_HEkk.cpp.o
      [400/1162] Compiling C++ object scipy/optimize/_highspy/libhighs.a.p/.._.._.._subprojects_highs_highs_simplex_HSimplex.cpp.o
      [401/1162] Compiling C++ object scipy/optimize/_highspy/libhighs.a.p/.._.._.._subprojects_highs_highs_simplex_HSimplexDebug.cpp.o
      [402/1162] Compiling C++ object scipy/optimize/_highspy/libhighs.a.p/.._.._.._subprojects_highs_highs_simplex_HSimplexNlaDebug.cpp.o
      [403/1162] Compiling C++ object scipy/optimize/_highspy/libhighs.a.p/.._.._.._subprojects_highs_highs_simplex_HSimplexNlaProductForm.cpp.o
      [404/1162] Compiling C++ object scipy/optimize/_highspy/libhighs.a.p/.._.._.._subprojects_highs_highs_simplex_HSimplexNlaFreeze.cpp.o
      [405/1162] Compiling C++ object scipy/optimize/_highspy/libhighs.a.p/.._.._.._subprojects_highs_highs_simplex_HSimplexReport.cpp.o
      [406/1162] Compiling C++ object scipy/optimize/_highspy/libhighs.a.p/.._.._.._subprojects_highs_highs_simplex_HEkkPrimal.cpp.o
      [407/1162] Compiling C++ object scipy/optimize/_highspy/libhighs.a.p/.._.._.._subprojects_highs_highs_test_kkt_DevKkt.cpp.o
      [408/1162] Compiling C++ object scipy/optimize/_highspy/libhighs.a.p/.._.._.._subprojects_highs_highs_simplex_HSimplexNla.cpp.o
      [409/1162] Compiling C++ object scipy/optimize/_highspy/libhighs.a.p/.._.._.._subprojects_highs_highs_util_HFactorDebug.cpp.o
      [410/1162] Compiling C++ object scipy/optimize/_highspy/libhighs.a.p/.._.._.._subprojects_highs_highs_test_kkt_KktCh2.cpp.o
      [411/1162] Compiling C++ object scipy/optimize/_highspy/libhighs.a.p/.._.._.._subprojects_highs_highs_util_HSet.cpp.o
      [412/1162] Compiling C++ object scipy/optimize/_highspy/libhighs.a.p/.._.._.._subprojects_highs_highs_simplex_HighsSimplexAnalysis.cpp.o
      [413/1162] Compiling C++ object scipy/optimize/_highspy/libhighs.a.p/.._.._.._subprojects_highs_highs_util_HFactorExtend.cpp.o
      [414/1162] Compiling C++ object scipy/optimize/_highspy/libhighs.a.p/.._.._.._subprojects_highs_highs_util_HFactorUtils.cpp.o
      [415/1162] Compiling C++ object scipy/optimize/_highspy/libhighs.a.p/.._.._.._subprojects_highs_highs_util_HFactorRefactor.cpp.o
      [416/1162] Compiling C++ object scipy/optimize/_highspy/libhighs.a.p/.._.._.._subprojects_highs_highs_util_HighsHash.cpp.o
      [417/1162] Compiling C++ object scipy/optimize/_highspy/libhighs.a.p/.._.._.._subprojects_highs_highs_util_HVectorBase.cpp.o
      [418/1162] Compiling C object scipy/optimize/_highspy/libhighs.a.p/.._.._.._subprojects_highs_highs_pdlp_cupdlp_cupdlp_cs.c.o
      [419/1162] Compiling C++ object scipy/optimize/_highspy/libhighs.a.p/.._.._.._subprojects_highs_highs_util_HighsLinearSumBounds.cpp.o
      [420/1162] Compiling C object scipy/optimize/_highspy/libhighs.a.p/.._.._.._subprojects_highs_highs_pdlp_cupdlp_cupdlp_proj.c.o
      [421/1162] Compiling C object scipy/optimize/_highspy/libhighs.a.p/.._.._.._subprojects_highs_highs_pdlp_cupdlp_cupdlp_restart.c.o
      [422/1162] Compiling C object scipy/optimize/_highspy/libhighs.a.p/.._.._.._subprojects_highs_highs_pdlp_cupdlp_cupdlp_linalg.c.o
      [423/1162] Compiling C object scipy/optimize/_highspy/libhighs.a.p/.._.._.._subprojects_highs_highs_pdlp_cupdlp_cupdlp_scaling.c.o
      [424/1162] Compiling C++ object scipy/optimize/_highspy/libhighs.a.p/.._.._.._subprojects_highs_highs_util_HighsSort.cpp.o
      [425/1162] Compiling C object scipy/optimize/_highspy/libhighs.a.p/.._.._.._subprojects_highs_highs_pdlp_cupdlp_cupdlp_step.c.o
      [426/1162] Compiling C++ object scipy/optimize/_highspy/libhighs.a.p/.._.._.._subprojects_highs_highs_util_HighsMatrixUtils.cpp.o
      [427/1162] Compiling C object scipy/optimize/_highspy/libhighs.a.p/.._.._.._subprojects_highs_highs_ipm_basiclu_basiclu_factorize.c.o
      [428/1162] Compiling C object scipy/optimize/_highspy/libhighs.a.p/.._.._.._subprojects_highs_highs_pdlp_cupdlp_cupdlp_solver.c.o
      [429/1162] Compiling C object scipy/optimize/_highspy/libhighs.a.p/.._.._.._subprojects_highs_highs_ipm_basiclu_basiclu_get_factors.c.o
      [430/1162] Compiling C object scipy/optimize/_highspy/libhighs.a.p/.._.._.._subprojects_highs_highs_ipm_basiclu_basiclu_initialize.c.o
      [431/1162] Compiling C++ object scipy/optimize/_highspy/libhighs.a.p/.._.._.._subprojects_highs_highs_util_stringutil.cpp.o
      [432/1162] Compiling C object scipy/optimize/_highspy/libhighs.a.p/.._.._.._subprojects_highs_highs_ipm_basiclu_basiclu_object.c.o
      [433/1162] Compiling C object scipy/optimize/_highspy/libhighs.a.p/.._.._.._subprojects_highs_highs_ipm_basiclu_basiclu_solve_dense.c.o
      [434/1162] Compiling C object scipy/optimize/_highspy/libhighs.a.p/.._.._.._subprojects_highs_highs_ipm_basiclu_basiclu_solve_for_update.c.o
      [435/1162] Compiling C object scipy/optimize/_highspy/libhighs.a.p/.._.._.._subprojects_highs_highs_ipm_basiclu_basiclu_solve_sparse.c.o
      [436/1162] Compiling C object scipy/optimize/_highspy/libhighs.a.p/.._.._.._subprojects_highs_highs_ipm_basiclu_basiclu_update.c.o
      [437/1162] Compiling C++ object scipy/optimize/_highspy/libhighs.a.p/.._.._.._subprojects_highs_highs_util_HighsMatrixPic.cpp.o
      [438/1162] Compiling C object scipy/optimize/_highspy/libhighs.a.p/.._.._.._subprojects_highs_highs_pdlp_cupdlp_cupdlp_utils.c.o
      [439/1162] Compiling C object scipy/optimize/_highspy/libhighs.a.p/.._.._.._subprojects_highs_highs_ipm_basiclu_lu_condest.c.o
      [440/1162] Compiling C object scipy/optimize/_highspy/libhighs.a.p/.._.._.._subprojects_highs_highs_ipm_basiclu_lu_dfs.c.o
      [441/1162] Compiling C object scipy/optimize/_highspy/libhighs.a.p/.._.._.._subprojects_highs_highs_ipm_basiclu_lu_build_factors.c.o
      [442/1162] Compiling C object scipy/optimize/_highspy/libhighs.a.p/.._.._.._subprojects_highs_highs_ipm_basiclu_lu_factorize_bump.c.o
      [443/1162] Compiling C object scipy/optimize/_highspy/libhighs.a.p/.._.._.._subprojects_highs_highs_ipm_basiclu_lu_initialize.c.o
      [444/1162] Compiling C object scipy/optimize/_highspy/libhighs.a.p/.._.._.._subprojects_highs_highs_ipm_basiclu_lu_garbage_perm.c.o
      [445/1162] Compiling C object scipy/optimize/_highspy/libhighs.a.p/.._.._.._subprojects_highs_highs_ipm_basiclu_lu_file.c.o
      [446/1162] Compiling C object scipy/optimize/_highspy/libhighs.a.p/.._.._.._subprojects_highs_highs_ipm_basiclu_lu_internal.c.o
      [447/1162] Compiling C object scipy/optimize/_highspy/libhighs.a.p/.._.._.._subprojects_highs_highs_ipm_basiclu_lu_matrix_norm.c.o
      [448/1162] Compiling C object scipy/optimize/_highspy/libhighs.a.p/.._.._.._subprojects_highs_highs_ipm_basiclu_lu_markowitz.c.o
      [449/1162] Compiling C object scipy/optimize/_highspy/libhighs.a.p/.._.._.._subprojects_highs_highs_ipm_basiclu_lu_residual_test.c.o
      [450/1162] Compiling C++ object scipy/optimize/_highspy/libhighs.a.p/.._.._.._subprojects_highs_highs_util_HFactor.cpp.o
      [451/1162] Compiling C object scipy/optimize/_highspy/libhighs.a.p/.._.._.._subprojects_highs_highs_ipm_basiclu_lu_setup_bump.c.o
      [452/1162] Compiling C object scipy/optimize/_highspy/libhighs.a.p/.._.._.._subprojects_highs_highs_ipm_basiclu_lu_solve_dense.c.o
      [453/1162] Compiling C object scipy/optimize/_highspy/libhighs.a.p/.._.._.._subprojects_highs_highs_ipm_basiclu_lu_solve_symbolic.c.o
      [454/1162] Compiling C object scipy/optimize/_highspy/libhighs.a.p/.._.._.._subprojects_highs_highs_ipm_basiclu_lu_singletons.c.o
      [455/1162] Compiling C object scipy/optimize/_highspy/libhighs.a.p/.._.._.._subprojects_highs_highs_ipm_basiclu_lu_solve_for_update.c.o
      [456/1162] Compiling C object scipy/optimize/_highspy/libhighs.a.p/.._.._.._subprojects_highs_highs_ipm_basiclu_lu_solve_sparse.c.o
      [457/1162] Compiling C object scipy/optimize/_highspy/libhighs.a.p/.._.._.._subprojects_highs_highs_ipm_basiclu_lu_solve_triangular.c.o
      [458/1162] Compiling C object scipy/optimize/_highspy/libhighs.a.p/.._.._.._subprojects_highs_highs_ipm_basiclu_lu_update.c.o
      [459/1162] Compiling C object scipy/optimize/_highspy/libhighs.a.p/.._.._.._subprojects_highs_highs_ipm_basiclu_lu_pivot.c.o
      [460/1162] Compiling C++ object scipy/optimize/_highspy/libhighs.a.p/.._.._.._subprojects_highs_highs_util_HighsUtils.cpp.o
      [461/1162] Compiling C++ object scipy/optimize/_highspy/libhighs.a.p/.._.._.._subprojects_highs_highs_util_HighsSparseMatrix.cpp.o
      [462/1162] Compiling C++ object scipy/optimize/_highspy/libhighs.a.p/.._.._.._subprojects_highs_highs_presolve_HPresolve.cpp.o
      [463/1162] Compiling C++ object scipy/optimize/_highspy/libhighs.a.p/.._.._.._subprojects_highs_highs_ipm_ipx_basiclu_kernel.cc.o
      [464/1162] Compiling C++ object scipy/optimize/_highspy/libhighs.a.p/.._.._.._subprojects_highs_highs_ipm_ipx_basiclu_wrapper.cc.o
      [465/1162] Compiling C++ object scipy/optimize/_highspy/libhighs.a.p/.._.._.._subprojects_highs_highs_ipm_ipx_control.cc.o
      [466/1162] Compiling C++ object scipy/optimize/_highspy/libhighs.a.p/.._.._.._subprojects_highs_highs_ipm_ipx_diagonal_precond.cc.o
      [467/1162] Compiling C++ object scipy/optimize/_highspy/libhighs.a.p/.._.._.._subprojects_highs_highs_ipm_ipx_conjugate_residuals.cc.o
      [468/1162] Compiling C++ object scipy/optimize/_highspy/libhighs.a.p/.._.._.._subprojects_highs_highs_ipm_ipx_crossover.cc.o
      [469/1162] Compiling C++ object scipy/optimize/_highspy/libhighs.a.p/.._.._.._subprojects_highs_highs_ipm_ipx_basis.cc.o
      [470/1162] Compiling C++ object scipy/optimize/_highspy/libhighs.a.p/.._.._.._subprojects_highs_highs_ipm_ipx_indexed_vector.cc.o
      [471/1162] Compiling C++ object scipy/optimize/_highspy/libhighs.a.p/.._.._.._subprojects_highs_highs_ipm_ipx_forrest_tomlin.cc.o
      [472/1162] Compiling C++ object scipy/optimize/_highspy/libhighs.a.p/.._.._.._subprojects_highs_highs_ipm_ipx_info.cc.o
      [473/1162] Compiling C++ object scipy/optimize/_highspy/libhighs.a.p/.._.._.._subprojects_highs_highs_ipm_ipx_ipx_c.cc.o
      [474/1162] Compiling C++ object scipy/optimize/_highspy/libhighs.a.p/.._.._.._subprojects_highs_highs_ipm_ipx_guess_basis.cc.o
      [475/1162] Compiling C++ object scipy/optimize/_highspy/libhighs.a.p/.._.._.._subprojects_highs_highs_ipm_ipx_kkt_solver.cc.o
      [476/1162] Compiling C++ object scipy/optimize/_highspy/libhighs.a.p/.._.._.._subprojects_highs_highs_ipm_ipx_iterate.cc.o
      [477/1162] Compiling C++ object scipy/optimize/_highspy/libhighs.a.p/.._.._.._subprojects_highs_highs_ipm_ipx_ipm.cc.o
      [478/1162] Compiling C++ object scipy/optimize/_highspy/libhighs.a.p/.._.._.._subprojects_highs_highs_ipm_ipx_linear_operator.cc.o
      [479/1162] Compiling C++ object scipy/optimize/_highspy/libhighs.a.p/.._.._.._subprojects_highs_highs_ipm_ipx_kkt_solver_basis.cc.o
      [480/1162] Compiling C++ object scipy/optimize/_highspy/libhighs.a.p/.._.._.._subprojects_highs_highs_ipm_ipx_kkt_solver_diag.cc.o
      [481/1162] Compiling C++ object scipy/optimize/_highspy/libhighs.a.p/.._.._.._subprojects_highs_highs_ipm_ipx_lu_update.cc.o
      [482/1162] Compiling C++ object scipy/optimize/_highspy/libhighs.a.p/.._.._.._subprojects_highs_highs_ipm_ipx_lu_factorization.cc.o
      [483/1162] Compiling C++ object scipy/optimize/_highspy/libhighs.a.p/.._.._.._subprojects_highs_highs_ipm_ipx_maxvolume.cc.o
      [484/1162] Compiling C++ object scipy/optimize/_highspy/libhighs.a.p/.._.._.._subprojects_highs_highs_ipm_ipx_normal_matrix.cc.o
      [485/1162] Compiling C++ object scipy/optimize/_highspy/libhighs.a.p/.._.._.._subprojects_highs_highs_ipm_ipx_sparse_utils.cc.o
      [486/1162] Compiling C++ object scipy/optimize/_highspy/libhighs.a.p/.._.._.._subprojects_highs_highs_ipm_ipx_lp_solver.cc.o
      [487/1162] Compiling C++ object scipy/optimize/_highspy/libhighs.a.p/.._.._.._subprojects_highs_highs_ipm_ipx_timer.cc.o
      [488/1162] Compiling C++ object scipy/optimize/_highspy/libhighs.a.p/.._.._.._subprojects_highs_highs_ipm_ipx_splitted_normal_matrix.cc.o
      [489/1162] Compiling C++ object scipy/optimize/_highspy/libhighs.a.p/.._.._.._subprojects_highs_highs_ipm_ipx_starting_basis.cc.o
      [490/1162] Compiling C++ object scipy/optimize/_highspy/libhighs.a.p/.._.._.._subprojects_highs_highs_ipm_ipx_sparse_matrix.cc.o
      [491/1162] Compiling C++ object scipy/optimize/_highspy/libhighs.a.p/.._.._.._subprojects_highs_highs_ipm_ipx_symbolic_invert.cc.o
      [492/1162] Generating 'scipy/spatial/_voronoi.cpython-314-aarch64-linux-android.so.p/_voronoi.c'
      [493/1162] Compiling C++ object scipy/optimize/_highspy/libhighs.a.p/.._.._.._subprojects_highs_highs_ipm_ipx_model.cc.o
      [494/1162] Compiling C++ object scipy/optimize/_highspy/libhighs.a.p/.._.._.._subprojects_highs_highs_ipm_ipx_utils.cc.o
      [495/1162] Generating 'scipy/spatial/_hausdorff.cpython-314-aarch64-linux-android.so.p/_hausdorff.c'
      [496/1162] Generating 'scipy/spatial/_ckdtree.cpython-314-aarch64-linux-android.so.p/_ckdtree.cpp'
      [497/1162] Generating 'scipy/spatial/transform/_rigid_transform_cy.cpython-314-aarch64-linux-android.so.p/_rigid_transform_cy.c'
      [498/1162] Generating 'scipy/cluster/hierarchy/_hierarchy.cpython-314-aarch64-linux-android.so.p/_hierarchy.c'
      [499/1162] Generating 'scipy/spatial/transform/_rotation_cy.cpython-314-aarch64-linux-android.so.p/_rotation_cy.c'
      [500/1162] Generating 'scipy/cluster/hierarchy/_optimal_leaf_ordering.cpython-314-aarch64-linux-android.so.p/_optimal_leaf_ordering.c'
      [501/1162] Generating 'scipy/cluster/vq/_vq.cpython-314-aarch64-linux-android.so.p/_vq.c'
      [502/1162] Generating 'scipy/fftpack/convolve.cpython-314-aarch64-linux-android.so.p/convolve.c'
      [503/1162] Generating 'scipy/signal/_peak_finding_utils.cpython-314-aarch64-linux-android.so.p/_peak_finding_utils.c'
      [504/1162] Generating 'scipy/signal/_sosfilt.cpython-314-aarch64-linux-android.so.p/_sosfilt.c'
      [505/1162] Generating 'scipy/spatial/_qhull.cpython-314-aarch64-linux-android.so.p/_qhull.c'
      [506/1162] Compiling Fortran object scipy/odr/libodrpack.a.p/odrpack_d_lpk.f.o
      flang-new: warning: argument unused during compilation: '-Wall' [-Wunused-command-line-argument]
      [507/1162] Generating 'scipy/interpolate/_interpnd.cpython-314-aarch64-linux-android.so.p/_interpnd.c'
      [508/1162] Compiling Fortran object scipy/odr/libodrpack.a.p/odrpack_d_mprec.f.o
      flang-new: warning: argument unused during compilation: '-Wall' [-Wunused-command-line-argument]
      [509/1162] Generating 'scipy/signal/_upfirdn_apply.cpython-314-aarch64-linux-android.so.p/_upfirdn_apply.c'
      [510/1162] Compiling Fortran object scipy/odr/libodrpack.a.p/odrpack_dlunoc.f.o
      flang-new: warning: argument unused during compilation: '-Wall' [-Wunused-command-line-argument]
      [511/1162] Linking static target subprojects/qhull_r/liblibqhull_r.a
      [512/1162] Linking static target scipy/lib_fortranobject.a
      [513/1162] Linking static target scipy/libdummy_g77_abi_wrappers.a
      [514/1162] Generating 'scipy/interpolate/_rgi_cython.cpython-314-aarch64-linux-android.so.p/_rgi_cython.c'
      [515/1162] Compiling C object scipy/_lib/_test_ccallback.cpython-314-aarch64-linux-android.so.p/src__test_ccallback.c.o
      [516/1162] Compiling C object scipy/_lib/_fpumode.cpython-314-aarch64-linux-android.so.p/_fpumode.c.o
      [517/1162] Generating 'scipy/ndimage/_cytest.cpython-314-aarch64-linux-android.so.p/_cytest.c'
      [518/1162] Compiling C object scipy/_lib/_test_deprecation_def.cpython-314-aarch64-linux-android.so.p/meson-generated__test_deprecation_def.c.o
      [519/1162] Compiling C object scipy/_lib/_test_deprecation_call.cpython-314-aarch64-linux-android.so.p/meson-generated__test_deprecation_call.c.o
      [520/1162] Compiling C++ object scipy/_lib/_uarray/_uarray.cpython-314-aarch64-linux-android.so.p/vectorcall.cxx.o
      [521/1162] Generating 'scipy/ndimage/_ni_label.cpython-314-aarch64-linux-android.so.p/_ni_label.c'
      [522/1162] Compiling C object scipy/_lib/_ccallback_c.cpython-314-aarch64-linux-android.so.p/meson-generated__ccallback_c.c.o
      [523/1162] Compiling C++ object scipy/interpolate/lib__fitpack.a.p/src___fitpack.cc.o
      [524/1162] Compiling C object scipy/_lib/messagestream.cpython-314-aarch64-linux-android.so.p/meson-generated_messagestream.c.o
      [525/1162] Generating 'scipy/interpolate/_ppoly.cpython-314-aarch64-linux-android.so.p/_ppoly.c'
      [526/1162] Compiling C object scipy/linalg/_matfuncs_sqrtm_triu.cpython-314-aarch64-linux-android.so.p/meson-generated__matfuncs_sqrtm_triu.c.o
      [527/1162] Compiling C object scipy/linalg/_solve_toeplitz.cpython-314-aarch64-linux-android.so.p/meson-generated__solve_toeplitz.c.o
      [528/1162] Compiling Fortran object scipy/odr/libodrpack.a.p/odrpack_d_odr.f.o
      flang-new: warning: argument unused during compilation: '-Wall' [-Wunused-command-line-argument]
      [529/1162] Generating 'scipy/signal/_max_len_seq_inner.cpython-314-aarch64-linux-android.so.p/_max_len_seq_inner.cpp'
      [530/1162] Compiling C object scipy/linalg/_internal_matfuncs.cpython-314-aarch64-linux-android.so.p/_matfuncsmodule.c.o
      [531/1162] Compiling C object scipy/linalg/_fblas.cpython-314-aarch64-linux-android.so.p/meson-generated_..__fblasmodule.c.o
      [532/1162] Compiling C object scipy/linalg/cython_blas.cpython-314-aarch64-linux-android.so.p/meson-generated_cython_blas.c.o
      [533/1162] Compiling C object scipy/linalg/_internal_matfuncs.cpython-314-aarch64-linux-android.so.p/src__matfuncs_sqrtm.c.o
      [534/1162] Compiling C++ object scipy/_lib/_uarray/_uarray.cpython-314-aarch64-linux-android.so.p/_uarray_dispatch.cxx.o
      [535/1162] Linking static target scipy/special/libcdflib.a
      [536/1162] Compiling C object scipy/linalg/cython_lapack.cpython-314-aarch64-linux-android.so.p/meson-generated_cython_lapack.c.o
      [537/1162] Compiling C++ object scipy/special/_special_ufuncs.cpython-314-aarch64-linux-android.so.p/_special_ufuncs_docs.cpp.o
      [538/1162] Compiling C object scipy/linalg/_internal_matfuncs.cpython-314-aarch64-linux-android.so.p/src__matfuncs_expm.c.o
      [539/1162] Generating 'scipy/interpolate/_rbfinterp_pythran.cpython-314-aarch64-linux-android.so.p/_rbfinterp_pythran.cpp'
      [540/1162] Compiling C++ object scipy/special/_gufuncs.cpython-314-aarch64-linux-android.so.p/_gufuncs_docs.cpp.o
      [541/1162] Compiling C++ object scipy/special/_special_ufuncs.cpython-314-aarch64-linux-android.so.p/sf_error.cc.o
      [542/1162] Compiling C++ object scipy/special/_gufuncs.cpython-314-aarch64-linux-android.so.p/sf_error.cc.o
      [543/1162] Compiling C object scipy/linalg/_decomp_update.cpython-314-aarch64-linux-android.so.p/meson-generated__decomp_update.c.o
      [544/1162] Compiling C object scipy/special/_ufuncs.cpython-314-aarch64-linux-android.so.p/_cosine.c.o
      [545/1162] Compiling C++ object scipy/linalg/_batched_linalg.cpython-314-aarch64-linux-android.so.p/src__batched_linalg_module.cc.o
      [546/1162] Compiling C object scipy/linalg/_cythonized_array_utils.cpython-314-aarch64-linux-android.so.p/meson-generated__cythonized_array_utils.c.o
      [547/1162] Compiling C++ object scipy/special/_ufuncs.cpython-314-aarch64-linux-android.so.p/sf_error.cc.o
      [548/1162] Compiling C++ object scipy/special/_ufuncs.cpython-314-aarch64-linux-android.so.p/dd_real_wrappers.cpp.o
      [549/1162] Compiling C object scipy/special/_ufuncs.cpython-314-aarch64-linux-android.so.p/meson-generated__ufuncs.c.o
      [550/1162] Compiling C++ object scipy/special/_ufuncs_cxx.cpython-314-aarch64-linux-android.so.p/_wright.cxx.o
      [551/1162] Compiling C++ object scipy/special/_specfun.cpython-314-aarch64-linux-android.so.p/meson-generated__specfun.cpp.o
      [552/1162] Compiling C object scipy/linalg/_flapack.cpython-314-aarch64-linux-android.so.p/meson-generated_..__flapackmodule.c.o
      [553/1162] Compiling C++ object scipy/special/_ufuncs_cxx.cpython-314-aarch64-linux-android.so.p/sf_error.cc.o
      [554/1162] Compiling C++ object scipy/special/_ufuncs_cxx.cpython-314-aarch64-linux-android.so.p/ellint_carlson_wrap.cxx.o
      [555/1162] Compiling C++ object scipy/special/_ufuncs_cxx.cpython-314-aarch64-linux-android.so.p/wright.cc.o
      [556/1162] Compiling C object scipy/special/_ellip_harm_2.cpython-314-aarch64-linux-android.so.p/meson-generated__ellip_harm_2.c.o
      [557/1162] Compiling C object scipy/special/cython_special.cpython-314-aarch64-linux-android.so.p/_cosine.c.o
      [558/1162] Compiling C++ object scipy/special/_ellip_harm_2.cpython-314-aarch64-linux-android.so.p/sf_error.cc.o
      [559/1162] Compiling C++ object scipy/linalg/_linalg_pythran.cpython-314-aarch64-linux-android.so.p/meson-generated__linalg_pythran.cpp.o
      [560/1162] Compiling C++ object scipy/special/cython_special.cpython-314-aarch64-linux-android.so.p/sf_error.cc.o
      [561/1162] Compiling C object scipy/linalg/_decomp_interpolative.cpython-314-aarch64-linux-android.so.p/meson-generated__decomp_interpolative.c.o
      [562/1162] Compiling C++ object scipy/special/cython_special.cpython-314-aarch64-linux-android.so.p/dd_real_wrappers.cpp.o
      [563/1162] Compiling C object scipy/special/_comb.cpython-314-aarch64-linux-android.so.p/meson-generated__comb.c.o
      [564/1162] Compiling C object scipy/special/_test_internal.cpython-314-aarch64-linux-android.so.p/meson-generated__test_internal.c.o
      [565/1162] Compiling C++ object scipy/special/_test_internal.cpython-314-aarch64-linux-android.so.p/dd_real_wrappers.cpp.o
      [566/1162] Compiling C++ object scipy/special/_ufuncs.cpython-314-aarch64-linux-android.so.p/xsf_wrappers.cpp.o
      [567/1162] Compiling C++ object scipy/sparse/sparsetools/_sparsetools.cpython-314-aarch64-linux-android.so.p/csc.cxx.o
      [568/1162] Compiling C++ object scipy/sparse/sparsetools/_sparsetools.cpython-314-aarch64-linux-android.so.p/sparsetools.cxx.o
      [569/1162] Compiling C++ object scipy/special/_gufuncs.cpython-314-aarch64-linux-android.so.p/_gufuncs.cpp.o
      [570/1162] Compiling C++ object scipy/special/cython_special.cpython-314-aarch64-linux-android.so.p/xsf_wrappers.cpp.o
      [571/1162] Compiling C++ object scipy/special/_special_ufuncs.cpython-314-aarch64-linux-android.so.p/_special_ufuncs.cpp.o
      [572/1162] Compiling C object scipy/sparse/csgraph/_flow.cpython-314-aarch64-linux-android.so.p/meson-generated__flow.c.o
      [573/1162] Compiling C object scipy/sparse/csgraph/_matching.cpython-314-aarch64-linux-android.so.p/meson-generated__matching.c.o
      [574/1162] Compiling C object scipy/sparse/csgraph/_min_spanning_tree.cpython-314-aarch64-linux-android.so.p/meson-generated__min_spanning_tree.c.o
      [575/1162] Compiling C object scipy/sparse/_csparsetools.cpython-314-aarch64-linux-android.so.p/meson-generated__csparsetools.c.o
      [576/1162] Compiling C object scipy/sparse/linalg/_propack/_propack.cpython-314-aarch64-linux-android.so.p/PROPACK_src_common.c.o
      [577/1162] Compiling C object scipy/sparse/linalg/_propack/_propack.cpython-314-aarch64-linux-android.so.p/PROPACK_src_gemm_overwrite.c.o
      [578/1162] Compiling C object scipy/sparse/linalg/_propack/_propack.cpython-314-aarch64-linux-android.so.p/PROPACK_src_getu0.c.o
      [579/1162] Compiling C object scipy/sparse/linalg/_propack/_propack.cpython-314-aarch64-linux-android.so.p/PROPACK_src_gs.c.o
      [580/1162] Compiling C object scipy/sparse/linalg/_propack/_propack.cpython-314-aarch64-linux-android.so.p/PROPACK_src_lanbpro.c.o
      [581/1162] Compiling C object scipy/sparse/csgraph/_reordering.cpython-314-aarch64-linux-android.so.p/meson-generated__reordering.c.o
      [582/1162] Compiling C object scipy/sparse/linalg/_propack/_propack.cpython-314-aarch64-linux-android.so.p/PROPACK_src_lansvd_irl.c.o
      [583/1162] Compiling C object scipy/sparse/linalg/_propack/_propack.cpython-314-aarch64-linux-android.so.p/PROPACK_src_ritzvec.c.o
      [584/1162] Compiling C object scipy/sparse/linalg/_propack/_propack.cpython-314-aarch64-linux-android.so.p/PROPACK_src_lansvd.c.o
      [585/1162] Linking static target scipy/sparse/linalg/_dsolve/libsuperlu_lib.a
      [586/1162] Compiling C object scipy/sparse/linalg/_propack/_propack.cpython-314-aarch64-linux-android.so.p/_propackmodule.c.o
      [587/1162] Compiling C object scipy/sparse/csgraph/_tools.cpython-314-aarch64-linux-android.so.p/meson-generated__tools.c.o
      [588/1162] Compiling C object scipy/sparse/linalg/_dsolve/_superlu.cpython-314-aarch64-linux-android.so.p/_superlu_utils.c.o
      [589/1162] Compiling C object scipy/sparse/linalg/_dsolve/_superlu.cpython-314-aarch64-linux-android.so.p/_superlumodule.c.o
      [590/1162] Linking static target scipy/sparse/linalg/_eigen/arpack/libarnaud.a
      [591/1162] Compiling C object scipy/sparse/linalg/_dsolve/_superlu.cpython-314-aarch64-linux-android.so.p/_superluobject.c.o
      [592/1162] Compiling C object scipy/sparse/linalg/_eigen/arpack/_arpacklib.cpython-314-aarch64-linux-android.so.p/_arpackmodule.c.o
      [593/1162] Compiling C++ object scipy/sparse/sparsetools/_sparsetools.cpython-314-aarch64-linux-android.so.p/other.cxx.o
      [594/1162] Compiling C object scipy/stats/_ansari_swilk_statistics.cpython-314-aarch64-linux-android.so.p/meson-generated__ansari_swilk_statistics.c.o
      [595/1162] Compiling C object scipy/stats/_sobol.cpython-314-aarch64-linux-android.so.p/meson-generated__sobol.c.o
      [596/1162] Compiling C++ object scipy/stats/_biasedurn.cpython-314-aarch64-linux-android.so.p/biasedurn_fnchyppr.cpp.o
      [597/1162] Compiling C++ object scipy/stats/_biasedurn.cpython-314-aarch64-linux-android.so.p/meson-generated__biasedurn.cpp.o
      [598/1162] Compiling C++ object scipy/stats/_qmc_cy.cpython-314-aarch64-linux-android.so.p/meson-generated__qmc_cy.cpp.o
      [599/1162] Compiling C++ object scipy/stats/_biasedurn.cpython-314-aarch64-linux-android.so.p/biasedurn_impls.cpp.o
      [600/1162] Compiling C++ object scipy/stats/_biasedurn.cpython-314-aarch64-linux-android.so.p/biasedurn_stoc1.cpp.o
      [601/1162] Compiling C object scipy/stats/_biasedurn.cpython-314-aarch64-linux-android.so.p/libnpyrandom_distributions.c.o
      [602/1162] Compiling C++ object scipy/stats/_biasedurn.cpython-314-aarch64-linux-android.so.p/biasedurn_stoc3.cpp.o
      [603/1162] Compiling C++ object scipy/sparse/csgraph/_traversal.cpython-314-aarch64-linux-android.so.p/meson-generated__traversal.cpp.o
      [604/1162] Linking static target scipy/stats/_levy_stable/lib_levyst.a
      [605/1162] Compiling C++ object scipy/stats/_biasedurn.cpython-314-aarch64-linux-android.so.p/biasedurn_wnchyppr.cpp.o
      [606/1162] Compiling C++ object scipy/sparse/csgraph/_shortest_path.cpython-314-aarch64-linux-android.so.p/meson-generated__shortest_path.cpp.o
      [607/1162] Compiling C object scipy/stats/_unuran/unuran_wrapper.cpython-314-aarch64-linux-android.so.p/.._.._.._subprojects_unuran_unuran_src_distr_cemp.c.o
      [608/1162] Compiling C object scipy/stats/_levy_stable/levyst.cpython-314-aarch64-linux-android.so.p/meson-generated_levyst.c.o
      [609/1162] Compiling C object scipy/stats/_unuran/unuran_wrapper.cpython-314-aarch64-linux-android.so.p/.._.._.._subprojects_unuran_unuran_src_distr_condi.c.o
      [610/1162] Compiling C object scipy/stats/_unuran/unuran_wrapper.cpython-314-aarch64-linux-android.so.p/.._.._.._subprojects_unuran_unuran_src_distr_corder.c.o
      [611/1162] Compiling C object scipy/stats/_unuran/unuran_wrapper.cpython-314-aarch64-linux-android.so.p/.._.._.._subprojects_unuran_unuran_src_distr_cont.c.o
      [612/1162] Compiling C object scipy/stats/_unuran/unuran_wrapper.cpython-314-aarch64-linux-android.so.p/.._.._.._subprojects_unuran_unuran_src_distr_cvemp.c.o
      [613/1162] Compiling C object scipy/stats/_unuran/unuran_wrapper.cpython-314-aarch64-linux-android.so.p/.._.._.._subprojects_unuran_unuran_src_distr_cxtrans.c.o
      [614/1162] Compiling C object scipy/stats/_unuran/unuran_wrapper.cpython-314-aarch64-linux-android.so.p/.._.._.._subprojects_unuran_unuran_src_distr_cvec.c.o
      [615/1162] Compiling C object scipy/stats/_unuran/unuran_wrapper.cpython-314-aarch64-linux-android.so.p/.._.._.._subprojects_unuran_unuran_src_distr_distr.c.o
      [616/1162] Compiling C object scipy/stats/_unuran/unuran_wrapper.cpython-314-aarch64-linux-android.so.p/.._.._.._subprojects_unuran_unuran_src_distr_discr.c.o
      [617/1162] Compiling C object scipy/stats/_unuran/unuran_wrapper.cpython-314-aarch64-linux-android.so.p/.._.._.._subprojects_unuran_unuran_src_distr_distr_info.c.o
      [618/1162] Compiling C object scipy/stats/_unuran/unuran_wrapper.cpython-314-aarch64-linux-android.so.p/.._.._.._subprojects_unuran_unuran_src_distr_matr.c.o
      [619/1162] Compiling C object scipy/stats/_unuran/unuran_wrapper.cpython-314-aarch64-linux-android.so.p/.._.._.._subprojects_unuran_unuran_src_distributions_c_F.c.o
      [620/1162] Compiling C object scipy/stats/_unuran/unuran_wrapper.cpython-314-aarch64-linux-android.so.p/.._.._.._subprojects_unuran_unuran_src_distributions_c_beta.c.o
      [621/1162] Compiling C++ object scipy/stats/_qmvnt_cy.cpython-314-aarch64-linux-android.so.p/meson-generated__qmvnt_cy.cpp.o
      [622/1162] Compiling C object scipy/stats/_unuran/unuran_wrapper.cpython-314-aarch64-linux-android.so.p/.._.._.._subprojects_unuran_unuran_src_distributions_c_burr.c.o
      [623/1162] Compiling C object scipy/stats/_unuran/unuran_wrapper.cpython-314-aarch64-linux-android.so.p/.._.._.._subprojects_unuran_unuran_src_distributions_c_beta_gen.c.o
      [624/1162] Compiling C object scipy/stats/_unuran/unuran_wrapper.cpython-314-aarch64-linux-android.so.p/.._.._.._subprojects_unuran_unuran_src_distributions_c_cauchy.c.o
      [625/1162] Compiling C object scipy/stats/_unuran/unuran_wrapper.cpython-314-aarch64-linux-android.so.p/.._.._.._subprojects_unuran_unuran_src_distributions_c_chi.c.o
      [626/1162] Compiling C object scipy/stats/_unuran/unuran_wrapper.cpython-314-aarch64-linux-android.so.p/.._.._.._subprojects_unuran_unuran_src_distributions_c_chi_gen.c.o
      [627/1162] Compiling C object scipy/stats/_unuran/unuran_wrapper.cpython-314-aarch64-linux-android.so.p/.._.._.._subprojects_unuran_unuran_src_distributions_c_chisquare.c.o
      [628/1162] Compiling C object scipy/stats/_unuran/unuran_wrapper.cpython-314-aarch64-linux-android.so.p/.._.._.._subprojects_unuran_unuran_src_distributions_c_exponential_gen.c.o
      [629/1162] Compiling C object scipy/stats/_unuran/unuran_wrapper.cpython-314-aarch64-linux-android.so.p/.._.._.._subprojects_unuran_unuran_src_distributions_c_exponential.c.o
      [630/1162] Compiling C object scipy/stats/_unuran/unuran_wrapper.cpython-314-aarch64-linux-android.so.p/.._.._.._subprojects_unuran_unuran_src_distributions_c_extremeI.c.o
      [631/1162] Compiling C object scipy/stats/_unuran/unuran_wrapper.cpython-314-aarch64-linux-android.so.p/.._.._.._subprojects_unuran_unuran_src_distributions_c_extremeII.c.o
      [632/1162] Compiling C object scipy/stats/_unuran/unuran_wrapper.cpython-314-aarch64-linux-android.so.p/.._.._.._subprojects_unuran_unuran_src_distributions_c_gamma.c.o
      [633/1162] Compiling C object scipy/stats/_unuran/unuran_wrapper.cpython-314-aarch64-linux-android.so.p/.._.._.._subprojects_unuran_unuran_src_distributions_c_gamma_gen.c.o
      [634/1162] Compiling C object scipy/stats/_unuran/unuran_wrapper.cpython-314-aarch64-linux-android.so.p/.._.._.._subprojects_unuran_unuran_src_distributions_c_ghyp.c.o
      [635/1162] Compiling C object scipy/stats/_unuran/unuran_wrapper.cpython-314-aarch64-linux-android.so.p/.._.._.._subprojects_unuran_unuran_src_distributions_c_gig.c.o
      [636/1162] Compiling C object scipy/stats/_unuran/unuran_wrapper.cpython-314-aarch64-linux-android.so.p/.._.._.._subprojects_unuran_unuran_src_distributions_c_gig2.c.o
      [637/1162] Compiling C object scipy/stats/_unuran/unuran_wrapper.cpython-314-aarch64-linux-android.so.p/.._.._.._subprojects_unuran_unuran_src_distributions_c_gig_gen.c.o
      [638/1162] Compiling C object scipy/stats/_unuran/unuran_wrapper.cpython-314-aarch64-linux-android.so.p/.._.._.._subprojects_unuran_unuran_src_distributions_c_hyperbolic.c.o
      [639/1162] Compiling C object scipy/stats/_unuran/unuran_wrapper.cpython-314-aarch64-linux-android.so.p/.._.._.._subprojects_unuran_unuran_src_distributions_c_ig.c.o
      [640/1162] Compiling C object scipy/stats/_unuran/unuran_wrapper.cpython-314-aarch64-linux-android.so.p/.._.._.._subprojects_unuran_unuran_src_distributions_c_laplace.c.o
      [641/1162] Compiling C object scipy/stats/_unuran/unuran_wrapper.cpython-314-aarch64-linux-android.so.p/.._.._.._subprojects_unuran_unuran_src_distributions_c_logistic.c.o
      [642/1162] Compiling C object scipy/stats/_unuran/unuran_wrapper.cpython-314-aarch64-linux-android.so.p/.._.._.._subprojects_unuran_unuran_src_distributions_c_lognormal.c.o
      [643/1162] Compiling C object scipy/stats/_unuran/unuran_wrapper.cpython-314-aarch64-linux-android.so.p/.._.._.._subprojects_unuran_unuran_src_distributions_c_lomax.c.o
      [644/1162] Compiling C object scipy/stats/_unuran/unuran_wrapper.cpython-314-aarch64-linux-android.so.p/.._.._.._subprojects_unuran_unuran_src_distributions_c_meixner.c.o
      [645/1162] Compiling C object scipy/stats/_unuran/unuran_wrapper.cpython-314-aarch64-linux-android.so.p/.._.._.._subprojects_unuran_unuran_src_distributions_c_normal.c.o
      [646/1162] Compiling C object scipy/stats/_unuran/unuran_wrapper.cpython-314-aarch64-linux-android.so.p/.._.._.._subprojects_unuran_unuran_src_distributions_c_normal_gen.c.o
      [647/1162] Compiling C object scipy/stats/_unuran/unuran_wrapper.cpython-314-aarch64-linux-android.so.p/.._.._.._subprojects_unuran_unuran_src_distributions_c_pareto.c.o
      [648/1162] Compiling C object scipy/stats/_unuran/unuran_wrapper.cpython-314-aarch64-linux-android.so.p/.._.._.._subprojects_unuran_unuran_src_distributions_c_powerexponential.c.o
      [649/1162] Compiling C object scipy/stats/_unuran/unuran_wrapper.cpython-314-aarch64-linux-android.so.p/.._.._.._subprojects_unuran_unuran_src_distributions_c_powerexponential_gen.c.o
      [650/1162] Compiling C object scipy/stats/_unuran/unuran_wrapper.cpython-314-aarch64-linux-android.so.p/.._.._.._subprojects_unuran_unuran_src_distributions_c_rayleigh.c.o
      [651/1162] Compiling C object scipy/stats/_unuran/unuran_wrapper.cpython-314-aarch64-linux-android.so.p/.._.._.._subprojects_unuran_unuran_src_distributions_c_slash_gen.c.o
      [652/1162] Compiling C object scipy/stats/_unuran/unuran_wrapper.cpython-314-aarch64-linux-android.so.p/.._.._.._subprojects_unuran_unuran_src_distributions_c_slash.c.o
      [653/1162] Compiling C object scipy/stats/_unuran/unuran_wrapper.cpython-314-aarch64-linux-android.so.p/.._.._.._subprojects_unuran_unuran_src_distributions_c_student.c.o
      [654/1162] Compiling C object scipy/stats/_unuran/unuran_wrapper.cpython-314-aarch64-linux-android.so.p/.._.._.._subprojects_unuran_unuran_src_distributions_c_triangular.c.o
      [655/1162] Compiling C object scipy/stats/_unuran/unuran_wrapper.cpython-314-aarch64-linux-android.so.p/.._.._.._subprojects_unuran_unuran_src_distributions_c_student_gen.c.o
      [656/1162] Compiling C object scipy/stats/_unuran/unuran_wrapper.cpython-314-aarch64-linux-android.so.p/.._.._.._subprojects_unuran_unuran_src_distributions_c_uniform.c.o
      [657/1162] Compiling C object scipy/stats/_unuran/unuran_wrapper.cpython-314-aarch64-linux-android.so.p/.._.._.._subprojects_unuran_unuran_src_distributions_c_vg.c.o
      [658/1162] Compiling C object scipy/stats/_unuran/unuran_wrapper.cpython-314-aarch64-linux-android.so.p/.._.._.._subprojects_unuran_unuran_src_distributions_c_weibull.c.o
      [659/1162] Compiling C object scipy/stats/_unuran/unuran_wrapper.cpython-314-aarch64-linux-android.so.p/.._.._.._subprojects_unuran_unuran_src_distributions_d_binomial.c.o
      [660/1162] Compiling C object scipy/stats/_unuran/unuran_wrapper.cpython-314-aarch64-linux-android.so.p/.._.._.._subprojects_unuran_unuran_src_distributions_d_binomial_gen.c.o
      [661/1162] Compiling C object scipy/stats/_unuran/unuran_wrapper.cpython-314-aarch64-linux-android.so.p/.._.._.._subprojects_unuran_unuran_src_distributions_d_geometric.c.o
      [662/1162] Compiling C object scipy/stats/_unuran/unuran_wrapper.cpython-314-aarch64-linux-android.so.p/.._.._.._subprojects_unuran_unuran_src_distributions_d_hypergeometric.c.o
      [663/1162] Compiling C object scipy/stats/_unuran/unuran_wrapper.cpython-314-aarch64-linux-android.so.p/.._.._.._subprojects_unuran_unuran_src_distributions_d_logarithmic.c.o
      [664/1162] Compiling C object scipy/stats/_unuran/unuran_wrapper.cpython-314-aarch64-linux-android.so.p/.._.._.._subprojects_unuran_unuran_src_distributions_d_hypergeometric_gen.c.o
      [665/1162] Compiling C object scipy/stats/_unuran/unuran_wrapper.cpython-314-aarch64-linux-android.so.p/.._.._.._subprojects_unuran_unuran_src_distributions_d_logarithmic_gen.c.o
      [666/1162] Compiling C object scipy/stats/_unuran/unuran_wrapper.cpython-314-aarch64-linux-android.so.p/.._.._.._subprojects_unuran_unuran_src_distributions_d_negativebinomial.c.o
      [667/1162] Compiling C object scipy/stats/_unuran/unuran_wrapper.cpython-314-aarch64-linux-android.so.p/.._.._.._subprojects_unuran_unuran_src_distributions_d_poisson.c.o
      [668/1162] Compiling C object scipy/stats/_unuran/unuran_wrapper.cpython-314-aarch64-linux-android.so.p/.._.._.._subprojects_unuran_unuran_src_distributions_d_zipf.c.o
      [669/1162] Compiling C object scipy/stats/_unuran/unuran_wrapper.cpython-314-aarch64-linux-android.so.p/.._.._.._subprojects_unuran_unuran_src_distributions_d_zipf_gen.c.o
      [670/1162] Compiling C object scipy/stats/_unuran/unuran_wrapper.cpython-314-aarch64-linux-android.so.p/.._.._.._subprojects_unuran_unuran_src_distributions_d_poisson_gen.c.o
      [671/1162] Compiling C object scipy/stats/_unuran/unuran_wrapper.cpython-314-aarch64-linux-android.so.p/.._.._.._subprojects_unuran_unuran_src_distributions_m_correlation.c.o
      [672/1162] Compiling C object scipy/stats/_unuran/unuran_wrapper.cpython-314-aarch64-linux-android.so.p/.._.._.._subprojects_unuran_unuran_src_distributions_vc_copula.c.o
      [673/1162] Compiling C object scipy/stats/_unuran/unuran_wrapper.cpython-314-aarch64-linux-android.so.p/.._.._.._subprojects_unuran_unuran_src_distributions_vc_multicauchy.c.o
      [674/1162] Compiling C object scipy/stats/_unuran/unuran_wrapper.cpython-314-aarch64-linux-android.so.p/.._.._.._subprojects_unuran_unuran_src_distributions_vc_multiexponential.c.o
      [675/1162] Compiling C object scipy/stats/_unuran/unuran_wrapper.cpython-314-aarch64-linux-android.so.p/.._.._.._subprojects_unuran_unuran_src_distributions_vc_multinormal.c.o
      [676/1162] Compiling C object scipy/stats/_unuran/unuran_wrapper.cpython-314-aarch64-linux-android.so.p/.._.._.._subprojects_unuran_unuran_src_distributions_vc_multinormal_gen.c.o
      [677/1162] Compiling C object scipy/stats/_unuran/unuran_wrapper.cpython-314-aarch64-linux-android.so.p/.._.._.._subprojects_unuran_unuran_src_distributions_vc_multistudent.c.o
      [678/1162] Compiling C object scipy/stats/_unuran/unuran_wrapper.cpython-314-aarch64-linux-android.so.p/.._.._.._subprojects_unuran_unuran_src_methods_auto.c.o
      [679/1162] Compiling C object scipy/stats/_unuran/unuran_wrapper.cpython-314-aarch64-linux-android.so.p/.._.._.._subprojects_unuran_unuran_src_methods_ars.c.o
      [680/1162] Compiling C object scipy/stats/_unuran/unuran_wrapper.cpython-314-aarch64-linux-android.so.p/.._.._.._subprojects_unuran_unuran_src_methods_arou.c.o
      [681/1162] Compiling C object scipy/stats/_unuran/unuran_wrapper.cpython-314-aarch64-linux-android.so.p/.._.._.._subprojects_unuran_unuran_src_methods_cext.c.o
      [682/1162] Compiling C++ object scipy/special/_ufuncs_cxx.cpython-314-aarch64-linux-android.so.p/meson-generated__ufuncs_cxx.cpp.o
      [683/1162] Compiling C object scipy/stats/_unuran/unuran_wrapper.cpython-314-aarch64-linux-android.so.p/.._.._.._subprojects_unuran_unuran_src_methods_cstd.c.o
      [684/1162] Compiling C object scipy/stats/_unuran/unuran_wrapper.cpython-314-aarch64-linux-android.so.p/.._.._.._subprojects_unuran_unuran_src_methods_dau.c.o
      [685/1162] Compiling C object scipy/stats/_unuran/unuran_wrapper.cpython-314-aarch64-linux-android.so.p/.._.._.._subprojects_unuran_unuran_src_methods_dari.c.o
      [686/1162] Compiling C object scipy/stats/_unuran/unuran_wrapper.cpython-314-aarch64-linux-android.so.p/.._.._.._subprojects_unuran_unuran_src_methods_dext.c.o
      [687/1162] Compiling C object scipy/stats/_unuran/unuran_wrapper.cpython-314-aarch64-linux-android.so.p/.._.._.._subprojects_unuran_unuran_src_methods_dgt.c.o
      [688/1162] Compiling C object scipy/stats/_unuran/unuran_wrapper.cpython-314-aarch64-linux-android.so.p/.._.._.._subprojects_unuran_unuran_src_methods_dss.c.o
      [689/1162] Compiling C object scipy/stats/_unuran/unuran_wrapper.cpython-314-aarch64-linux-android.so.p/.._.._.._subprojects_unuran_unuran_src_methods_dsrou.c.o
      [690/1162] Compiling C object scipy/stats/_unuran/unuran_wrapper.cpython-314-aarch64-linux-android.so.p/.._.._.._subprojects_unuran_unuran_src_methods_dstd.c.o
      [691/1162] Compiling C object scipy/stats/_unuran/unuran_wrapper.cpython-314-aarch64-linux-android.so.p/.._.._.._subprojects_unuran_unuran_src_methods_empl.c.o
      [692/1162] Compiling C object scipy/stats/_unuran/unuran_wrapper.cpython-314-aarch64-linux-android.so.p/.._.._.._subprojects_unuran_unuran_src_methods_empk.c.o
      [693/1162] Compiling C object scipy/stats/_unuran/unuran_wrapper.cpython-314-aarch64-linux-android.so.p/.._.._.._subprojects_unuran_unuran_src_methods_hist.c.o
      [694/1162] Compiling C object scipy/stats/_unuran/unuran_wrapper.cpython-314-aarch64-linux-android.so.p/.._.._.._subprojects_unuran_unuran_src_methods_gibbs.c.o
      [695/1162] Compiling C object scipy/stats/_unuran/unuran_wrapper.cpython-314-aarch64-linux-android.so.p/.._.._.._subprojects_unuran_unuran_src_methods_hrb.c.o
      [696/1162] Compiling C object scipy/stats/_unuran/unuran_wrapper.cpython-314-aarch64-linux-android.so.p/.._.._.._subprojects_unuran_unuran_src_methods_hrd.c.o
      [697/1162] Compiling C object scipy/stats/_unuran/unuran_wrapper.cpython-314-aarch64-linux-android.so.p/.._.._.._subprojects_unuran_unuran_src_methods_hinv.c.o
      [698/1162] Compiling C object scipy/stats/_stats.cpython-314-aarch64-linux-android.so.p/meson-generated__stats.c.o
      [699/1162] Compiling C object scipy/stats/_unuran/unuran_wrapper.cpython-314-aarch64-linux-android.so.p/.._.._.._subprojects_unuran_unuran_src_methods_hri.c.o
      [700/1162] Compiling C object scipy/stats/_unuran/unuran_wrapper.cpython-314-aarch64-linux-android.so.p/.._.._.._subprojects_unuran_unuran_src_methods_hitro.c.o
      [701/1162] Compiling C object scipy/stats/_unuran/unuran_wrapper.cpython-314-aarch64-linux-android.so.p/.._.._.._subprojects_unuran_unuran_src_methods_mvstd.c.o
      [702/1162] Compiling C object scipy/stats/_unuran/unuran_wrapper.cpython-314-aarch64-linux-android.so.p/.._.._.._subprojects_unuran_unuran_src_methods_mixt.c.o
      [703/1162] Compiling C object scipy/stats/_unuran/unuran_wrapper.cpython-314-aarch64-linux-android.so.p/.._.._.._subprojects_unuran_unuran_src_methods_itdr.c.o
      [704/1162] Compiling C object scipy/stats/_unuran/unuran_wrapper.cpython-314-aarch64-linux-android.so.p/.._.._.._subprojects_unuran_unuran_src_methods_mcorr.c.o
      [705/1162] Compiling C object scipy/stats/_unuran/unuran_wrapper.cpython-314-aarch64-linux-android.so.p/.._.._.._subprojects_unuran_unuran_src_methods_norta.c.o
      [706/1162] Compiling C object scipy/stats/_unuran/unuran_wrapper.cpython-314-aarch64-linux-android.so.p/.._.._.._subprojects_unuran_unuran_src_methods_nrou.c.o
      [707/1162] Compiling C object scipy/stats/_unuran/unuran_wrapper.cpython-314-aarch64-linux-android.so.p/.._.._.._subprojects_unuran_unuran_src_methods_ninv.c.o
      [708/1162] Compiling C object scipy/stats/_unuran/unuran_wrapper.cpython-314-aarch64-linux-android.so.p/.._.._.._subprojects_unuran_unuran_src_methods_srou.c.o
      [709/1162] Compiling C object scipy/stats/_unuran/unuran_wrapper.cpython-314-aarch64-linux-android.so.p/.._.._.._subprojects_unuran_unuran_src_methods_ssr.c.o
      [710/1162] Compiling C object scipy/stats/_unuran/unuran_wrapper.cpython-314-aarch64-linux-android.so.p/.._.._.._subprojects_unuran_unuran_src_methods_mvtdr.c.o
      [711/1162] Compiling C object scipy/stats/_unuran/unuran_wrapper.cpython-314-aarch64-linux-android.so.p/.._.._.._subprojects_unuran_unuran_src_methods_unif.c.o
      [712/1162] Compiling C object scipy/stats/_unuran/unuran_wrapper.cpython-314-aarch64-linux-android.so.p/.._.._.._subprojects_unuran_unuran_src_methods_vempk.c.o
      [713/1162] Compiling C object scipy/stats/_unuran/unuran_wrapper.cpython-314-aarch64-linux-android.so.p/.._.._.._subprojects_unuran_unuran_src_methods_pinv.c.o
      [714/1162] Compiling C object scipy/stats/_unuran/unuran_wrapper.cpython-314-aarch64-linux-android.so.p/.._.._.._subprojects_unuran_unuran_src_methods_utdr.c.o
      [715/1162] Compiling C object scipy/stats/_unuran/unuran_wrapper.cpython-314-aarch64-linux-android.so.p/.._.._.._subprojects_unuran_unuran_src_methods_tabl.c.o
      [716/1162] Compiling C object scipy/stats/_unuran/unuran_wrapper.cpython-314-aarch64-linux-android.so.p/.._.._.._subprojects_unuran_unuran_src_parser_parser.c.o
      [717/1162] Compiling C object scipy/stats/_unuran/unuran_wrapper.cpython-314-aarch64-linux-android.so.p/.._.._.._subprojects_unuran_unuran_src_methods_vnrou.c.o
      [718/1162] Compiling C object scipy/stats/_unuran/unuran_wrapper.cpython-314-aarch64-linux-android.so.p/.._.._.._subprojects_unuran_unuran_src_methods_x_gen.c.o
      [719/1162] Compiling C object scipy/stats/_unuran/unuran_wrapper.cpython-314-aarch64-linux-android.so.p/.._.._.._subprojects_unuran_unuran_src_specfunct_bessel_asympt.c.o
      [720/1162] Compiling C object scipy/stats/_unuran/unuran_wrapper.cpython-314-aarch64-linux-android.so.p/.._.._.._subprojects_unuran_unuran_src_specfunct_cephes_gamma.c.o
      [721/1162] Compiling C object scipy/stats/_unuran/unuran_wrapper.cpython-314-aarch64-linux-android.so.p/.._.._.._subprojects_unuran_unuran_src_specfunct_cephes_igam.c.o
      [722/1162] Compiling C object scipy/stats/_unuran/unuran_wrapper.cpython-314-aarch64-linux-android.so.p/.._.._.._subprojects_unuran_unuran_src_specfunct_cephes_incbet.c.o
      [723/1162] Compiling C object scipy/stats/_unuran/unuran_wrapper.cpython-314-aarch64-linux-android.so.p/.._.._.._subprojects_unuran_unuran_src_specfunct_cephes_ndtr.c.o
      [724/1162] Compiling C object scipy/stats/_unuran/unuran_wrapper.cpython-314-aarch64-linux-android.so.p/.._.._.._subprojects_unuran_unuran_src_specfunct_cephes_ndtri.c.o
      [725/1162] Compiling C object scipy/stats/_unuran/unuran_wrapper.cpython-314-aarch64-linux-android.so.p/.._.._.._subprojects_unuran_unuran_src_parser_functparser.c.o
      [726/1162] Compiling C object scipy/stats/_unuran/unuran_wrapper.cpython-314-aarch64-linux-android.so.p/.._.._.._subprojects_unuran_unuran_src_methods_tdr.c.o
      [727/1162] Compiling C object scipy/stats/_unuran/unuran_wrapper.cpython-314-aarch64-linux-android.so.p/.._.._.._subprojects_unuran_unuran_src_specfunct_cephes_polevl.c.o
      [728/1162] Compiling C object scipy/stats/_unuran/unuran_wrapper.cpython-314-aarch64-linux-android.so.p/.._.._.._subprojects_unuran_unuran_src_specfunct_cgamma.c.o
      [729/1162] Compiling C object scipy/stats/_unuran/unuran_wrapper.cpython-314-aarch64-linux-android.so.p/.._.._.._subprojects_unuran_unuran_src_specfunct_hypot.c.o
      [730/1162] Compiling C object scipy/stats/_unuran/unuran_wrapper.cpython-314-aarch64-linux-android.so.p/.._.._.._subprojects_unuran_unuran_src_tests_correlation.c.o
      [731/1162] Compiling C object scipy/stats/_unuran/unuran_wrapper.cpython-314-aarch64-linux-android.so.p/.._.._.._subprojects_unuran_unuran_src_tests_counturn.c.o
      [732/1162] Compiling C object scipy/stats/_unuran/unuran_wrapper.cpython-314-aarch64-linux-android.so.p/.._.._.._subprojects_unuran_unuran_src_parser_stringparser.c.o
      [733/1162] Compiling C object scipy/stats/_unuran/unuran_wrapper.cpython-314-aarch64-linux-android.so.p/.._.._.._subprojects_unuran_unuran_src_tests_countpdf.c.o
      [734/1162] Compiling C object scipy/stats/_unuran/unuran_wrapper.cpython-314-aarch64-linux-android.so.p/.._.._.._subprojects_unuran_unuran_src_tests_chi2test.c.o
      [735/1162] Compiling C object scipy/stats/_unuran/unuran_wrapper.cpython-314-aarch64-linux-android.so.p/.._.._.._subprojects_unuran_unuran_src_tests_moments.c.o
      [736/1162] Compiling C object scipy/stats/_unuran/unuran_wrapper.cpython-314-aarch64-linux-android.so.p/.._.._.._subprojects_unuran_unuran_src_tests_inverror.c.o
      [737/1162] Compiling C object scipy/stats/_unuran/unuran_wrapper.cpython-314-aarch64-linux-android.so.p/.._.._.._subprojects_unuran_unuran_src_tests_printsample.c.o
      [738/1162] Compiling C object scipy/stats/_unuran/unuran_wrapper.cpython-314-aarch64-linux-android.so.p/.._.._.._subprojects_unuran_unuran_src_tests_quantiles.c.o
      [739/1162] Compiling C object scipy/stats/_unuran/unuran_wrapper.cpython-314-aarch64-linux-android.so.p/.._.._.._subprojects_unuran_unuran_src_tests_tests.c.o
      [740/1162] Compiling C object scipy/stats/_unuran/unuran_wrapper.cpython-314-aarch64-linux-android.so.p/.._.._.._subprojects_unuran_unuran_src_urng_urng.c.o
      [741/1162] Compiling C object scipy/stats/_unuran/unuran_wrapper.cpython-314-aarch64-linux-android.so.p/.._.._.._subprojects_unuran_unuran_src_urng_urng_default.c.o
      [742/1162] Compiling C object scipy/stats/_unuran/unuran_wrapper.cpython-314-aarch64-linux-android.so.p/.._.._.._subprojects_unuran_unuran_src_urng_urng_set.c.o
      [743/1162] Compiling C object scipy/stats/_unuran/unuran_wrapper.cpython-314-aarch64-linux-android.so.p/.._.._.._subprojects_unuran_unuran_src_utils_debug.c.o
      [744/1162] Compiling C object scipy/stats/_unuran/unuran_wrapper.cpython-314-aarch64-linux-android.so.p/.._.._.._subprojects_unuran_unuran_src_tests_timing.c.o
      [745/1162] Compiling C object scipy/stats/_unuran/unuran_wrapper.cpython-314-aarch64-linux-android.so.p/.._.._.._subprojects_unuran_unuran_src_urng_urng_unuran.c.o
      [746/1162] Compiling C object scipy/stats/_unuran/unuran_wrapper.cpython-314-aarch64-linux-android.so.p/.._.._.._subprojects_unuran_unuran_src_utils_error.c.o
      [747/1162] Compiling C object scipy/stats/_unuran/unuran_wrapper.cpython-314-aarch64-linux-android.so.p/.._.._.._subprojects_unuran_unuran_src_utils_hooke.c.o
      [748/1162] Compiling C object scipy/stats/_unuran/unuran_wrapper.cpython-314-aarch64-linux-android.so.p/.._.._.._subprojects_unuran_unuran_src_utils_fmax.c.o
      [749/1162] Compiling C object scipy/stats/_unuran/unuran_wrapper.cpython-314-aarch64-linux-android.so.p/.._.._.._subprojects_unuran_unuran_src_utils_mrou_rectangle.c.o
      [750/1162] Compiling C object scipy/stats/_unuran/unuran_wrapper.cpython-314-aarch64-linux-android.so.p/.._.._.._subprojects_unuran_unuran_src_utils_slist.c.o
      [751/1162] Compiling C object scipy/stats/_unuran/unuran_wrapper.cpython-314-aarch64-linux-android.so.p/.._.._.._subprojects_unuran_unuran_src_utils_lobatto.c.o
      [752/1162] Compiling C object scipy/stats/_unuran/unuran_wrapper.cpython-314-aarch64-linux-android.so.p/.._.._.._subprojects_unuran_unuran_src_utils_matrix.c.o
      [753/1162] Compiling C object scipy/stats/_unuran/unuran_wrapper.cpython-314-aarch64-linux-android.so.p/.._.._.._subprojects_unuran_unuran_src_utils_eigensystem.c.o
      [754/1162] Compiling C object scipy/special/cython_special.cpython-314-aarch64-linux-android.so.p/meson-generated_cython_special.c.o
      [755/1162] Compiling C object scipy/stats/_unuran/unuran_wrapper.cpython-314-aarch64-linux-android.so.p/.._.._.._subprojects_unuran_unuran_src_utils_umalloc.c.o
      [756/1162] Compiling C object scipy/stats/_unuran/unuran_wrapper.cpython-314-aarch64-linux-android.so.p/.._.._.._subprojects_unuran_unuran_src_utils_stream.c.o
      [757/1162] Compiling C object scipy/stats/_unuran/unuran_wrapper.cpython-314-aarch64-linux-android.so.p/.._.._.._subprojects_unuran_unuran_src_utils_string.c.o
      [758/1162] Compiling C object scipy/stats/_unuran/unuran_wrapper.cpython-314-aarch64-linux-android.so.p/.._.._.._subprojects_unuran_unuran_src_utils_umath.c.o
      [759/1162] Compiling C object scipy/stats/_unuran/unuran_wrapper.cpython-314-aarch64-linux-android.so.p/.._.._.._subprojects_unuran_unuran_src_utils_unur_fp.c.o
      [760/1162] Compiling C object scipy/stats/_rcont/rcont.cpython-314-aarch64-linux-android.so.p/.._libnpyrandom_logfactorial.c.o
      [761/1162] Compiling C object scipy/stats/_unuran/unuran_wrapper.cpython-314-aarch64-linux-android.so.p/.._.._.._subprojects_unuran_unuran_src_utils_vector.c.o
      [762/1162] Compiling C object scipy/stats/_rcont/rcont.cpython-314-aarch64-linux-android.so.p/_rcont.c.o
      [763/1162] Compiling C object scipy/stats/_rcont/rcont.cpython-314-aarch64-linux-android.so.p/.._libnpyrandom_distributions.c.o
      [764/1162] Compiling C object scipy/stats/_unuran/unuran_wrapper.cpython-314-aarch64-linux-android.so.p/meson-generated_unuran_wrapper.c.o
      [765/1162] Compiling C object scipy/stats/_rcont/rcont.cpython-314-aarch64-linux-android.so.p/meson-generated_rcont.c.o
      [766/1162] Compiling C++ object scipy/fft/_duccfft/pyduccfft.cpython-314-aarch64-linux-android.so.p/.._.._.._subprojects_duccfft_ducc0_infra_threading.cc.o
      FAILED: [code=1] scipy/fft/_duccfft/pyduccfft.cpython-314-aarch64-linux-android.so.p/.._.._.._subprojects_duccfft_ducc0_infra_threading.cc.o
      clang++ -Iscipy/fft/_duccfft/pyduccfft.cpython-314-aarch64-linux-android.so.p -Iscipy/fft/_duccfft -I../scipy/fft/_duccfft -Isubprojects/duccfft -I../subprojects/duccfft -I/data/data/com.termux/files/usr/include/python3.14 -I/data/data/com.termux/files/usr/tmp/pip-build-env-kqd8uckh/overlay/lib/python3.14/site-packages/pybind11/include -fvisibility=hidden -fvisibility-inlines-hidden -fdiagnostics-color=always -DNDEBUG -D_FILE_OFFSET_BITS=64 -Wall -Winvalid-pch -std=c++17 -O3 -fPIC -fPIC -pthread -MD -MQ scipy/fft/_duccfft/pyduccfft.cpython-314-aarch64-linux-android.so.p/.._.._.._subprojects_duccfft_ducc0_infra_threading.cc.o -MF scipy/fft/_duccfft/pyduccfft.cpython-314-aarch64-linux-android.so.p/.._.._.._subprojects_duccfft_ducc0_infra_threading.cc.o.d -o scipy/fft/_duccfft/pyduccfft.cpython-314-aarch64-linux-android.so.p/.._.._.._subprojects_duccfft_ducc0_infra_threading.cc.o -c ../subprojects/duccfft/ducc0/infra/threading.cc
      ../subprojects/duccfft/ducc0/infra/threading.cc:117:5: error: use of undeclared identifier 'pthread_getaffinity_np'; did you mean 'sched_getaffinity'?
        117 |     pthread_getaffinity_np(pthread_self(), sizeof(cpuset), &cpuset);
            |     ^~~~~~~~~~~~~~~~~~~~~~
            |     sched_getaffinity
      /data/data/com.termux/files/usr/bin/../../usr/include/sched.h:237:5: note: 'sched_getaffinity' declared here
        237 | int sched_getaffinity(pid_t __pid, size_t __set_size, cpu_set_t* _Nonnull __set);
            |     ^
      ../subprojects/duccfft/ducc0/infra/threading.cc:215:3: error: use of undeclared identifier 'pthread_setaffinity_np'; did you mean 'sched_setaffinity'?
        215 |   pthread_setaffinity_np(pthread_self(), sizeof(cpuset), &cpuset);
            |   ^~~~~~~~~~~~~~~~~~~~~~
            |   sched_setaffinity
      /data/data/com.termux/files/usr/bin/../../usr/include/sched.h:229:5: note: 'sched_setaffinity' declared here
        229 | int sched_setaffinity(pid_t __pid, size_t __set_size, const cpu_set_t* _Nonnull __set);
            |     ^
      2 errors generated.
      [767/1162] Compiling C object scipy/io/matlab/_mio_utils.cpython-314-aarch64-linux-android.so.p/meson-generated__mio_utils.c.o
      [768/1162] Compiling C object scipy/io/matlab/_streams.cpython-314-aarch64-linux-android.so.p/meson-generated__streams.c.o
      [769/1162] Compiling C++ object scipy/fft/_duccfft/pyduccfft.cpython-314-aarch64-linux-android.so.p/.._.._.._subprojects_duccfft_ducc0_infra_mav.cc.o
      [770/1162] Compiling C++ object scipy/fft/_duccfft/pyduccfft.cpython-314-aarch64-linux-android.so.p/.._.._.._subprojects_duccfft_ducc0_infra_string_utils.cc.o
      [771/1162] Compiling C object scipy/io/matlab/_mio5_utils.cpython-314-aarch64-linux-android.so.p/meson-generated__mio5_utils.c.o
      [772/1162] Compiling C++ object scipy/stats/_stats_pythran.cpython-314-aarch64-linux-android.so.p/meson-generated__stats_pythran.cpp.o
      [773/1162] Compiling C++ object scipy/sparse/sparsetools/_sparsetools.cpython-314-aarch64-linux-android.so.p/csr.cxx.o
      [774/1162] Compiling C++ object scipy/sparse/sparsetools/_sparsetools.cpython-314-aarch64-linux-android.so.p/bsr.cxx.o
      [775/1162] Compiling C++ object scipy/fft/_duccfft/pyduccfft.cpython-314-aarch64-linux-android.so.p/pyduccfft.cxx.o
      ninja: build stopped: subcommand failed.
      [end of output]
  
  note: This error originates from a subprocess, and is likely not a problem with pip.
error: metadata-generation-failed

× Encountered error while generating package metadata.
╰─> scipy

note: This is an issue with the package mentioned above, not pip.
hint: See above for details.
